{
	"type": "FeatureCollection",
	"features": [
		{
			"type": "Feature",
			"properties": {
				"name": "Kabupaten Situbondo",
				"source": "OpenStreetMap Nominatim",
				"osm_id": 9674160
			},
			"geometry": {
				"type": "MultiPolygon",
				"coordinates": [
					[
						[
							[
								113.5725325,
								-7.7414046
							],
							[
								113.5725554,
								-7.7420679
							],
							[
								113.5727004,
								-7.742632
							],
							[
								113.573242,
								-7.7443887
							],
							[
								113.5732427,
								-7.74439
							],
							[
								113.5737074,
								-7.7452775
							],
							[
								113.5742262,
								-7.7460133
							],
							[
								113.5746306,
								-7.7467919
							],
							[
								113.575096,
								-7.7476869
							],
							[
								113.575508,
								-7.7483268
							],
							[
								113.575775,
								-7.748961
							],
							[
								113.5759886,
								-7.7495099
							],
							[
								113.5762328,
								-7.7500001
							],
							[
								113.576393,
								-7.7561956
							],
							[
								113.5775298,
								-7.7570053
							],
							[
								113.5795668,
								-7.7579394
							],
							[
								113.5859144,
								-7.7609721
							],
							[
								113.5863341,
								-7.7611991
							],
							[
								113.5869216,
								-7.7615786
							],
							[
								113.5869673,
								-7.7616082
							],
							[
								113.5877531,
								-7.7620087
							],
							[
								113.5883025,
								-7.7622677
							],
							[
								113.5884474,
								-7.7623401
							],
							[
								113.5889357,
								-7.7626243
							],
							[
								113.5892104,
								-7.7628093
							],
							[
								113.5894926,
								-7.7630673
							],
							[
								113.5896224,
								-7.7631889
							],
							[
								113.5898512,
								-7.7633382
							],
							[
								113.5902709,
								-7.7634745
							],
							[
								113.5903853,
								-7.7634993
							],
							[
								113.5904921,
								-7.7635384
							],
							[
								113.5911711,
								-7.7641083
							],
							[
								113.5913008,
								-7.7642265
							],
							[
								113.5915526,
								-7.764475
							],
							[
								113.5915831,
								-7.7645007
							],
							[
								113.5918349,
								-7.7646661
							],
							[
								113.5920485,
								-7.7648092
							],
							[
								113.5923461,
								-7.765112
							],
							[
								113.5924758,
								-7.7652694
							],
							[
								113.5925063,
								-7.7653008
							],
							[
								113.5927656,
								-7.7655416
							],
							[
								113.5928496,
								-7.7656108
							],
							[
								113.5929793,
								-7.7657252
							],
							[
								113.5930937,
								-7.7658344
							],
							[
								113.5932692,
								-7.7660361
							],
							[
								113.5933608,
								-7.7661839
							],
							[
								113.5934676,
								-7.7664128
							],
							[
								113.5936583,
								-7.7667952
							],
							[
								113.5936964,
								-7.7668649
							],
							[
								113.5938872,
								-7.7672272
							],
							[
								113.5940093,
								-7.7673965
							],
							[
								113.5941466,
								-7.7675934
							],
							[
								113.5944213,
								-7.767912
							],
							[
								113.5946882,
								-7.76825
							],
							[
								113.5948714,
								-7.7685123
							],
							[
								113.5951003,
								-7.7688542
							],
							[
								113.5951231,
								-7.7688795
							],
							[
								113.5953063,
								-7.769146
							],
							[
								113.5953215,
								-7.7691642
							],
							[
								113.5954588,
								-7.7692819
							],
							[
								113.5957106,
								-7.7694545
							],
							[
								113.5957945,
								-7.7695103
							],
							[
								113.5963057,
								-7.7697492
							],
							[
								113.5963744,
								-7.7697783
							],
							[
								113.5965651,
								-7.7698413
							],
							[
								113.5966109,
								-7.7698494
							],
							[
								113.5971297,
								-7.7700811
							],
							[
								113.5975035,
								-7.7703167
							],
							[
								113.5978316,
								-7.7705332
							],
							[
								113.5982359,
								-7.7708512
							],
							[
								113.5984114,
								-7.7710429
							],
							[
								113.5984801,
								-7.7711497
							],
							[
								113.5987776,
								-7.7717696
							],
							[
								113.5988234,
								-7.7718735
							],
							[
								113.5989684,
								-7.7725387
							],
							[
								113.5989912,
								-7.772698
							],
							[
								113.5990523,
								-7.7729021
							],
							[
								113.5991438,
								-7.7731276
							],
							[
								113.5992201,
								-7.7733184
							],
							[
								113.5992354,
								-7.7733618
							],
							[
								113.5993193,
								-7.7735701
							],
							[
								113.5994109,
								-7.7737132
							],
							[
								113.5995634,
								-7.7739392
							],
							[
								113.5995863,
								-7.7739664
							],
							[
								113.5997847,
								-7.7742081
							],
							[
								113.5998,
								-7.7742296
							],
							[
								113.5999526,
								-7.7744308
							],
							[
								113.6001051,
								-7.774622
							],
							[
								113.6001204,
								-7.774642
							],
							[
								113.6002577,
								-7.7747999
							],
							[
								113.6003874,
								-7.7749458
							],
							[
								113.6004332,
								-7.7749978
							],
							[
								113.6005782,
								-7.7751499
							],
							[
								113.6007079,
								-7.7753049
							],
							[
								113.6007024,
								-7.7753245
							],
							[
								113.6006544,
								-7.775497
							],
							[
								113.6006468,
								-7.7755738
							],
							[
								113.6006239,
								-7.7758151
							],
							[
								113.6005782,
								-7.7761074
							],
							[
								113.6005782,
								-7.7761331
							],
							[
								113.6005553,
								-7.7762633
							],
							[
								113.6005324,
								-7.7763935
							],
							[
								113.6005247,
								-7.7764178
							],
							[
								113.6005019,
								-7.776546
							],
							[
								113.6004943,
								-7.776702
							],
							[
								113.6004943,
								-7.7767802
							],
							[
								113.6005171,
								-7.776836
							],
							[
								113.6006316,
								-7.7770139
							],
							[
								113.6008452,
								-7.7772599
							],
							[
								113.6011656,
								-7.7776676
							],
							[
								113.601425,
								-7.7781449
							],
							[
								113.6015394,
								-7.7784601
							],
							[
								113.6016386,
								-7.7789589
							],
							[
								113.6017607,
								-7.7795583
							],
							[
								113.6018828,
								-7.7798854
							],
							[
								113.6018981,
								-7.7799402
							],
							[
								113.6019514,
								-7.7800885
							],
							[
								113.6019743,
								-7.7801457
							],
							[
								113.6020659,
								-7.7802473
							],
							[
								113.6021879,
								-7.7803808
							],
							[
								113.6022261,
								-7.7804857
							],
							[
								113.6023329,
								-7.7808352
							],
							[
								113.6024245,
								-7.781117
							],
							[
								113.6025618,
								-7.78152
							],
							[
								113.602661,
								-7.7818704
							],
							[
								113.6026991,
								-7.7823706
							],
							[
								113.6027067,
								-7.7824169
							],
							[
								113.6027831,
								-7.7827178
							],
							[
								113.6028212,
								-7.7828422
							],
							[
								113.602867,
								-7.7830577
							],
							[
								113.6028593,
								-7.7831784
							],
							[
								113.6028441,
								-7.7832022
							],
							[
								113.6026991,
								-7.7833386
							],
							[
								113.6026457,
								-7.7833791
							],
							[
								113.6024016,
								-7.7835165
							],
							[
								113.6022337,
								-7.7836686
							],
							[
								113.6021956,
								-7.7837244
							],
							[
								113.6020888,
								-7.7838903
							],
							[
								113.6019743,
								-7.7840739
							],
							[
								113.6018599,
								-7.7842332
							],
							[
								113.6017073,
								-7.7845221
							],
							[
								113.6015852,
								-7.7847996
							],
							[
								113.6015478,
								-7.78503
							],
							[
								113.6015471,
								-7.7850342
							],
							[
								113.6015471,
								-7.7851072
							],
							[
								113.6015929,
								-7.7852927
							],
							[
								113.601631,
								-7.7853976
							],
							[
								113.6017149,
								-7.7855154
							],
							[
								113.6017531,
								-7.7855607
							],
							[
								113.6019057,
								-7.7857981
							],
							[
								113.6019667,
								-7.7859054
							],
							[
								113.6020811,
								-7.7861829
							],
							[
								113.6021422,
								-7.7864447
							],
							[
								113.6021727,
								-7.787026
							],
							[
								113.6022337,
								-7.787334
							],
							[
								113.6022795,
								-7.787583
							],
							[
								113.6022414,
								-7.7878981
							],
							[
								113.6021117,
								-7.7882005
							],
							[
								113.6018523,
								-7.7886167
							],
							[
								113.6017836,
								-7.7887555
							],
							[
								113.601776,
								-7.7888933
							],
							[
								113.6018446,
								-7.7890797
							],
							[
								113.602043,
								-7.7892967
							],
							[
								113.6023177,
								-7.789547
							],
							[
								113.602516,
								-7.7897888
							],
							[
								113.6025313,
								-7.789816
							],
							[
								113.6026457,
								-7.7901574
							],
							[
								113.6027525,
								-7.7904411
							],
							[
								113.6027907,
								-7.7905217
							],
							[
								113.6029204,
								-7.7907096
							],
							[
								113.6030043,
								-7.7908135
							],
							[
								113.603134,
								-7.7910305
							],
							[
								113.6031874,
								-7.7911797
							],
							[
								113.6031798,
								-7.7913185
							],
							[
								113.6030272,
								-7.7917719
							],
							[
								113.602928,
								-7.7921649
							],
							[
								113.6028899,
								-7.7925826
							],
							[
								113.6029509,
								-7.7929855
							],
							[
								113.6032713,
								-7.7937961
							],
							[
								113.6033858,
								-7.7940264
							],
							[
								113.6035155,
								-7.7942143
							],
							[
								113.6036299,
								-7.7943988
							],
							[
								113.6037672,
								-7.7946997
							],
							[
								113.6037978,
								-7.7947751
							],
							[
								113.6039198,
								-7.795271
							],
							[
								113.604019,
								-7.795971
							],
							[
								113.6041334,
								-7.7963686
							],
							[
								113.6041945,
								-7.7965451
							],
							[
								113.6042784,
								-7.7969442
							],
							[
								113.604286,
								-7.7971931
							],
							[
								113.604164,
								-7.7977143
							],
							[
								113.6041487,
								-7.7977691
							],
							[
								113.6041334,
								-7.7977973
							],
							[
								113.6041106,
								-7.7979031
							],
							[
								113.6040572,
								-7.7981396
							],
							[
								113.6040495,
								-7.7982088
							],
							[
								113.6040548,
								-7.7982097
							],
							[
								113.6043242,
								-7.798256
							],
							[
								113.6046218,
								-7.7983847
							],
							[
								113.6047896,
								-7.7984649
							],
							[
								113.6056517,
								-7.7987686
							],
							[
								113.6059492,
								-7.7988558
							],
							[
								113.6060866,
								-7.7989388
							],
							[
								113.6059416,
								-7.7990738
							],
							[
								113.605934,
								-7.7991253
							],
							[
								113.605789,
								-7.7992879
							],
							[
								113.6057585,
								-7.7993279
							],
							[
								113.6057433,
								-7.799358
							],
							[
								113.6056975,
								-7.7994276
							],
							[
								113.6056517,
								-7.7994757
							],
							[
								113.6056288,
								-7.7994929
							],
							[
								113.605583,
								-7.7995234
							],
							[
								113.6055449,
								-7.7995639
							],
							[
								113.6054915,
								-7.7995983
							],
							[
								113.6054457,
								-7.7996279
							],
							[
								113.6053771,
								-7.7996574
							],
							[
								113.6053084,
								-7.7996893
							],
							[
								113.6052245,
								-7.7997151
							],
							[
								113.6051329,
								-7.7997432
							],
							[
								113.6050413,
								-7.7997676
							],
							[
								113.6049574,
								-7.799789
							],
							[
								113.6048735,
								-7.7998162
							],
							[
								113.6047819,
								-7.7998534
							],
							[
								113.6046828,
								-7.799903
							],
							[
								113.6046065,
								-7.7999611
							],
							[
								113.6045149,
								-7.8000432
							],
							[
								113.6044386,
								-7.8001042
							],
							[
								113.60437,
								-7.80019
							],
							[
								113.6042937,
								-7.8002997
							],
							[
								113.6042097,
								-7.8004242
							],
							[
								113.6041334,
								-7.8005253
							],
							[
								113.6039656,
								-7.8007064
							],
							[
								113.6038817,
								-7.8007837
							],
							[
								113.6036528,
								-7.8009802
							],
							[
								113.6033476,
								-7.8012009
							],
							[
								113.6031187,
								-7.8013945
							],
							[
								113.6029814,
								-7.801498
							],
							[
								113.6027831,
								-7.8016253
							],
							[
								113.6025999,
								-7.8017312
							],
							[
								113.6024092,
								-7.8018232
							],
							[
								113.6022414,
								-7.8019133
							],
							[
								113.6020735,
								-7.8020054
							],
							[
								113.6018599,
								-7.8021227
							],
							[
								113.601837,
								-7.802136
							],
							[
								113.6016005,
								-7.8022543
							],
							[
								113.6013487,
								-7.8023725
							],
							[
								113.601158,
								-7.8024445
							],
							[
								113.6009138,
								-7.8025132
							],
							[
								113.6006392,
								-7.8025757
							],
							[
								113.6004027,
								-7.8026238
							],
							[
								113.6001433,
								-7.8026796
							],
							[
								113.5998762,
								-7.8027316
							],
							[
								113.5993956,
								-7.8028341
							],
							[
								113.5992735,
								-7.802868
							],
							[
								113.5986556,
								-7.8030191
							],
							[
								113.5982893,
								-7.8030911
							],
							[
								113.5982588,
								-7.8030959
							],
							[
								113.5978545,
								-7.8031727
							],
							[
								113.5974425,
								-7.803258
							],
							[
								113.5973586,
								-7.8032795
							],
							[
								113.5967711,
								-7.803434
							],
							[
								113.5963744,
								-7.8035059
							],
							[
								113.5959319,
								-7.8035131
							],
							[
								113.5955122,
								-7.8035322
							],
							[
								113.5954131,
								-7.8035412
							],
							[
								113.5951994,
								-7.8035751
							],
							[
								113.5951613,
								-7.8035803
							],
							[
								113.5947722,
								-7.8036514
							],
							[
								113.5944289,
								-7.8037115
							],
							[
								113.5940321,
								-7.8037306
							],
							[
								113.5939558,
								-7.8037329
							],
							[
								113.5933912,
								-7.8037448
							],
							[
								113.5932616,
								-7.8037983
							],
							[
								113.5930174,
								-7.8039914
							],
							[
								113.5928648,
								-7.8042012
							],
							[
								113.5925902,
								-7.8047186
							],
							[
								113.5922316,
								-7.8053127
							],
							[
								113.5921553,
								-7.8054143
							],
							[
								113.5924223,
								-7.8057576
							],
							[
								113.592552,
								-7.8059946
							],
							[
								113.5928191,
								-7.806345
							],
							[
								113.5928419,
								-7.8063732
							],
							[
								113.5930251,
								-7.8065382
							],
							[
								113.5932082,
								-7.8066598
							],
							[
								113.5934981,
								-7.8067561
							],
							[
								113.5936812,
								-7.806881
							],
							[
								113.5937956,
								-7.8070226
							],
							[
								113.5939711,
								-7.8074151
							],
							[
								113.5940474,
								-7.8075834
							],
							[
								113.5942076,
								-7.8076954
							],
							[
								113.5945814,
								-7.8077884
							],
							[
								113.5947493,
								-7.8078314
							],
							[
								113.5950926,
								-7.8080745
							],
							[
								113.595291,
								-7.8081632
							],
							[
								113.5956725,
								-7.8082891
							],
							[
								113.5961836,
								-7.8086353
							],
							[
								113.5964812,
								-7.8088022
							],
							[
								113.5965651,
								-7.8088523
							],
							[
								113.5967634,
								-7.8089724
							],
							[
								113.5971068,
								-7.8088842
							],
							[
								113.5973128,
								-7.8088728
							],
							[
								113.5973891,
								-7.8088914
							],
							[
								113.5978011,
								-7.8092967
							],
							[
								113.5981062,
								-7.8095627
							],
							[
								113.5985335,
								-7.8099476
							],
							[
								113.5989684,
								-7.8104711
							],
							[
								113.5992049,
								-7.8107701
							],
							[
								113.5993193,
								-7.8108888
							],
							[
								113.5999907,
								-7.8113137
							],
							[
								113.6006926,
								-7.8117815
							],
							[
								113.6009215,
								-7.8119374
							],
							[
								113.6010436,
								-7.8120604
							],
							[
								113.6013487,
								-7.8125864
							],
							[
								113.601692,
								-7.8129817
							],
							[
								113.601982,
								-7.8132134
							],
							[
								113.6022108,
								-7.8133441
							],
							[
								113.6024092,
								-7.8134308
							],
							[
								113.6025084,
								-7.813509
							],
							[
								113.6025542,
								-7.8135777
							],
							[
								113.6026991,
								-7.813891
							],
							[
								113.6028746,
								-7.8141547
							],
							[
								113.6031264,
								-7.8145261
							],
							[
								113.6032179,
								-7.8149496
							],
							[
								113.6032332,
								-7.8151446
							],
							[
								113.6033248,
								-7.8154755
							],
							[
								113.6034163,
								-7.8157759
							],
							[
								113.6035384,
								-7.816084
							],
							[
								113.6036528,
								-7.8163415
							],
							[
								113.6037444,
								-7.8164597
							],
							[
								113.6039656,
								-7.8165451
							],
							[
								113.6042555,
								-7.8166333
							],
							[
								113.6044234,
								-7.8167344
							],
							[
								113.6047286,
								-7.8172832
							],
							[
								113.6047743,
								-7.8173748
							],
							[
								113.6047896,
								-7.817401
							],
							[
								113.6049727,
								-7.8177205
							],
							[
								113.6051482,
								-7.817937
							],
							[
								113.6053771,
								-7.8182956
							],
							[
								113.6055754,
								-7.8184853
							],
							[
								113.6057967,
								-7.8186613
							],
							[
								113.6058806,
								-7.8187938
							],
							[
								113.6058806,
								-7.8188248
							],
							[
								113.6058797,
								-7.8188301
							],
							[
								113.6058043,
								-7.8192673
							],
							[
								113.6057738,
								-7.8193675
							],
							[
								113.6057585,
								-7.8194027
							],
							[
								113.6055372,
								-7.819891
							],
							[
								113.6056212,
								-7.8199134
							],
							[
								113.6056669,
								-7.8199263
							],
							[
								113.6061171,
								-7.8202582
							],
							[
								113.6062697,
								-7.8204089
							],
							[
								113.6063917,
								-7.8205534
							],
							[
								113.6064833,
								-7.8206673
							],
							[
								113.6064986,
								-7.8206902
							],
							[
								113.6065672,
								-7.8207799
							],
							[
								113.606613,
								-7.8208729
							],
							[
								113.6066359,
								-7.8209129
							],
							[
								113.6066893,
								-7.820993
							],
							[
								113.6067503,
								-7.8210703
							],
							[
								113.6068342,
								-7.8211656
							],
							[
								113.6069029,
								-7.821241
							],
							[
								113.6069716,
								-7.821322
							],
							[
								113.6070326,
								-7.8214079
							],
							[
								113.6070708,
								-7.8214675
							],
							[
								113.6071089,
								-7.8215342
							],
							[
								113.6071929,
								-7.821621
							],
							[
								113.6072462,
								-7.8216873
							],
							[
								113.6073149,
								-7.8217702
							],
							[
								113.6074141,
								-7.8218604
							],
							[
								113.6075056,
								-7.8219634
							],
							[
								113.6075972,
								-7.8220621
							],
							[
								113.6076887,
								-7.8221345
							],
							[
								113.6077879,
								-7.8222066
							],
							[
								113.6079176,
								-7.822301
							],
							[
								113.6080473,
								-7.8223911
							],
							[
								113.6082076,
								-7.8225051
							],
							[
								113.6083678,
								-7.8225861
							],
							[
								113.6084975,
								-7.8226643
							],
							[
								113.6086348,
								-7.8227564
							],
							[
								113.6087492,
								-7.8228221
							],
							[
								113.6088713,
								-7.8228942
							],
							[
								113.6090315,
								-7.8229838
							],
							[
								113.6090773,
								-7.8230091
							],
							[
								113.6091917,
								-7.8230615
							],
							[
								113.6092757,
								-7.8230911
							],
							[
								113.6093749,
								-7.8231107
							],
							[
								113.6094893,
								-7.8231326
							],
							[
								113.6095961,
								-7.8231526
							],
							[
								113.6097258,
								-7.8231907
							],
							[
								113.6098402,
								-7.8232365
							],
							[
								113.6099242,
								-7.8232651
							],
							[
								113.6100157,
								-7.8232942
							],
							[
								113.6100844,
								-7.8233295
							],
							[
								113.6101683,
								-7.8233834
							],
							[
								113.6102522,
								-7.8234401
							],
							[
								113.6103209,
								-7.8234878
							],
							[
								113.6104124,
								-7.8235431
							],
							[
								113.6105193,
								-7.8235975
							],
							[
								113.6106337,
								-7.8236447
							],
							[
								113.6107252,
								-7.8236848
							],
							[
								113.6108016,
								-7.8237129
							],
							[
								113.6108626,
								-7.823741
							],
							[
								113.6109312,
								-7.8237825
							],
							[
								113.6110152,
								-7.8238269
							],
							[
								113.6110991,
								-7.8238769
							],
							[
								113.611183,
								-7.8239275
							],
							[
								113.6112746,
								-7.8239704
							],
							[
								113.611328,
								-7.8239985
							],
							[
								113.6113814,
								-7.8240185
							],
							[
								113.6114119,
								-7.824029
							],
							[
								113.6113509,
								-7.8245178
							],
							[
								113.6114958,
								-7.8248206
							],
							[
								113.6116484,
								-7.8251997
							],
							[
								113.6108855,
								-7.8269334
							],
							[
								113.6096953,
								-7.8290849
							],
							[
								113.6093977,
								-7.8311601
							],
							[
								113.6091002,
								-7.8325506
							],
							[
								113.6067427,
								-7.8361993
							],
							[
								113.6061705,
								-7.8376494
							],
							[
								113.6061701,
								-7.83765
							],
							[
								113.6033705,
								-7.8416434
							],
							[
								113.6028059,
								-7.8430915
							],
							[
								113.6023482,
								-7.8451558
							],
							[
								113.6023521,
								-7.84516
							],
							[
								113.6049498,
								-7.8479763
							],
							[
								113.6073454,
								-7.8511954
							],
							[
								113.6094893,
								-7.8533879
							],
							[
								113.6089705,
								-7.8570881
							],
							[
								113.6086272,
								-7.8596698
							],
							[
								113.6108626,
								-7.8634305
							],
							[
								113.612541,
								-7.8656517
							],
							[
								113.6152571,
								-7.8691288
							],
							[
								113.615668,
								-7.8699501
							],
							[
								113.6156691,
								-7.8699522
							],
							[
								113.6172789,
								-7.8731666
							],
							[
								113.6178358,
								-7.875
							],
							[
								113.6178664,
								-7.8752347
							],
							[
								113.6178587,
								-7.8754445
							],
							[
								113.6176909,
								-7.8765083
							],
							[
								113.6178664,
								-7.877163
							],
							[
								113.6180037,
								-7.8779083
							],
							[
								113.6180571,
								-7.8783942
							],
							[
								113.6181181,
								-7.8788004
							],
							[
								113.6183241,
								-7.8793441
							],
							[
								113.6183165,
								-7.8798533
							],
							[
								113.6183012,
								-7.8802019
							],
							[
								113.6180113,
								-7.8805729
							],
							[
								113.6174239,
								-7.8811403
							],
							[
								113.6167677,
								-7.8816057
							],
							[
								113.6161574,
								-7.8821054
							],
							[
								113.6156538,
								-7.8827406
							],
							[
								113.615486,
								-7.8832117
							],
							[
								113.6154097,
								-7.8836904
							],
							[
								113.6151884,
								-7.8846079
							],
							[
								113.6151503,
								-7.8847361
							],
							[
								113.615074,
								-7.8857484
							],
							[
								113.6150511,
								-7.8863645
							],
							[
								113.6150969,
								-7.8871294
							],
							[
								113.6153258,
								-7.8874875
							],
							[
								113.6153271,
								-7.8874891
							],
							[
								113.6161116,
								-7.888474
							],
							[
								113.6166686,
								-7.8891378
							],
							[
								113.6174162,
								-7.8896538
							],
							[
								113.6182097,
								-7.8901229
							],
							[
								113.6196828,
								-7.8910166
							],
							[
								113.6198195,
								-7.8910995
							],
							[
								113.6204756,
								-7.8914586
							],
							[
								113.6210478,
								-7.8919201
							],
							[
								113.6216963,
								-7.8925563
							],
							[
								113.622177,
								-7.8932224
							],
							[
								113.6226805,
								-7.8938876
							],
							[
								113.6230772,
								-7.8945399
							],
							[
								113.623329,
								-7.8951197
							],
							[
								113.6234504,
								-7.895539
							],
							[
								113.6234511,
								-7.8955412
							],
							[
								113.6235121,
								-7.8963986
							],
							[
								113.6235503,
								-7.8971839
							],
							[
								113.6237105,
								-7.8978515
							],
							[
								113.623863,
								-7.8986941
							],
							[
								113.6238859,
								-7.8993049
							],
							[
								113.623802,
								-7.9000907
							],
							[
								113.6237334,
								-7.9007745
							],
							[
								113.6235503,
								-7.9018665
							],
							[
								113.6234511,
								-7.9027105
							],
							[
								113.6233824,
								-7.9035254
							],
							[
								113.6233443,
								-7.9046455
							],
							[
								113.6233214,
								-7.9052849
							],
							[
								113.6231917,
								-7.9056788
							],
							[
								113.6228865,
								-7.9060293
							],
							[
								113.6225279,
								-7.9063955
							],
							[
								113.6223372,
								-7.9066439
							],
							[
								113.6222227,
								-7.9069353
							],
							[
								113.6222533,
								-7.9071675
							],
							[
								113.6223137,
								-7.9072893
							],
							[
								113.6223143,
								-7.9072905
							],
							[
								113.622444,
								-7.9075738
							],
							[
								113.6228865,
								-7.9083996
							],
							[
								113.6230696,
								-7.9089513
							],
							[
								113.6234282,
								-7.9097691
							],
							[
								113.6235961,
								-7.9100867
							],
							[
								113.6238097,
								-7.9106112
							],
							[
								113.6242827,
								-7.9117866
							],
							[
								113.6245879,
								-7.9126072
							],
							[
								113.6249617,
								-7.9136749
							],
							[
								113.6249999,
								-7.9138127
							],
							[
								113.6251982,
								-7.914198
							],
							[
								113.6253432,
								-7.9145065
							],
							[
								113.625511,
								-7.914774
							],
							[
								113.625656,
								-7.915
							],
							[
								113.6259688,
								-7.9155555
							],
							[
								113.626274,
								-7.9164539
							],
							[
								113.6262892,
								-7.9170299
							],
							[
								113.6262434,
								-7.9179597
							],
							[
								113.6261672,
								-7.9190465
							],
							[
								113.6260069,
								-7.9202257
							],
							[
								113.6260069,
								-7.9202499
							],
							[
								113.6260069,
								-7.9202528
							],
							[
								113.6259993,
								-7.9209066
							],
							[
								113.6257704,
								-7.92206
							],
							[
								113.6256789,
								-7.922689
							],
							[
								113.6255949,
								-7.9233833
							],
							[
								113.6255187,
								-7.9237371
							],
							[
								113.6254347,
								-7.9240723
							],
							[
								113.625425,
								-7.924085
							],
							[
								113.6252592,
								-7.9243017
							],
							[
								113.6249999,
								-7.9250026
							],
							[
								113.6248396,
								-7.925346
							],
							[
								113.624481,
								-7.9257713
							],
							[
								113.6239165,
								-7.92623
							],
							[
								113.6233366,
								-7.9264999
							],
							[
								113.6225508,
								-7.9267874
							],
							[
								113.621826,
								-7.9269801
							],
							[
								113.6211165,
								-7.9270163
							],
							[
								113.6205443,
								-7.9271813
							],
							[
								113.6205137,
								-7.9271708
							],
							[
								113.6204756,
								-7.9271641
							],
							[
								113.6202315,
								-7.9271651
							],
							[
								113.6200102,
								-7.9272061
							],
							[
								113.6199034,
								-7.9272605
							],
							[
								113.6197432,
								-7.9274078
							],
							[
								113.6196745,
								-7.927516
							],
							[
								113.6195601,
								-7.9277125
							],
							[
								113.6195143,
								-7.9278389
							],
							[
								113.6194533,
								-7.9279724
							],
							[
								113.6193465,
								-7.9282022
							],
							[
								113.6192931,
								-7.9282823
							],
							[
								113.6191862,
								-7.9283982
							],
							[
								113.6190794,
								-7.9285164
							],
							[
								113.6189726,
								-7.9285894
							],
							[
								113.6188811,
								-7.9286223
							],
							[
								113.618759,
								-7.9288383
							],
							[
								113.6184233,
								-7.9294487
							],
							[
								113.6180952,
								-7.9301091
							],
							[
								113.6178206,
								-7.9306913
							],
							[
								113.6175078,
								-7.9313989
							],
							[
								113.6173552,
								-7.9323254
							],
							[
								113.6172331,
								-7.9331728
							],
							[
								113.6172102,
								-7.9337846
							],
							[
								113.6170576,
								-7.9342432
							],
							[
								113.6170271,
								-7.934598
							],
							[
								113.6171034,
								-7.9349952
							],
							[
								113.6173399,
								-7.9353624
							],
							[
								113.6174849,
								-7.9355817
							],
							[
								113.6176451,
								-7.9358354
							],
							[
								113.6177214,
								-7.9359608
							],
							[
								113.6177596,
								-7.9359928
							],
							[
								113.6178358,
								-7.9360452
							],
							[
								113.6178418,
								-7.9360492
							],
							[
								113.6179884,
								-7.9361482
							],
							[
								113.6181334,
								-7.9362441
							],
							[
								113.6182631,
								-7.9363018
							],
							[
								113.6184233,
								-7.936585
							],
							[
								113.6186446,
								-7.9370223
							],
							[
								113.618759,
								-7.9377428
							],
							[
								113.6187972,
								-7.9383703
							],
							[
								113.6186903,
								-7.9389201
							],
							[
								113.6181487,
								-7.9397235
							],
							[
								113.6177901,
								-7.9399696
							],
							[
								113.6173018,
								-7.9402109
							],
							[
								113.6168822,
								-7.9405146
							],
							[
								113.6154631,
								-7.9415641
							],
							[
								113.6150587,
								-7.9418097
							],
							[
								113.6150664,
								-7.9420472
							],
							[
								113.6150511,
								-7.9421097
							],
							[
								113.615013,
								-7.9423895
							],
							[
								113.6149367,
								-7.9426652
							],
							[
								113.6147994,
								-7.9430151
							],
							[
								113.6147841,
								-7.9430814
							],
							[
								113.6146162,
								-7.9435545
							],
							[
								113.6142882,
								-7.9441205
							],
							[
								113.6141127,
								-7.9443327
							],
							[
								113.6140288,
								-7.944397
							],
							[
								113.6137083,
								-7.9446774
							],
							[
								113.613365,
								-7.9449659
							],
							[
								113.6131361,
								-7.9451614
							],
							[
								113.6129301,
								-7.9454241
							],
							[
								113.6128996,
								-7.9454556
							],
							[
								113.6125716,
								-7.9459606
							],
							[
								113.6124113,
								-7.9462424
							],
							[
								113.6123961,
								-7.9462743
							],
							[
								113.6122359,
								-7.9466148
							],
							[
								113.6118773,
								-7.9472542
							],
							[
								113.6115111,
								-7.9478646
							],
							[
								113.6112135,
								-7.9482675
							],
							[
								113.6111067,
								-7.9483825
							],
							[
								113.6110838,
								-7.9486804
							],
							[
								113.6110381,
								-7.9490261
							],
							[
								113.6110457,
								-7.9496217
							],
							[
								113.6111296,
								-7.9501234
							],
							[
								113.6113204,
								-7.9506398
							],
							[
								113.6117476,
								-7.951202
							],
							[
								113.6121748,
								-7.9515286
							],
							[
								113.612625,
								-7.951952
							],
							[
								113.6141814,
								-7.9527617
							],
							[
								113.6146984,
								-7.9531409
							],
							[
								113.6147002,
								-7.9531422
							],
							[
								113.6158293,
								-7.9531546
							],
							[
								113.6166686,
								-7.9530044
							],
							[
								113.6175307,
								-7.9529024
							],
							[
								113.6178129,
								-7.9528327
							],
							[
								113.6182097,
								-7.9527508
							],
							[
								113.6185377,
								-7.9526601
							],
							[
								113.618965,
								-7.95252
							],
							[
								113.6192549,
								-7.9523421
							],
							[
								113.6194762,
								-7.9522686
							],
							[
								113.6197279,
								-7.9522667
							],
							[
								113.6205137,
								-7.9521704
							],
							[
								113.621292,
								-7.9521971
							],
							[
								113.6219481,
								-7.952271
							],
							[
								113.6223295,
								-7.9524417
							],
							[
								113.6225508,
								-7.9527693
							],
							[
								113.6226195,
								-7.9531613
							],
							[
								113.6225432,
								-7.9535852
							],
							[
								113.6220091,
								-7.9542938
							],
							[
								113.6212309,
								-7.9550515
							],
							[
								113.6207579,
								-7.9553686
							],
							[
								113.6203993,
								-7.9555746
							],
							[
								113.6195067,
								-7.9558311
							],
							[
								113.6192702,
								-7.9559637
							],
							[
								113.619087,
								-7.9560028
							],
							[
								113.618698,
								-7.9560142
							],
							[
								113.6182631,
								-7.9560547
							],
							[
								113.6175154,
								-7.9562598
							],
							[
								113.6168288,
								-7.9564567
							],
							[
								113.6166991,
								-7.9564829
							],
							[
								113.6162413,
								-7.956698
							],
							[
								113.615959,
								-7.9568325
							],
							[
								113.6157683,
								-7.9568387
							],
							[
								113.6156691,
								-7.9570161
							],
							[
								113.6155623,
								-7.9573775
							],
							[
								113.615547,
								-7.9578009
							],
							[
								113.6156615,
								-7.9581452
							],
							[
								113.6160887,
								-7.9584723
							],
							[
								113.6166228,
								-7.958735
							],
							[
								113.6175688,
								-7.9590116
							],
							[
								113.6189269,
								-7.9592696
							],
							[
								113.6199797,
								-7.959467
							],
							[
								113.620735,
								-7.9596348
							],
							[
								113.6214293,
								-7.9599128
							],
							[
								113.6221465,
								-7.960332
							],
							[
								113.6226805,
								-7.9606104
							],
							[
								113.6232374,
								-7.9609681
							],
							[
								113.6237791,
								-7.9614563
							],
							[
								113.6240538,
								-7.9612294
							],
							[
								113.6242598,
								-7.9610758
							],
							[
								113.6244124,
								-7.9609299
							],
							[
								113.6246718,
								-7.9606891
							],
							[
								113.6249007,
								-7.9604559
							],
							[
								113.6249999,
								-7.960372
							],
							[
								113.6250914,
								-7.9602929
							],
							[
								113.6253584,
								-7.9601918
							],
							[
								113.6253966,
								-7.9601846
							],
							[
								113.6258238,
								-7.9600664
							],
							[
								113.626068,
								-7.9600139
							],
							[
								113.6263884,
								-7.9599762
							],
							[
								113.626602,
								-7.9598885
							],
							[
								113.6268996,
								-7.9596715
							],
							[
								113.6269759,
								-7.959601
							],
							[
								113.6272505,
								-7.9592567
							],
							[
								113.6273802,
								-7.9590698
							],
							[
								113.6275099,
								-7.958704
							],
							[
								113.6275481,
								-7.9584961
							],
							[
								113.6280287,
								-7.9581647
							],
							[
								113.6282347,
								-7.9579978
							],
							[
								113.6284789,
								-7.9576831
							],
							[
								113.6287001,
								-7.9573031
							],
							[
								113.6289366,
								-7.9569545
							],
							[
								113.6289595,
								-7.9569192
							],
							[
								113.6292799,
								-7.9565464
							],
							[
								113.6295088,
								-7.9563399
							],
							[
								113.6295393,
								-7.9563194
							],
							[
								113.6299055,
								-7.9561835
							],
							[
								113.6301649,
								-7.9561262
							],
							[
								113.6306303,
								-7.95603
							],
							[
								113.6309889,
								-7.955946
							],
							[
								113.6314314,
								-7.9557629
							],
							[
								113.6318129,
								-7.9555002
							],
							[
								113.6320189,
								-7.9552985
							],
							[
								113.6320494,
								-7.9552651
							],
							[
								113.632408,
								-7.9545312
							],
							[
								113.6324919,
								-7.9542709
							],
							[
								113.6325758,
								-7.9539285
							],
							[
								113.6326064,
								-7.9538451
							],
							[
								113.6329649,
								-7.9532319
							],
							[
								113.6331023,
								-7.9530182
							],
							[
								113.6335448,
								-7.9527226
							],
							[
								113.6335829,
								-7.9527035
							],
							[
								113.6342543,
								-7.9524212
							],
							[
								113.6343153,
								-7.9524012
							],
							[
								113.634445,
								-7.9523354
							],
							[
								113.6348799,
								-7.952045
							],
							[
								113.6353682,
								-7.9517479
							],
							[
								113.6362303,
								-7.9510146
							],
							[
								113.6365202,
								-7.9507404
							],
							[
								113.6366118,
								-7.9505997
							],
							[
								113.6366194,
								-7.9504691
							],
							[
								113.6365736,
								-7.9503031
							],
							[
								113.6366042,
								-7.9501019
							],
							[
								113.6367186,
								-7.9499064
							],
							[
								113.6368178,
								-7.9498206
							],
							[
								113.637123,
								-7.9495879
							],
							[
								113.6374586,
								-7.9494348
							],
							[
								113.6376646,
								-7.9493728
							],
							[
								113.6380309,
								-7.9493633
							],
							[
								113.6381911,
								-7.9493242
							],
							[
								113.6384276,
								-7.949122
							],
							[
								113.6386259,
								-7.9489131
							],
							[
								113.6388853,
								-7.9487543
							],
							[
								113.6393965,
								-7.948567
							],
							[
								113.6398924,
								-7.9483967
							],
							[
								113.6403349,
								-7.9482408
							],
							[
								113.6404112,
								-7.9482151
							],
							[
								113.6408156,
								-7.9481068
							],
							[
								113.6412428,
								-7.9480529
							],
							[
								113.6420515,
								-7.9479561
							],
							[
								113.6427,
								-7.9478145
							],
							[
								113.6437376,
								-7.9478088
							],
							[
								113.6439513,
								-7.947794
							],
							[
								113.6442488,
								-7.9476748
							],
							[
								113.6447142,
								-7.947228
							],
							[
								113.645294,
								-7.9466792
							],
							[
								113.6454695,
								-7.9465552
							],
							[
								113.6455534,
								-7.9465247
							],
							[
								113.6457976,
								-7.9464999
							],
							[
								113.6458281,
								-7.9464984
							],
							[
								113.6460493,
								-7.946487
							],
							[
								113.646263,
								-7.9464879
							],
							[
								113.6463774,
								-7.9464808
							],
							[
								113.6465605,
								-7.946373
							],
							[
								113.6466444,
								-7.9463344
							],
							[
								113.6468275,
								-7.94628
							],
							[
								113.6470488,
								-7.9462605
							],
							[
								113.6472014,
								-7.9461928
							],
							[
								113.6474989,
								-7.9460035
							],
							[
								113.6475981,
								-7.9459382
							],
							[
								113.6478499,
								-7.9457965
							],
							[
								113.6480864,
								-7.9456888
							],
							[
								113.648155,
								-7.9456583
							],
							[
								113.6483687,
								-7.9455109
							],
							[
								113.6486128,
								-7.9452835
							],
							[
								113.648651,
								-7.9452496
							],
							[
								113.6488951,
								-7.9449339
							],
							[
								113.6490706,
								-7.9446569
							],
							[
								113.6492842,
								-7.9443407
							],
							[
								113.6494749,
								-7.9441643
							],
							[
								113.6496504,
								-7.944036
							],
							[
								113.6497496,
								-7.9438882
							],
							[
								113.6499175,
								-7.943542
							],
							[
								113.650154,
								-7.9431815
							],
							[
								113.6501768,
								-7.9431544
							],
							[
								113.6506499,
								-7.9427758
							],
							[
								113.6507033,
								-7.94273
							],
							[
								113.6509474,
								-7.942297
							],
							[
								113.6510771,
								-7.9420972
							],
							[
								113.6514357,
								-7.9417754
							],
							[
								113.6515044,
								-7.9417224
							],
							[
								113.6520613,
								-7.9414144
							],
							[
								113.6524733,
								-7.941257
							],
							[
								113.6527937,
								-7.9412027
							],
							[
								113.6531752,
								-7.9411664
							],
							[
								113.653282,
								-7.9411569
							],
							[
								113.6536711,
								-7.9410987
							],
							[
								113.6539534,
								-7.9410015
							],
							[
								113.6543806,
								-7.9408694
							],
							[
								113.6546553,
								-7.9407764
							],
							[
								113.6550444,
								-7.9406791
							],
							[
								113.6555174,
								-7.9404788
							],
							[
								113.6559599,
								-7.9402614
							],
							[
								113.6562575,
								-7.9400864
							],
							[
								113.6563567,
								-7.9400039
							],
							[
								113.6569594,
								-7.9394298
							],
							[
								113.6573714,
								-7.9390607
							],
							[
								113.6577376,
								-7.9387951
							],
							[
								113.6581267,
								-7.9386297
							],
							[
								113.6586073,
								-7.9384971
							],
							[
								113.6599425,
								-7.9384556
							],
							[
								113.6599806,
								-7.938457
							],
							[
								113.6603316,
								-7.9384756
							],
							[
								113.6604079,
								-7.9384723
							],
							[
								113.6604384,
								-7.938458
							],
							[
								113.6606291,
								-7.9382182
							],
							[
								113.6607359,
								-7.9379755
							],
							[
								113.6607665,
								-7.9378658
							],
							[
								113.6608198,
								-7.9374237
							],
							[
								113.6608427,
								-7.9368534
							],
							[
								113.6609038,
								-7.9362069
							],
							[
								113.6609267,
								-7.935895
							],
							[
								113.661003,
								-7.9353886
							],
							[
								113.6610411,
								-7.9350477
							],
							[
								113.6611021,
								-7.9347878
							],
							[
								113.6612547,
								-7.9344507
							],
							[
								113.6613615,
								-7.9341593
							],
							[
								113.661415,
								-7.9337531
							],
							[
								113.661415,
								-7.9330697
							],
							[
								113.6614912,
								-7.93253
							],
							[
								113.6616515,
								-7.9320326
							],
							[
								113.6616972,
								-7.9316178
							],
							[
								113.6617049,
								-7.9308439
							],
							[
								113.6617125,
								-7.930769
							],
							[
								113.6617277,
								-7.9302302
							],
							[
								113.6617201,
								-7.9296713
							],
							[
								113.6617201,
								-7.9295488
							],
							[
								113.6617354,
								-7.9288798
							],
							[
								113.6617277,
								-7.9286051
							],
							[
								113.6615828,
								-7.9280048
							],
							[
								113.6612471,
								-7.9274045
							],
							[
								113.6609648,
								-7.9268379
							],
							[
								113.6608656,
								-7.9264822
							],
							[
								113.660858,
								-7.9264288
							],
							[
								113.6609572,
								-7.9263521
							],
							[
								113.6610411,
								-7.9261861
							],
							[
								113.6611555,
								-7.9258714
							],
							[
								113.6611937,
								-7.9257584
							],
							[
								113.6612395,
								-7.9254957
							],
							[
								113.6612547,
								-7.9253893
							],
							[
								113.6613615,
								-7.924798
							],
							[
								113.6614607,
								-7.9244638
							],
							[
								113.6617049,
								-7.9237814
							],
							[
								113.6618956,
								-7.9232784
							],
							[
								113.6622389,
								-7.9225106
							],
							[
								113.662422,
								-7.9222088
							],
							[
								113.6629027,
								-7.9216471
							],
							[
								113.6629332,
								-7.9216132
							],
							[
								113.6629179,
								-7.9215913
							],
							[
								113.6630934,
								-7.9215207
							],
							[
								113.6632918,
								-7.9214654
							],
							[
								113.6635359,
								-7.9213572
							],
							[
								113.6638258,
								-7.9212446
							],
							[
								113.6641539,
								-7.9211402
							],
							[
								113.6644514,
								-7.9210406
							],
							[
								113.6650999,
								-7.9207711
							],
							[
								113.6660994,
								-7.9203925
							],
							[
								113.6662291,
								-7.9203472
							],
							[
								113.6665953,
								-7.9202762
							],
							[
								113.6669081,
								-7.9202152
							],
							[
								113.6673964,
								-7.920219
							],
							[
								113.6677397,
								-7.9202729
							],
							[
								113.6677855,
								-7.9202881
							],
							[
								113.6678085,
								-7.9203014
							],
							[
								113.6678236,
								-7.9203101
							],
							[
								113.6680449,
								-7.920424
							],
							[
								113.668373,
								-7.9204808
							],
							[
								113.668907,
								-7.9204531
							],
							[
								113.6694258,
								-7.9203572
							],
							[
								113.6700667,
								-7.9202137
							],
							[
								113.6705778,
								-7.9202786
							],
							[
								113.6709364,
								-7.9202686
							],
							[
								113.6712035,
								-7.9201656
							],
							[
								113.6715391,
								-7.919941
							],
							[
								113.6718367,
								-7.9196468
							],
							[
								113.6721266,
								-7.9193936
							],
							[
								113.6723784,
								-7.9192887
							],
							[
								113.6733168,
								-7.9189253
							],
							[
								113.6734541,
								-7.9187913
							],
							[
								113.673477,
								-7.9186473
							],
							[
								113.6734923,
								-7.9180622
							],
							[
								113.6735457,
								-7.9177532
							],
							[
								113.6736754,
								-7.917562
							],
							[
								113.6738814,
								-7.9173708
							],
							[
								113.6741179,
								-7.9172354
							],
							[
								113.6744002,
								-7.9171644
							],
							[
								113.6750029,
								-7.9170037
							],
							[
								113.6756666,
								-7.916811
							],
							[
								113.6764372,
								-7.9165302
							],
							[
								113.6769179,
								-7.9162121
							],
							[
								113.6772917,
								-7.915886
							],
							[
								113.6774061,
								-7.9156595
							],
							[
								113.6774443,
								-7.9154144
							],
							[
								113.6774672,
								-7.9146729
							],
							[
								113.6774672,
								-7.9146381
							],
							[
								113.6775511,
								-7.9144049
							],
							[
								113.6777037,
								-7.9142199
							],
							[
								113.6779402,
								-7.9140587
							],
							[
								113.6784819,
								-7.9137192
							],
							[
								113.6786955,
								-7.9134493
							],
							[
								113.6791609,
								-7.9127922
							],
							[
								113.6794203,
								-7.9125858
							],
							[
								113.6796797,
								-7.9124499
							],
							[
								113.6799925,
								-7.9123755
							],
							[
								113.6803206,
								-7.9122491
							],
							[
								113.6807173,
								-7.9120007
							],
							[
								113.6813963,
								-7.9115758
							],
							[
								113.6820524,
								-7.9114752
							],
							[
								113.6825102,
								-7.9112606
							],
							[
								113.6832045,
								-7.9108906
							],
							[
								113.683792,
								-7.910841
							],
							[
								113.6841811,
								-7.910779
							],
							[
								113.6844328,
								-7.9106479
							],
							[
								113.6848448,
								-7.9103303
							],
							[
								113.6850203,
								-7.9101057
							],
							[
								113.685562,
								-7.909359
							],
							[
								113.6859358,
								-7.9090395
							],
							[
								113.6863402,
								-7.9086628
							],
							[
								113.686508,
								-7.9084077
							],
							[
								113.6869505,
								-7.9077172
							],
							[
								113.6871489,
								-7.9074021
							],
							[
								113.6873701,
								-7.9070482
							],
							[
								113.6876524,
								-7.9065471
							],
							[
								113.6876677,
								-7.9062858
							],
							[
								113.6876753,
								-7.9057546
							],
							[
								113.6877669,
								-7.905427
							],
							[
								113.6880568,
								-7.9047494
							],
							[
								113.6883162,
								-7.9041748
							],
							[
								113.688484,
								-7.9038081
							],
							[
								113.6887892,
								-7.9034081
							],
							[
								113.6890868,
								-7.9031491
							],
							[
								113.6895521,
								-7.9028669
							],
							[
								113.6896589,
								-7.9028177
							],
							[
								113.6900786,
								-7.9026227
							],
							[
								113.6911925,
								-7.9023505
							],
							[
								113.6915892,
								-7.9023409
							],
							[
								113.6919325,
								-7.90238
							],
							[
								113.6920927,
								-7.9023557
							],
							[
								113.6923064,
								-7.9022475
							],
							[
								113.6925963,
								-7.9020191
							],
							[
								113.6928099,
								-7.9019056
							],
							[
								113.6933745,
								-7.9018336
							],
							[
								113.6936262,
								-7.9016414
							],
							[
								113.6937941,
								-7.9014407
							],
							[
								113.6940306,
								-7.9009772
							],
							[
								113.6942366,
								-7.9005795
							],
							[
								113.6943739,
								-7.9004827
							],
							[
								113.6945341,
								-7.9004674
							],
							[
								113.6947249,
								-7.9005165
							],
							[
								113.6951445,
								-7.9007683
							],
							[
								113.6955641,
								-7.9009981
							],
							[
								113.6958235,
								-7.9009934
							],
							[
								113.6961974,
								-7.9009004
							],
							[
								113.6970289,
								-7.9005799
							],
							[
								113.6972426,
								-7.9003825
							],
							[
								113.6977309,
								-7.8998595
							],
							[
								113.6977766,
								-7.8998437
							],
							[
								113.6981657,
								-7.8997607
							],
							[
								113.6986388,
								-7.8996411
							],
							[
								113.6988905,
								-7.8994613
							],
							[
								113.6991423,
								-7.8993254
							],
							[
								113.6993941,
								-7.8993387
							],
							[
								113.6998518,
								-7.8993511
							],
							[
								113.6999052,
								-7.8992873
							],
							[
								113.6999434,
								-7.8992229
							],
							[
								113.7000044,
								-7.8990069
							],
							[
								113.7000044,
								-7.8987089
							],
							[
								113.7000426,
								-7.8983407
							],
							[
								113.700157,
								-7.8979302
							],
							[
								113.700363,
								-7.8974328
							],
							[
								113.7005461,
								-7.8972163
							],
							[
								113.700836,
								-7.896842
							],
							[
								113.7009581,
								-7.8965879
							],
							[
								113.7010649,
								-7.8964739
							],
							[
								113.7013319,
								-7.8962398
							],
							[
								113.7018278,
								-7.8958187
							],
							[
								113.7020567,
								-7.895494
							],
							[
								113.7021941,
								-7.8952165
							],
							[
								113.7022475,
								-7.8949456
							],
							[
								113.7023161,
								-7.8942685
							],
							[
								113.7024001,
								-7.8940115
							],
							[
								113.7026137,
								-7.8936672
							],
							[
								113.7031096,
								-7.8929134
							],
							[
								113.7031325,
								-7.8926544
							],
							[
								113.7031935,
								-7.8924537
							],
							[
								113.7033613,
								-7.8923049
							],
							[
								113.7036055,
								-7.8920384
							],
							[
								113.7038954,
								-7.8916402
							],
							[
								113.7041472,
								-7.8914585
							],
							[
								113.7043761,
								-7.8913899
							],
							[
								113.7047118,
								-7.8912363
							],
							[
								113.7048643,
								-7.8910456
							],
							[
								113.7048821,
								-7.8910166
							],
							[
								113.7052687,
								-7.8903847
							],
							[
								113.7054213,
								-7.8902822
							],
							[
								113.7061003,
								-7.8898988
							],
							[
								113.7063521,
								-7.8895984
							],
							[
								113.7064589,
								-7.8893562
							],
							[
								113.7067488,
								-7.8883658
							],
							[
								113.7066572,
								-7.8877354
							],
							[
								113.7067183,
								-7.8874316
							],
							[
								113.706848,
								-7.8869734
							],
							[
								113.7068022,
								-7.8866534
							],
							[
								113.7067412,
								-7.886158
							],
							[
								113.706787,
								-7.8858585
							],
							[
								113.7069167,
								-7.8856149
							],
							[
								113.707115,
								-7.8854022
							],
							[
								113.7073973,
								-7.8852058
							],
							[
								113.7079619,
								-7.8848658
							],
							[
								113.7081831,
								-7.8848186
							],
							[
								113.7085264,
								-7.8848214
							],
							[
								113.7088545,
								-7.8848696
							],
							[
								113.7093199,
								-7.8849473
							],
							[
								113.7095641,
								-7.8848949
							],
							[
								113.7097624,
								-7.8847757
							],
							[
								113.7100676,
								-7.8845854
							],
							[
								113.7101897,
								-7.8845186
							],
							[
								113.7102126,
								-7.8844967
							],
							[
								113.7104109,
								-7.8843327
							],
							[
								113.7107313,
								-7.8840957
							],
							[
								113.7110365,
								-7.8839688
							],
							[
								113.7114714,
								-7.8837924
							],
							[
								113.7118986,
								-7.8835106
							],
							[
								113.7122115,
								-7.8833575
							],
							[
								113.7124785,
								-7.8833294
							],
							[
								113.7132719,
								-7.8833099
							],
							[
								113.7136,
								-7.883317
							],
							[
								113.7137679,
								-7.883235
							],
							[
								113.7141646,
								-7.8829899
							],
							[
								113.7142485,
								-7.8829837
							],
							[
								113.7143935,
								-7.882915
							],
							[
								113.7144392,
								-7.8828063
							],
							[
								113.7144392,
								-7.8825851
							],
							[
								113.7144545,
								-7.8822131
							],
							[
								113.7145613,
								-7.8820658
							],
							[
								113.714752,
								-7.8819127
							],
							[
								113.7154234,
								-7.8814287
							],
							[
								113.715782,
								-7.8812056
							],
							[
								113.7160719,
								-7.881125
							],
							[
								113.7163084,
								-7.8811355
							],
							[
								113.7171172,
								-7.8812094
							],
							[
								113.717407,
								-7.8812404
							],
							[
								113.7177809,
								-7.8812895
							],
							[
								113.7178725,
								-7.8812299
							],
							[
								113.7179716,
								-7.8810802
							],
							[
								113.7180937,
								-7.8808742
							],
							[
								113.7183455,
								-7.8806076
							],
							[
								113.718643,
								-7.8803859
							],
							[
								113.7188643,
								-7.8803186
							],
							[
								113.7190474,
								-7.8803415
							],
							[
								113.7192305,
								-7.8804455
							],
							[
								113.7194136,
								-7.8805127
							],
							[
								113.7194746,
								-7.8805218
							],
							[
								113.7195509,
								-7.8805175
							],
							[
								113.7202299,
								-7.8804546
							],
							[
								113.720619,
								-7.880394
							],
							[
								113.7209547,
								-7.8802753
							],
							[
								113.7217558,
								-7.8798137
							],
							[
								113.7217567,
								-7.8798128
							],
							[
								113.7220534,
								-7.87952
							],
							[
								113.7224577,
								-7.8790278
							],
							[
								113.7224501,
								-7.8788767
							],
							[
								113.7223967,
								-7.8786445
							],
							[
								113.7222441,
								-7.8782954
							],
							[
								113.7220686,
								-7.8779536
							],
							[
								113.7219389,
								-7.8778772
							],
							[
								113.7219542,
								-7.8776999
							],
							[
								113.7218932,
								-7.8774228
							],
							[
								113.7217482,
								-7.8771329
							],
							[
								113.7214506,
								-7.8764977
							],
							[
								113.7214354,
								-7.8761325
							],
							[
								113.7214812,
								-7.8753934
							],
							[
								113.7215117,
								-7.875
							],
							[
								113.7215422,
								-7.8746715
							],
							[
								113.7214354,
								-7.8744926
							],
							[
								113.7212828,
								-7.8741999
							],
							[
								113.7212599,
								-7.8739066
							],
							[
								113.7212065,
								-7.873548
							],
							[
								113.721115,
								-7.8733859
							],
							[
								113.7209318,
								-7.8730741
							],
							[
								113.7209089,
								-7.8728457
							],
							[
								113.7209318,
								-7.8722768
							],
							[
								113.7210234,
								-7.872129
							],
							[
								113.7213591,
								-7.8715901
							],
							[
								113.7215117,
								-7.8714028
							],
							[
								113.721794,
								-7.8711772
							],
							[
								113.7218779,
								-7.8711033
							],
							[
								113.7221678,
								-7.8709073
							],
							[
								113.7222594,
								-7.8708739
							],
							[
								113.7224425,
								-7.8708067
							],
							[
								113.722473,
								-7.8707957
							],
							[
								113.7231902,
								-7.8705258
							],
							[
								113.723358,
								-7.8704028
							],
							[
								113.7235945,
								-7.8701224
							],
							[
								113.7237852,
								-7.8698321
							],
							[
								113.7238539,
								-7.8696041
							],
							[
								113.7238844,
								-7.8694301
							],
							[
								113.7238844,
								-7.8689099
							],
							[
								113.7239302,
								-7.8683462
							],
							[
								113.7239378,
								-7.8680301
							],
							[
								113.7239989,
								-7.8677135
							],
							[
								113.7240675,
								-7.8673573
							],
							[
								113.7240675,
								-7.8666854
							],
							[
								113.7241285,
								-7.8663097
							],
							[
								113.724182,
								-7.8660426
							],
							[
								113.7243727,
								-7.8656063
							],
							[
								113.7245558,
								-7.8652
							],
							[
								113.724777,
								-7.8647342
							],
							[
								113.7249449,
								-7.8643971
							],
							[
								113.7251509,
								-7.8640995
							],
							[
								113.7253493,
								-7.8636732
							],
							[
								113.7255247,
								-7.8632374
							],
							[
								113.7256697,
								-7.8627029
							],
							[
								113.7258147,
								-7.8622275
							],
							[
								113.7260435,
								-7.8618207
							],
							[
								113.7262114,
								-7.8616023
							],
							[
								113.726631,
								-7.8613133
							],
							[
								113.7268065,
								-7.8610945
							],
							[
								113.7270277,
								-7.8606582
							],
							[
								113.7271727,
								-7.8601437
							],
							[
								113.7273177,
								-7.8595796
							],
							[
								113.7274779,
								-7.859015
							],
							[
								113.7276075,
								-7.8584118
							],
							[
								113.7276453,
								-7.8580203
							],
							[
								113.7276457,
								-7.858016
							],
							[
								113.7275999,
								-7.8577099
							],
							[
								113.7274779,
								-7.8573451
							],
							[
								113.7272261,
								-7.8568034
							],
							[
								113.7270964,
								-7.8565273
							],
							[
								113.7268751,
								-7.8560252
							],
							[
								113.7265852,
								-7.8554835
							],
							[
								113.7263792,
								-7.8551941
							],
							[
								113.7263773,
								-7.8551915
							],
							[
								113.7261122,
								-7.8548341
							],
							[
								113.7260435,
								-7.854568
							],
							[
								113.726074,
								-7.8543205
							],
							[
								113.7261656,
								-7.8541126
							],
							[
								113.7262953,
								-7.8539438
							],
							[
								113.726486,
								-7.853755
							],
							[
								113.7266539,
								-7.8535166
							],
							[
								113.7267607,
								-7.85319
							],
							[
								113.7269133,
								-7.8527246
							],
							[
								113.727043,
								-7.8524766
							],
							[
								113.7272871,
								-7.8519611
							],
							[
								113.7275084,
								-7.8516436
							],
							[
								113.7278288,
								-7.8512068
							],
							[
								113.728073,
								-7.8508296
							],
							[
								113.7282408,
								-7.8504925
							],
							[
								113.728401,
								-7.8500566
							],
							[
								113.7286604,
								-7.8495708
							],
							[
								113.7289045,
								-7.8489566
							],
							[
								113.7291411,
								-7.8484116
							],
							[
								113.7293394,
								-7.8478665
							],
							[
								113.7295073,
								-7.8473125
							],
							[
								113.7295912,
								-7.8469563
							],
							[
								113.7296522,
								-7.8465209
							],
							[
								113.729698,
								-7.846076
							],
							[
								113.7297438,
								-7.8457198
							],
							[
								113.7298888,
								-7.8454127
							],
							[
								113.7301405,
								-7.8450356
							],
							[
								113.7303465,
								-7.8446684
							],
							[
								113.7305067,
								-7.844203
							],
							[
								113.7306517,
								-7.8436785
							],
							[
								113.7307432,
								-7.8433347
							],
							[
								113.7307967,
								-7.8430352
							],
							[
								113.7307967,
								-7.8428864
							],
							[
								113.7307738,
								-7.8427191
							],
							[
								113.7306135,
								-7.8423743
							],
							[
								113.7304075,
								-7.8419213
							],
							[
								113.7302931,
								-7.8413586
							],
							[
								113.7302931,
								-7.8411217
							],
							[
								113.7303923,
								-7.8404389
							],
							[
								113.7305067,
								-7.8398652
							],
							[
								113.7306746,
								-7.8391228
							],
							[
								113.7307814,
								-7.8387075
							],
							[
								113.7309111,
								-7.8384695
							],
							[
								113.731201,
								-7.8379636
							],
							[
								113.7314146,
								-7.8375769
							],
							[
								113.7316893,
								-7.8372388
							],
							[
								113.732086,
								-7.8369498
							],
							[
								113.732559,
								-7.8366108
							],
							[
								113.7327498,
								-7.8360958
							],
							[
								113.7328261,
								-7.8357196
							],
							[
								113.7327574,
								-7.8352757
							],
							[
								113.732559,
								-7.8348026
							],
							[
								113.7323302,
								-7.8343592
							],
							[
								113.7322081,
								-7.8340836
							],
							[
								113.7321854,
								-7.8337114
							],
							[
								113.7321852,
								-7.8337083
							],
							[
								113.7322615,
								-7.8334508
							],
							[
								113.7324217,
								-7.833252
							],
							[
								113.7328413,
								-7.8328543
							],
							[
								113.7331312,
								-7.8325358
							],
							[
								113.7334275,
								-7.8321996
							],
							[
								113.7334288,
								-7.8321981
							],
							[
								113.7336119,
								-7.8318906
							],
							[
								113.7337187,
								-7.8316922
							],
							[
								113.7337263,
								-7.8314252
							],
							[
								113.7336577,
								-7.8312283
							],
							[
								113.7334898,
								-7.8309231
							],
							[
								113.7333525,
								-7.830667
							],
							[
								113.7332762,
								-7.8302822
							],
							[
								113.7331846,
								-7.8297491
							],
							[
								113.7330778,
								-7.8292065
							],
							[
								113.7330244,
								-7.8288016
							],
							[
								113.7329405,
								-7.828239
							],
							[
								113.7328719,
								-7.8275576
							],
							[
								113.7328566,
								-7.827271
							],
							[
								113.7328184,
								-7.8271232
							],
							[
								113.7327498,
								-7.8269358
							],
							[
								113.7326048,
								-7.8266106
							],
							[
								113.7324751,
								-7.8261666
							],
							[
								113.7323912,
								-7.8255944
							],
							[
								113.7323759,
								-7.8252878
							],
							[
								113.7323454,
								-7.8248139
							],
							[
								113.7323149,
								-7.8243795
							],
							[
								113.732231,
								-7.8240242
							],
							[
								113.7321013,
								-7.8235212
							],
							[
								113.7319258,
								-7.8228402
							],
							[
								113.7317656,
								-7.8221598
							],
							[
								113.7316588,
								-7.8216958
							],
							[
								113.7315367,
								-7.8210344
							],
							[
								113.7314146,
								-7.8203635
							],
							[
								113.7313612,
								-7.8199291
							],
							[
								113.7314299,
								-7.8196025
							],
							[
								113.731634,
								-7.8190823
							],
							[
								113.7316359,
								-7.8190775
							],
							[
								113.7318571,
								-7.8185721
							],
							[
								113.7320708,
								-7.8182049
							],
							[
								113.732292,
								-7.8178873
							],
							[
								113.7325971,
								-7.8174802
							],
							[
								113.7325972,
								-7.8174801
							],
							[
								113.7329329,
								-7.8170238
							],
							[
								113.733116,
								-7.8167458
							],
							[
								113.7333601,
								-7.8163886
							],
							[
								113.7336043,
								-7.8159323
							],
							[
								113.7337034,
								-7.8155365
							],
							[
								113.733734,
								-7.8151312
							],
							[
								113.7336805,
								-7.8147164
							],
							[
								113.733589,
								-7.8143416
							],
							[
								113.7335051,
								-7.8136306
							],
							[
								113.7334669,
								-7.8130775
							],
							[
								113.7335356,
								-7.8126025
							],
							[
								113.733589,
								-7.8122564
							],
							[
								113.7336348,
								-7.8116336
							],
							[
								113.7336729,
								-7.8112383
							],
							[
								113.7336805,
								-7.8107638
							],
							[
								113.7336272,
								-7.810359
							],
							[
								113.7335356,
								-7.8098655
							],
							[
								113.733528,
								-7.8096385
							],
							[
								113.7335289,
								-7.8096366
							],
							[
								113.7336805,
								-7.8093209
							],
							[
								113.7338713,
								-7.8091521
							],
							[
								113.7341536,
								-7.8089919
							],
							[
								113.7345808,
								-7.8088708
							],
							[
								113.7349775,
								-7.8088284
							],
							[
								113.7354124,
								-7.8087664
							],
							[
								113.7359389,
								-7.8086839
							],
							[
								113.7363356,
								-7.8085137
							],
							[
								113.7365645,
								-7.8083539
							],
							[
								113.7367781,
								-7.8080859
							],
							[
								113.7368849,
								-7.8078775
							],
							[
								113.7369459,
								-7.8075709
							],
							[
								113.7369994,
								-7.8071651
							],
							[
								113.7370604,
								-7.8067007
							],
							[
								113.7371672,
								-7.8064427
							],
							[
								113.7373503,
								-7.8061848
							],
							[
								113.7375563,
								-7.8059759
							],
							[
								113.7380293,
								-7.8056564
							],
							[
								113.7384871,
								-7.8053474
							],
							[
								113.7388609,
								-7.805078
							],
							[
								113.7391356,
								-7.8048492
							],
							[
								113.7392882,
								-7.8046408
							],
							[
								113.7393797,
								-7.8044524
							],
							[
								113.7394102,
								-7.8041654
							],
							[
								113.7394408,
								-7.8037901
							],
							[
								113.7394637,
								-7.8034735
							],
							[
								113.7394331,
								-7.8030686
							],
							[
								113.739395,
								-7.8027129
							],
							[
								113.7393797,
								-7.8023477
							],
							[
								113.739456,
								-7.8018332
							],
							[
								113.7395238,
								-7.8016613
							],
							[
								113.7395247,
								-7.8016591
							],
							[
								113.7395857,
								-7.8015065
							],
							[
								113.7397764,
								-7.8011689
							],
							[
								113.7398527,
								-7.8009019
							],
							[
								113.7398832,
								-7.8006053
							],
							[
								113.7398909,
								-7.8001013
							],
							[
								113.7398909,
								-7.7996864
							],
							[
								113.7398222,
								-7.7990837
							],
							[
								113.739723,
								-7.7985215
							],
							[
								113.739601,
								-7.7980776
							],
							[
								113.739456,
								-7.7976732
							],
							[
								113.7393187,
								-7.7972984
							],
							[
								113.73925,
								-7.7970796
							],
							[
								113.7392576,
								-7.7968989
							],
							[
								113.7392729,
								-7.7967572
							],
							[
								113.7392882,
								-7.7966624
							],
							[
								113.7393263,
								-7.7965293
							],
							[
								113.7393645,
								-7.7963634
							],
							[
								113.7394102,
								-7.7962117
							],
							[
								113.7393874,
								-7.7959161
							],
							[
								113.73925,
								-7.7956171
							],
							[
								113.7390288,
								-7.795249
							],
							[
								113.7387999,
								-7.7950067
							],
							[
								113.7387083,
								-7.7948699
							],
							[
								113.7386549,
								-7.7945633
							],
							[
								113.7387312,
								-7.7942629
							],
							[
								113.739044,
								-7.7935214
							],
							[
								113.7391127,
								-7.7932458
							],
							[
								113.7391432,
								-7.7928748
							],
							[
								113.7391127,
								-7.792624
							],
							[
								113.7387236,
								-7.7919083
							],
							[
								113.7385557,
								-7.7913447
							],
							[
								113.73851,
								-7.7910142
							],
							[
								113.7385939,
								-7.790668
							],
							[
								113.7388457,
								-7.789978
							],
							[
								113.7389753,
								-7.789691
							],
							[
								113.7390669,
								-7.7895546
							],
							[
								113.7393263,
								-7.7892013
							],
							[
								113.7393294,
								-7.7891976
							],
							[
								113.7394484,
								-7.7890558
							],
							[
								113.7397154,
								-7.7889037
							],
							[
								113.7400511,
								-7.7888217
							],
							[
								113.7402571,
								-7.7888193
							],
							[
								113.7405394,
								-7.7889481
							],
							[
								113.7409819,
								-7.7893577
							],
							[
								113.7410811,
								-7.7893968
							],
							[
								113.7414473,
								-7.7894373
							],
							[
								113.7417219,
								-7.7894282
							],
							[
								113.7419737,
								-7.7893911
							],
							[
								113.7423018,
								-7.7892881
							],
							[
								113.7426298,
								-7.7892213
							],
							[
								113.7429579,
								-7.7892337
							],
							[
								113.7432097,
								-7.7892924
							],
							[
								113.7433775,
								-7.7894511
							],
							[
								113.7434233,
								-7.7894583
							],
							[
								113.7438277,
								-7.7895527
							],
							[
								113.7440413,
								-7.789669
							],
							[
								113.744171,
								-7.7898536
							],
							[
								113.7441862,
								-7.7899666
							],
							[
								113.744171,
								-7.7900834
							],
							[
								113.7441633,
								-7.7901621
							],
							[
								113.7441557,
								-7.790194
							],
							[
								113.744171,
								-7.7903624
							],
							[
								113.7442778,
								-7.7905207
							],
							[
								113.744438,
								-7.79075
							],
							[
								113.7445219,
								-7.7909017
							],
							[
								113.7445524,
								-7.7912345
							],
							[
								113.7445524,
								-7.7913461
							],
							[
								113.7445753,
								-7.7914057
							],
							[
								113.7446516,
								-7.7914724
							],
							[
								113.7448347,
								-7.7915964
							],
							[
								113.7448958,
								-7.7916165
							],
							[
								113.7450712,
								-7.7916689
							],
							[
								113.7452315,
								-7.7917046
							],
							[
								113.7453612,
								-7.7917404
							],
							[
								113.7457197,
								-7.7918868
							],
							[
								113.7459333,
								-7.7920566
							],
							[
								113.7460173,
								-7.7923841
							],
							[
								113.7461546,
								-7.7927551
							],
							[
								113.7462462,
								-7.7930932
							],
							[
								113.7461546,
								-7.7934213
							],
							[
								113.7460783,
								-7.7936983
							],
							[
								113.7459486,
								-7.7941103
							],
							[
								113.7458418,
								-7.7942848
							],
							[
								113.745674,
								-7.7944226
							],
							[
								113.745323,
								-7.7947426
							],
							[
								113.7454222,
								-7.7951112
							],
							[
								113.7456129,
								-7.7954211
							],
							[
								113.7458037,
								-7.7955747
							],
							[
								113.746002,
								-7.7956133
							],
							[
								113.7466582,
								-7.7957134
							],
							[
								113.7467039,
								-7.795806
							],
							[
								113.7468718,
								-7.7958641
							],
							[
								113.747093,
								-7.7960601
							],
							[
								113.7472303,
								-7.7961898
							],
							[
								113.7473601,
								-7.7962508
							],
							[
								113.747772,
								-7.796196
							],
							[
								113.7479552,
								-7.7961226
							],
							[
								113.7482451,
								-7.7958493
							],
							[
								113.7483672,
								-7.7958183
							],
							[
								113.748741,
								-7.7959805
							],
							[
								113.7490309,
								-7.7961192
							],
							[
								113.7493208,
								-7.7960711
							],
							[
								113.7496489,
								-7.7959237
							],
							[
								113.749771,
								-7.7958756
							],
							[
								113.7499998,
								-7.7958827
							],
							[
								113.7503279,
								-7.7958927
							],
							[
								113.7504957,
								-7.7959042
							],
							[
								113.750717,
								-7.795763
							],
							[
								113.7508391,
								-7.7956858
							],
							[
								113.7512205,
								-7.7958155
							],
							[
								113.7515257,
								-7.7957387
							],
							[
								113.7517317,
								-7.7956486
							],
							[
								113.7521666,
								-7.7956571
							],
							[
								113.7524947,
								-7.795753
							],
							[
								113.7526548,
								-7.7958498
							],
							[
								113.7527617,
								-7.7959943
							],
							[
								113.7529143,
								-7.7962136
							],
							[
								113.7531355,
								-7.7963781
							],
							[
								113.7532881,
								-7.7964282
							],
							[
								113.7537153,
								-7.7960558
							],
							[
								113.7540205,
								-7.7957797
							],
							[
								113.7541197,
								-7.7957325
							],
							[
								113.7546156,
								-7.7959476
							],
							[
								113.7553862,
								-7.7957835
							],
							[
								113.7556608,
								-7.7956991
							],
							[
								113.756027,
								-7.7955981
							],
							[
								113.7562636,
								-7.7955303
							],
							[
								113.7564772,
								-7.7955093
							],
							[
								113.7566755,
								-7.7955551
							],
							[
								113.756996,
								-7.7957606
							],
							[
								113.7577132,
								-7.7957158
							],
							[
								113.757942,
								-7.795702
							],
							[
								113.7581633,
								-7.7956962
							],
							[
								113.7593153,
								-7.7962785
							],
							[
								113.759735,
								-7.7965436
							],
							[
								113.760269,
								-7.7967434
							],
							[
								113.7607039,
								-7.7968412
							],
							[
								113.7607497,
								-7.7968502
							],
							[
								113.7620467,
								-7.7975793
							],
							[
								113.7625655,
								-7.7976999
							],
							[
								113.7629698,
								-7.7977948
							],
							[
								113.7631071,
								-7.7978654
							],
							[
								113.7636717,
								-7.7978158
							],
							[
								113.7638548,
								-7.7976799
							],
							[
								113.7641371,
								-7.7975044
							],
							[
								113.764221,
								-7.797452
							],
							[
								113.7643202,
								-7.7974334
							],
							[
								113.7645262,
								-7.797441
							],
							[
								113.7648619,
								-7.7975864
							],
							[
								113.7651289,
								-7.7976966
							],
							[
								113.7655943,
								-7.7978387
							],
							[
								113.7656553,
								-7.7978602
							],
							[
								113.76593,
								-7.7979994
							],
							[
								113.7662123,
								-7.798224
							],
							[
								113.7662428,
								-7.7983298
							],
							[
								113.7662275,
								-7.798428
							],
							[
								113.7666319,
								-7.7983661
							],
							[
								113.7669905,
								-7.7980232
							],
							[
								113.7672804,
								-7.7977357
							],
							[
								113.7676619,
								-7.7975216
							],
							[
								113.7677992,
								-7.7973761
							],
							[
								113.7678221,
								-7.7973318
							],
							[
								113.7678908,
								-7.7970047
							],
							[
								113.7678603,
								-7.7965431
							],
							[
								113.7678374,
								-7.7963243
							],
							[
								113.7678297,
								-7.7959566
							],
							[
								113.7678297,
								-7.7958555
							],
							[
								113.7679976,
								-7.7955112
							],
							[
								113.7680281,
								-7.7954531
							],
							[
								113.7680815,
								-7.7953596
							],
							[
								113.7681501,
								-7.7952671
							],
							[
								113.7682188,
								-7.7951031
							],
							[
								113.768309,
								-7.7949392
							],
							[
								113.7683104,
								-7.7949367
							],
							[
								113.7686156,
								-7.7950535
							],
							[
								113.7689207,
								-7.7952242
							],
							[
								113.7689894,
								-7.795269
							],
							[
								113.7691038,
								-7.7953319
							],
							[
								113.7691649,
								-7.7953481
							],
							[
								113.7692793,
								-7.7954307
							],
							[
								113.7693251,
								-7.7955088
							],
							[
								113.7693709,
								-7.7955933
							],
							[
								113.769615,
								-7.7957406
							],
							[
								113.7699202,
								-7.7959266
							],
							[
								113.7699507,
								-7.7959466
							],
							[
								113.7703856,
								-7.7963209
							],
							[
								113.7704085,
								-7.7963438
							],
							[
								113.7706679,
								-7.7964101
							],
							[
								113.7707976,
								-7.7964124
							],
							[
								113.7710264,
								-7.7965221
							],
							[
								113.7712858,
								-7.7966518
							],
							[
								113.771591,
								-7.79668
							],
							[
								113.7721708,
								-7.7967677
							],
							[
								113.7723692,
								-7.7968006
							],
							[
								113.7726591,
								-7.7968192
							],
							[
								113.772888,
								-7.7968326
							],
							[
								113.7731474,
								-7.7968192
							],
							[
								113.7734907,
								-7.7968488
							],
							[
								113.7736967,
								-7.796895
							],
							[
								113.7738188,
								-7.7969174
							],
							[
								113.7739561,
								-7.7969437
							],
							[
								113.7741316,
								-7.7969761
							],
							[
								113.7753981,
								-7.7971659
							],
							[
								113.7758482,
								-7.7972903
							],
							[
								113.7761992,
								-7.7975569
							],
							[
								113.7767638,
								-7.7978373
							],
							[
								113.7768477,
								-7.7978716
							],
							[
								113.7774504,
								-7.7980585
							],
							[
								113.7776945,
								-7.7980933
							],
							[
								113.7781752,
								-7.7982693
							],
							[
								113.7784193,
								-7.7983904
							],
							[
								113.7790373,
								-7.7985806
							],
							[
								113.7792662,
								-7.7988281
							],
							[
								113.7799299,
								-7.7993059
							],
							[
								113.7802275,
								-7.799356
							],
							[
								113.7805327,
								-7.7994342
							],
							[
								113.7807616,
								-7.7995663
							],
							[
								113.7808455,
								-7.7997083
							],
							[
								113.7811888,
								-7.8001537
							],
							[
								113.7813719,
								-7.8002548
							],
							[
								113.781616,
								-7.8002834
							],
							[
								113.7818449,
								-7.8002367
							],
							[
								113.7820509,
								-7.8001046
							],
							[
								113.7821425,
								-7.7999468
							],
							[
								113.7823942,
								-7.7995143
							],
							[
								113.7824171,
								-7.7994842
							],
							[
								113.7827681,
								-7.7990775
							],
							[
								113.7830809,
								-7.7990203
							],
							[
								113.783531,
								-7.7990022
							],
							[
								113.7838438,
								-7.799098
							],
							[
								113.7844389,
								-7.7994819
							],
							[
								113.7857399,
								-7.799857
							],
							[
								113.7857435,
								-7.7998581
							],
							[
								113.7857817,
								-7.7999129
							],
							[
								113.7860335,
								-7.8001804
							],
							[
								113.7861174,
								-7.8003311
							],
							[
								113.7862013,
								-7.8004374
							],
							[
								113.786331,
								-7.800591
							],
							[
								113.7864302,
								-7.8007631
							],
							[
								113.7864836,
								-7.8008709
							],
							[
								113.7865065,
								-7.8012085
							],
							[
								113.7865675,
								-7.8014359
							],
							[
								113.7865751,
								-7.8015542
							],
							[
								113.7865828,
								-7.8017502
							],
							[
								113.7869841,
								-7.8021667
							],
							[
								113.7869871,
								-7.8021698
							],
							[
								113.7877043,
								-7.8029265
							],
							[
								113.7885511,
								-7.802907
							],
							[
								113.7888411,
								-7.802865
							],
							[
								113.7891996,
								-7.8027849
							],
							[
								113.7896574,
								-7.8026476
							],
							[
								113.7900007,
								-7.8025484
							],
							[
								113.7903746,
								-7.8025331
							],
							[
								113.7909392,
								-7.802608
							],
							[
								113.7911451,
								-7.8025975
							],
							[
								113.7926176,
								-7.8026395
							],
							[
								113.7930373,
								-7.8026638
							],
							[
								113.793434,
								-7.8028102
							],
							[
								113.7935484,
								-7.8029537
							],
							[
								113.7937849,
								-7.8032803
							],
							[
								113.7943114,
								-7.8036609
							],
							[
								113.7944868,
								-7.8039036
							],
							[
								113.7949675,
								-7.8043699
							],
							[
								113.7951277,
								-7.8045706
							],
							[
								113.7957991,
								-7.8053045
							],
							[
								113.7961043,
								-7.8054991
							],
							[
								113.7967909,
								-7.8058391
							],
							[
								113.7973478,
								-7.8060131
							],
							[
								113.7974623,
								-7.8060331
							],
							[
								113.7985228,
								-7.8063412
							],
							[
								113.7988279,
								-7.8065219
							],
							[
								113.7989958,
								-7.8067403
							],
							[
								113.7995222,
								-7.8074541
							],
							[
								113.7999342,
								-7.8077807
							],
							[
								113.8004988,
								-7.80902
							],
							[
								113.8004988,
								-7.8090204
							],
							[
								113.8006742,
								-7.8104143
							],
							[
								113.8007963,
								-7.8126626
							],
							[
								113.80101,
								-7.8141217
							],
							[
								113.8012007,
								-7.8154645
							],
							[
								113.8013075,
								-7.8161354
							],
							[
								113.8014524,
								-7.8164062
							],
							[
								113.8015822,
								-7.8165345
							],
							[
								113.8018339,
								-7.8165846
							],
							[
								113.8022993,
								-7.8165946
							],
							[
								113.8028334,
								-7.8165779
							],
							[
								113.8031309,
								-7.8165373
							],
							[
								113.8034132,
								-7.8165355
							],
							[
								113.8037413,
								-7.8165846
							],
							[
								113.8041151,
								-7.8166079
							],
							[
								113.804489,
								-7.8165283
							],
							[
								113.805023,
								-7.8162532
							],
							[
								113.8060682,
								-7.8154449
							],
							[
								113.8067472,
								-7.8148198
							],
							[
								113.8074034,
								-7.814208
							],
							[
								113.8079374,
								-7.8137007
							],
							[
								113.8086165,
								-7.8132696
							],
							[
								113.8090819,
								-7.8131113
							],
							[
								113.8098372,
								-7.8130808
							],
							[
								113.8114699,
								-7.813199
							],
							[
								113.8126372,
								-7.8132815
							],
							[
								113.814369,
								-7.8133735
							],
							[
								113.8157423,
								-7.8133645
							],
							[
								113.8161009,
								-7.8133101
							],
							[
								113.8166731,
								-7.8130998
							],
							[
								113.8171919,
								-7.8128118
							],
							[
								113.8178099,
								-7.8122778
							],
							[
								113.8182982,
								-7.8117838
							],
							[
								113.8190229,
								-7.8114557
							],
							[
								113.8198011,
								-7.811192
							],
							[
								113.8208235,
								-7.8110594
							],
							[
								113.8211668,
								-7.8110661
							],
							[
								113.8214262,
								-7.8109722
							],
							[
								113.8214644,
								-7.8110051
							],
							[
								113.8216322,
								-7.8110776
							],
							[
								113.8218229,
								-7.8110948
							],
							[
								113.82209,
								-7.8110218
							],
							[
								113.8223265,
								-7.8109822
							],
							[
								113.8225554,
								-7.8109293
							],
							[
								113.8227919,
								-7.8108992
							],
							[
								113.8228224,
								-7.8108968
							],
							[
								113.8230207,
								-7.8108592
							],
							[
								113.8232344,
								-7.810833
							],
							[
								113.8234556,
								-7.8108501
							],
							[
								113.8236464,
								-7.8108763
							],
							[
								113.8239286,
								-7.8109121
							],
							[
								113.8240889,
								-7.8109302
							],
							[
								113.8241499,
								-7.8109369
							],
							[
								113.8243406,
								-7.8109607
							],
							[
								113.8244856,
								-7.8109932
							],
							[
								113.8245466,
								-7.8110079
							],
							[
								113.8246992,
								-7.8110642
							],
							[
								113.8248365,
								-7.8111195
							],
							[
								113.82489,
								-7.8111491
							],
							[
								113.8248901,
								-7.8111491
							],
							[
								113.8254469,
								-7.8115058
							],
							[
								113.8257215,
								-7.8118333
							],
							[
								113.825897,
								-7.8120417
							],
							[
								113.8261259,
								-7.8122396
							],
							[
								113.8263548,
								-7.8123612
							],
							[
								113.826988,
								-7.8125257
							],
							[
								113.8274305,
								-7.8127174
							],
							[
								113.8275221,
								-7.8127594
							],
							[
								113.8280562,
								-7.8129572
							],
							[
								113.8281248,
								-7.8129673
							],
							[
								113.8288725,
								-7.8130874
							],
							[
								113.8294142,
								-7.8131919
							],
							[
								113.8302,
								-7.813231
							],
							[
								113.8313292,
								-7.8132882
							],
							[
								113.8326796,
								-7.8131885
							],
							[
								113.834297,
								-7.8131261
							],
							[
								113.835861,
								-7.8126759
							],
							[
								113.8368834,
								-7.8123073
							],
							[
								113.8368872,
								-7.8123037
							],
							[
								113.8380888,
								-7.8111491
							],
							[
								113.8394926,
								-7.8096924
							],
							[
								113.8403624,
								-7.8087301
							],
							[
								113.8410567,
								-7.8080277
							],
							[
								113.8414839,
								-7.8073916
							],
							[
								113.841728,
								-7.8066144
							],
							[
								113.8423765,
								-7.8048911
							],
							[
								113.8430555,
								-7.8034005
							],
							[
								113.8435743,
								-7.8027882
							],
							[
								113.8436125,
								-7.8027615
							],
							[
								113.8438414,
								-7.8025469
							],
							[
								113.8440702,
								-7.8022895
							],
							[
								113.8440931,
								-7.8022704
							],
							[
								113.8442152,
								-7.8020997
							],
							[
								113.844406,
								-7.8019228
							],
							[
								113.8444746,
								-7.8018784
							],
							[
								113.8446882,
								-7.8017487
							],
							[
								113.8448027,
								-7.8017029
							],
							[
								113.845001,
								-7.8016405
							],
							[
								113.8451994,
								-7.8015856
							],
							[
								113.8453749,
								-7.8015132
							],
							[
								113.845474,
								-7.8014798
							],
							[
								113.8457182,
								-7.8013544
							],
							[
								113.845764,
								-7.8013238
							],
							[
								113.8461302,
								-7.8010788
							],
							[
								113.8462675,
								-7.8009653
							],
							[
								113.8464277,
								-7.8008208
							],
							[
								113.8466337,
								-7.8006019
							],
							[
								113.8466642,
								-7.80057
							],
							[
								113.8468702,
								-7.8003173
							],
							[
								113.8468931,
								-7.8002929
							],
							[
								113.8470152,
								-7.8001385
							],
							[
								113.8472288,
								-7.7999014
							],
							[
								113.847328,
								-7.7997884
							],
							[
								113.8473967,
								-7.7997055
							],
							[
								113.8474577,
								-7.7995696
							],
							[
								113.8475187,
								-7.799426
							],
							[
								113.8476255,
								-7.7991142
							],
							[
								113.8476332,
								-7.7990164
							],
							[
								113.8477095,
								-7.7986374
							],
							[
								113.8477476,
								-7.7984542
							],
							[
								113.8478621,
								-7.798079
							],
							[
								113.8478773,
								-7.798027
							],
							[
								113.8480909,
								-7.7976589
							],
							[
								113.848625,
								-7.796565
							],
							[
								113.8490065,
								-7.7960586
							],
							[
								113.84951,
								-7.795577
							],
							[
								113.8495107,
								-7.7955768
							],
							[
								113.8504408,
								-7.7952089
							],
							[
								113.8515928,
								-7.7947745
							],
							[
								113.8522413,
								-7.7946152
							],
							[
								113.8532484,
								-7.794363
							],
							[
								113.8544539,
								-7.7941994
							],
							[
								113.855789,
								-7.7940225
							],
							[
								113.857025,
								-7.7938203
							],
							[
								113.8582533,
								-7.7936568
							],
							[
								113.8593977,
								-7.7936105
							],
							[
								113.8609007,
								-7.7936649
							],
							[
								113.8619383,
								-7.7936578
							],
							[
								113.8628538,
								-7.7935872
							],
							[
								113.8639296,
								-7.7934637
							],
							[
								113.8644941,
								-7.7933077
							],
							[
								113.8646467,
								-7.7934026
							],
							[
								113.8650129,
								-7.7935147
							],
							[
								113.8652494,
								-7.7935924
							],
							[
								113.8654249,
								-7.7937192
							],
							[
								113.8660887,
								-7.7945384
							],
							[
								113.866226,
								-7.7947583
							],
							[
								113.8666075,
								-7.7952246
							],
							[
								113.8667753,
								-7.7952604
							],
							[
								113.866844,
								-7.7952756
							],
							[
								113.8671949,
								-7.7953777
							],
							[
								113.8673781,
								-7.7955126
							],
							[
								113.867584,
								-7.7956538
							],
							[
								113.8680342,
								-7.7958755
							],
							[
								113.8680952,
								-7.795907
							],
							[
								113.8683851,
								-7.7961292
							],
							[
								113.8685301,
								-7.7963571
							],
							[
								113.8686674,
								-7.7965712
							],
							[
								113.8688353,
								-7.7966427
							],
							[
								113.8693312,
								-7.7968311
							],
							[
								113.8694838,
								-7.7969183
							],
							[
								113.8695677,
								-7.7969279
							],
							[
								113.870323,
								-7.7969284
							],
							[
								113.870796,
								-7.7969174
							],
							[
								113.8714598,
								-7.7969546
							],
							[
								113.8715513,
								-7.797048
							],
							[
								113.8717115,
								-7.7972979
							],
							[
								113.871765,
								-7.7973313
							],
							[
								113.8721922,
								-7.7975387
							],
							[
								113.8723219,
								-7.7975254
							],
							[
								113.8730314,
								-7.7971472
							],
							[
								113.8734968,
								-7.7969966
							],
							[
								113.8736036,
								-7.796564
							],
							[
								113.8737944,
								-7.7964005
							],
							[
								113.8739317,
								-7.7962374
							],
							[
								113.8740232,
								-7.7959999
							],
							[
								113.8740538,
								-7.7958564
							],
							[
								113.8742369,
								-7.7954998
							],
							[
								113.8742826,
								-7.7953557
							],
							[
								113.8744505,
								-7.7951741
							],
							[
								113.8746412,
								-7.7950854
							],
							[
								113.8747862,
								-7.795072
							],
							[
								113.8749998,
								-7.7951922
							],
							[
								113.8751753,
								-7.7953257
							],
							[
								113.8753736,
								-7.7953667
							],
							[
								113.8755415,
								-7.7953166
							],
							[
								113.8756483,
								-7.7952318
							],
							[
								113.8757322,
								-7.795144
							],
							[
								113.8757856,
								-7.7950067
							],
							[
								113.8757933,
								-7.794845
							],
							[
								113.8758085,
								-7.7945318
							],
							[
								113.8757399,
								-7.7933301
							],
							[
								113.8756864,
								-7.7918295
							],
							[
								113.8757399,
								-7.7915954
							],
							[
								113.8759306,
								-7.7912854
							],
							[
								113.8760832,
								-7.7911725
							],
							[
								113.8762793,
								-7.7910893
							],
							[
								113.8762844,
								-7.7910769
							],
							[
								113.8763561,
								-7.7910978
							],
							[
								113.8763984,
								-7.7910975
							],
							[
								113.876447,
								-7.7910928
							],
							[
								113.8765077,
								-7.7910789
							],
							[
								113.8766476,
								-7.7910347
							],
							[
								113.8768119,
								-7.7910252
							],
							[
								113.8769596,
								-7.7910162
							],
							[
								113.8771018,
								-7.7910065
							],
							[
								113.8773103,
								-7.7909812
							],
							[
								113.8773489,
								-7.7909892
							],
							[
								113.8773808,
								-7.7910107
							],
							[
								113.8777462,
								-7.7914164
							],
							[
								113.8777925,
								-7.7914473
							],
							[
								113.8779172,
								-7.7914762
							],
							[
								113.8779668,
								-7.7914748
							],
							[
								113.8780627,
								-7.7914522
							],
							[
								113.8781539,
								-7.7914233
							],
							[
								113.8781719,
								-7.7914072
							],
							[
								113.8781889,
								-7.7913494
							],
							[
								113.8782757,
								-7.7914845
							],
							[
								113.8783525,
								-7.791594
							],
							[
								113.8785555,
								-7.791862
							],
							[
								113.8787291,
								-7.792097
							],
							[
								113.8788867,
								-7.7923134
							],
							[
								113.879318,
								-7.792829
							],
							[
								113.8799589,
								-7.7931427
							],
							[
								113.8800428,
								-7.7933363
							],
							[
								113.8801496,
								-7.7936201
							],
							[
								113.8803328,
								-7.7939891
							],
							[
								113.8805921,
								-7.7942709
							],
							[
								113.8806761,
								-7.794248
							],
							[
								113.8810881,
								-7.7941203
							],
							[
								113.8811644,
								-7.7942256
							],
							[
								113.8814543,
								-7.7947483
							],
							[
								113.8813017,
								-7.7949876
							],
							[
								113.8809965,
								-7.795433
							],
							[
								113.8810347,
								-7.7956247
							],
							[
								113.8811491,
								-7.7958831
							],
							[
								113.8811873,
								-7.7959365
							],
							[
								113.8814466,
								-7.7963127
							],
							[
								113.8816526,
								-7.7962431
							],
							[
								113.8818663,
								-7.7962245
							],
							[
								113.8820951,
								-7.7962989
							],
							[
								113.8823088,
								-7.7964315
							],
							[
								113.882469,
								-7.7966356
							],
							[
								113.8825911,
								-7.7968249
							],
							[
								113.8827818,
								-7.7970037
							],
							[
								113.8829191,
								-7.7970857
							],
							[
								113.8830717,
								-7.7971114
							],
							[
								113.8833769,
								-7.7969102
							],
							[
								113.8835981,
								-7.7967405
							],
							[
								113.8837813,
								-7.7966599
							],
							[
								113.8840101,
								-7.7966809
							],
							[
								113.884239,
								-7.7967552
							],
							[
								113.8845823,
								-7.7969937
							],
							[
								113.8850248,
								-7.7973704
							],
							[
								113.8859556,
								-7.7978367
							],
							[
								113.8861845,
								-7.7979082
							],
							[
								113.8864515,
								-7.7979054
							],
							[
								113.8870771,
								-7.7976465
							],
							[
								113.8875273,
								-7.7974181
							],
							[
								113.8877104,
								-7.7973337
							],
							[
								113.8881147,
								-7.797295
							],
							[
								113.8886946,
								-7.7973189
							],
							[
								113.8888548,
								-7.7973203
							],
							[
								113.889282,
								-7.7969446
							],
							[
								113.8894117,
								-7.7968454
							],
							[
								113.889633,
								-7.7967987
							],
							[
								113.8898237,
								-7.7968168
							],
							[
								113.8901212,
								-7.7970485
							],
							[
								113.8902738,
								-7.7972211
							],
							[
								113.8903501,
								-7.7973861
							],
							[
								113.8904188,
								-7.7975625
							],
							[
								113.8905333,
								-7.7976822
							],
							[
								113.8907545,
								-7.7977843
							],
							[
								113.8909223,
								-7.7978186
							],
							[
								113.8911284,
								-7.7978443
							],
							[
								113.8915098,
								-7.7980389
							],
							[
								113.8921736,
								-7.7983879
							],
							[
								113.8924788,
								-7.7984862
							],
							[
								113.8938902,
								-7.7984518
							],
							[
								113.8944929,
								-7.7983217
							],
							[
								113.8946684,
								-7.7982859
							],
							[
								113.8948744,
								-7.7983822
							],
							[
								113.8950956,
								-7.7984876
							],
							[
								113.8953627,
								-7.7985229
							],
							[
								113.8958662,
								-7.7984051
							],
							[
								113.8961714,
								-7.7983193
							],
							[
								113.8965758,
								-7.7982735
							],
							[
								113.8967207,
								-7.7982783
							],
							[
								113.8968733,
								-7.7983531
							],
							[
								113.8971327,
								-7.7985825
							],
							[
								113.8972166,
								-7.7987222
							],
							[
								113.8971632,
								-7.7991361
							],
							[
								113.8971556,
								-7.7992882
							],
							[
								113.8973844,
								-7.799705
							],
							[
								113.8975447,
								-7.7998976
							],
							[
								113.8977125,
								-7.800024
							],
							[
								113.8978575,
								-7.8000688
							],
							[
								113.8980329,
								-7.8000325
							],
							[
								113.8984373,
								-7.7998556
							],
							[
								113.8986891,
								-7.7997898
							],
							[
								113.8990553,
								-7.7997674
							],
							[
								113.8992384,
								-7.7997941
							],
							[
								113.8994749,
								-7.7999329
							],
							[
								113.899597,
								-7.8000645
							],
							[
								113.8996351,
								-7.8001632
							],
							[
								113.8994444,
								-7.80059
							],
							[
								113.8992842,
								-7.8009347
							],
							[
								113.8991697,
								-7.8012995
							],
							[
								113.8991545,
								-7.8014736
							],
							[
								113.8992079,
								-7.8016271
							],
							[
								113.8993223,
								-7.8017401
							],
							[
								113.8993681,
								-7.8017616
							],
							[
								113.9000929,
								-7.8017845
							],
							[
								113.9003523,
								-7.8018145
							],
							[
								113.9005278,
								-7.8018841
							],
							[
								113.9007337,
								-7.802186
							],
							[
								113.9008024,
								-7.8023056
							],
							[
								113.9009016,
								-7.8023638
							],
							[
								113.9009105,
								-7.802369
							],
							[
								113.9009321,
								-7.8023814
							],
							[
								113.901161,
								-7.8024172
							],
							[
								113.9015043,
								-7.8023891
							],
							[
								113.9022139,
								-7.8023347
							],
							[
								113.9024732,
								-7.8023376
							],
							[
								113.9026869,
								-7.8023962
							],
							[
								113.902725,
								-7.8024115
							],
							[
								113.9029463,
								-7.8025398
							],
							[
								113.9030836,
								-7.8026847
							],
							[
								113.90356,
								-7.80318
							],
							[
								113.9035642,
								-7.8031844
							],
							[
								113.9039915,
								-7.8036112
							],
							[
								113.9039982,
								-7.8029535
							],
							[
								113.9039986,
								-7.8029202
							],
							[
								113.9039991,
								-7.8028664
							],
							[
								113.9040068,
								-7.802792
							],
							[
								113.9040907,
								-7.8026132
							],
							[
								113.9041975,
								-7.8023128
							],
							[
								113.9042814,
								-7.8020854
							],
							[
								113.9043501,
								-7.8020005
							],
							[
								113.9044874,
								-7.8018984
							],
							[
								113.9048002,
								-7.8017673
							],
							[
								113.9048994,
								-7.8017325
							],
							[
								113.9051893,
								-7.8016309
							],
							[
								113.905319,
								-7.8015608
							],
							[
								113.9054029,
								-7.8014578
							],
							[
								113.9054335,
								-7.8013181
							],
							[
								113.9054029,
								-7.8010205
							],
							[
								113.9054258,
								-7.8007869
							],
							[
								113.9054564,
								-7.8007006
							],
							[
								113.9055403,
								-7.8005661
							],
							[
								113.9059599,
								-7.8000921
							],
							[
								113.9059523,
								-7.8000473
							],
							[
								113.905937,
								-7.7999033
							],
							[
								113.9058912,
								-7.7997569
							],
							[
								113.9057539,
								-7.7995958
							],
							[
								113.9055632,
								-7.7994537
							],
							[
								113.9052504,
								-7.7993135
							],
							[
								113.904907,
								-7.7991175
							],
							[
								113.9047926,
								-7.7989759
							],
							[
								113.9047697,
								-7.7988376
							],
							[
								113.9048155,
								-7.7987003
							],
							[
								113.9049147,
								-7.7985048
							],
							[
								113.9049986,
								-7.7983264
							],
							[
								113.9050367,
								-7.7982091
							],
							[
								113.9050749,
								-7.7981657
							],
							[
								113.9050825,
								-7.7980947
							],
							[
								113.905113,
								-7.7979249
							],
							[
								113.9051512,
								-7.7978281
							],
							[
								113.9052885,
								-7.797552
							],
							[
								113.905464,
								-7.7971973
							],
							[
								113.9056191,
								-7.7969645
							],
							[
								113.9056115,
								-7.7967396
							],
							[
								113.9054869,
								-7.7964525
							],
							[
								113.9054335,
								-7.7962999
							],
							[
								113.9054335,
								-7.7962298
							],
							[
								113.9054564,
								-7.7956986
							],
							[
								113.9055021,
								-7.7956456
							],
							[
								113.9056547,
								-7.7955818
							],
							[
								113.9062956,
								-7.7953805
							],
							[
								113.9065321,
								-7.7953615
							],
							[
								113.9066999,
								-7.7952441
							],
							[
								113.9067534,
								-7.7951006
							],
							[
								113.9068983,
								-7.7947864
							],
							[
								113.9071043,
								-7.7945141
							],
							[
								113.9072798,
								-7.794363
							],
							[
								113.9074095,
								-7.7943248
							],
							[
								113.9081572,
								-7.7942333
							],
							[
								113.9085844,
								-7.7941603
							],
							[
								113.9088667,
								-7.7941093
							],
							[
								113.9091795,
								-7.7940034
							],
							[
								113.909744,
								-7.7937473
							],
							[
								113.910095,
								-7.7937226
							],
							[
								113.9105528,
								-7.7937245
							],
							[
								113.9108351,
								-7.7937168
							],
							[
								113.9113768,
								-7.793692
							],
							[
								113.911804,
								-7.7936963
							],
							[
								113.9121931,
								-7.7935795
							],
							[
								113.9128111,
								-7.7933883
							],
							[
								113.9132612,
								-7.7934832
							],
							[
								113.913452,
								-7.7935361
							],
							[
								113.9136046,
								-7.7934965
							],
							[
								113.913719,
								-7.7933812
							],
							[
								113.9139707,
								-7.7931446
							],
							[
								113.9141691,
								-7.7931275
							],
							[
								113.9147566,
								-7.793076
							],
							[
								113.9152449,
								-7.7930612
							],
							[
								113.9154203,
								-7.7931155
							],
							[
								113.9155195,
								-7.7931165
							],
							[
								113.9156645,
								-7.7930092
							],
							[
								113.9160612,
								-7.7927126
							],
							[
								113.9160841,
								-7.792704
							],
							[
								113.9164045,
								-7.7926268
							],
							[
								113.9165647,
								-7.7925748
							],
							[
								113.9166792,
								-7.7925486
							],
							[
								113.9167936,
								-7.7925305
							],
							[
								113.9169004,
								-7.7924971
							],
							[
								113.9169539,
								-7.7924484
							],
							[
								113.9170836,
								-7.7922424
							],
							[
								113.9172285,
								-7.791891
							],
							[
								113.9175566,
								-7.7909526
							],
							[
								113.9176252,
								-7.7907061
							],
							[
								113.9177244,
								-7.7903608
							],
							[
								113.9178846,
								-7.7897414
							],
							[
								113.9179991,
								-7.7893385
							],
							[
								113.9181364,
								-7.7888931
							],
							[
								113.918228,
								-7.7888059
							],
							[
								113.9184339,
								-7.7888712
							],
							[
								113.9188765,
								-7.7889561
							],
							[
								113.9191511,
								-7.7888955
							],
							[
								113.9194105,
								-7.7888736
							],
							[
								113.9196089,
								-7.7888784
							],
							[
								113.9196623,
								-7.7888469
							],
							[
								113.9198149,
								-7.7887525
							],
							[
								113.9198377,
								-7.7887472
							],
							[
								113.9200056,
								-7.7887511
							],
							[
								113.9211576,
								-7.7888917
							],
							[
								113.9213179,
								-7.7889351
							],
							[
								113.9218061,
								-7.7889623
							],
							[
								113.9222639,
								-7.78902
							],
							[
								113.9226377,
								-7.7891535
							],
							[
								113.9234083,
								-7.7894267
							],
							[
								113.9234388,
								-7.789431
							],
							[
								113.9236982,
								-7.7895021
							],
							[
								113.92395,
								-7.789668
							],
							[
								113.9244612,
								-7.7899665
							],
							[
								113.9250181,
								-7.7901935
							],
							[
								113.925041,
								-7.7902011
							],
							[
								113.9253309,
								-7.790264
							],
							[
								113.9258116,
								-7.7902979
							],
							[
								113.926132,
								-7.7901854
							],
							[
								113.9263533,
								-7.7903494
							],
							[
								113.9272154,
								-7.7904429
							],
							[
								113.9282759,
								-7.7905387
							],
							[
								113.9286879,
								-7.7906136
							],
							[
								113.9292448,
								-7.7909717
							],
							[
								113.9294737,
								-7.7913193
							],
							[
								113.9295957,
								-7.7917075
							],
							[
								113.9296415,
								-7.7920961
							],
							[
								113.9296949,
								-7.7925786
							],
							[
								113.9297636,
								-7.7927126
							],
							[
								113.929878,
								-7.7927656
							],
							[
								113.9303205,
								-7.7926954
							],
							[
								113.9305876,
								-7.7925457
							],
							[
								113.9310835,
								-7.7923812
							],
							[
								113.9313505,
								-7.7922853
							],
							[
								113.9316099,
								-7.7922167
							],
							[
								113.9318083,
								-7.7922153
							],
							[
								113.9319532,
								-7.7923216
							],
							[
								113.9320524,
								-7.7925357
							],
							[
								113.9322965,
								-7.7930302
							],
							[
								113.9324034,
								-7.7931909
							],
							[
								113.932556,
								-7.7933239
							],
							[
								113.9327848,
								-7.7933892
							],
							[
								113.9330898,
								-7.7934004
							],
							[
								113.9330976,
								-7.7934007
							],
							[
								113.9333875,
								-7.7930497
							],
							[
								113.9334791,
								-7.7929148
							],
							[
								113.9335859,
								-7.7927932
							],
							[
								113.9336851,
								-7.792766
							],
							[
								113.9337614,
								-7.7926983
							],
							[
								113.9339521,
								-7.7926702
							],
							[
								113.934181,
								-7.7926954
							],
							[
								113.9343946,
								-7.7927341
							],
							[
								113.9346083,
								-7.7927865
							],
							[
								113.9348142,
								-7.7927445
							],
							[
								113.9349973,
								-7.7926492
							],
							[
								113.9353025,
								-7.7922582
							],
							[
								113.9355162,
								-7.792015
							],
							[
								113.9357908,
								-7.7918657
							],
							[
								113.936218,
								-7.7917823
							],
							[
								113.9368199,
								-7.7917294
							],
							[
								113.9368208,
								-7.7917294
							],
							[
								113.9360502,
								-7.7903289
							],
							[
								113.9360044,
								-7.7901277
							],
							[
								113.9361265,
								-7.7897243
							],
							[
								113.9364012,
								-7.7892126
							],
							[
								113.9367368,
								-7.7887139
							],
							[
								113.9371107,
								-7.7881211
							],
							[
								113.9372862,
								-7.7879523
							],
							[
								113.9372895,
								-7.7879493
							],
							[
								113.9374845,
								-7.7877697
							],
							[
								113.9375913,
								-7.7875084
							],
							[
								113.937721,
								-7.7869438
							],
							[
								113.9377973,
								-7.7861385
							],
							[
								113.9377439,
								-7.7860044
							],
							[
								113.937515,
								-7.785778
							],
							[
								113.9371565,
								-7.7853646
							],
							[
								113.9369123,
								-7.7848696
							],
							[
								113.9367368,
								-7.784294
							],
							[
								113.9366758,
								-7.7838654
							],
							[
								113.936569,
								-7.7836379
							],
							[
								113.9365843,
								-7.7835168
							],
							[
								113.9367292,
								-7.7833952
							],
							[
								113.9377668,
								-7.7826261
							],
							[
								113.9375456,
								-7.7826328
							],
							[
								113.937332,
								-7.7825269
							],
							[
								113.9371641,
								-7.782246
							],
							[
								113.9371336,
								-7.7818436
							],
							[
								113.9370649,
								-7.7815355
							],
							[
								113.9369962,
								-7.7811874
							],
							[
								113.936836,
								-7.7807726
							],
							[
								113.9367216,
								-7.7804378
							],
							[
								113.9364775,
								-7.7801308
							],
							[
								113.9363706,
								-7.7799572
							],
							[
								113.9363706,
								-7.7798366
							],
							[
								113.9364469,
								-7.7797016
							],
							[
								113.9364775,
								-7.7793931
							],
							[
								113.9364622,
								-7.7792458
							],
							[
								113.9363325,
								-7.778911
							],
							[
								113.9360807,
								-7.7785505
							],
							[
								113.9359663,
								-7.7782158
							],
							[
								113.9358824,
								-7.7773175
							],
							[
								113.9357069,
								-7.7764353
							],
							[
								113.9361189,
								-7.7765936
							],
							[
								113.936836,
								-7.7767228
							],
							[
								113.9374845,
								-7.776678
							],
							[
								113.9378279,
								-7.7766217
							],
							[
								113.9382093,
								-7.7764181
							],
							[
								113.9390638,
								-7.7760901
							],
							[
								113.9400022,
								-7.7757558
							],
							[
								113.9405668,
								-7.7756313
							],
							[
								113.9409025,
								-7.775495
							],
							[
								113.9427183,
								-7.7733354
							],
							[
								113.9431455,
								-7.7728895
							],
							[
								113.9437788,
								-7.7724427
							],
							[
								113.9443281,
								-7.7722053
							],
							[
								113.9450224,
								-7.7719454
							],
							[
								113.945587,
								-7.7717537
							],
							[
								113.9461439,
								-7.7713565
							],
							[
								113.9472959,
								-7.7699436
							],
							[
								113.9480131,
								-7.7689647
							],
							[
								113.9491575,
								-7.7671985
							],
							[
								113.9508436,
								-7.7652306
							],
							[
								113.9510343,
								-7.7653956
							],
							[
								113.9513395,
								-7.7656292
							],
							[
								113.9516142,
								-7.7657346
							],
							[
								113.9521177,
								-7.7659062
							],
							[
								113.9522627,
								-7.7660231
							],
							[
								113.9523695,
								-7.7662062
							],
							[
								113.9525602,
								-7.766457
							],
							[
								113.9527586,
								-7.7667245
							],
							[
								113.9529417,
								-7.767023
							],
							[
								113.9530561,
								-7.7670678
							],
							[
								113.9532163,
								-7.7670669
							],
							[
								113.9536741,
								-7.7670621
							],
							[
								113.9538877,
								-7.7671603
							],
							[
								113.9540861,
								-7.7673229
							],
							[
								113.9544065,
								-7.767579
							],
							[
								113.9547193,
								-7.7677182
							],
							[
								113.9548414,
								-7.7678164
							],
							[
								113.9549635,
								-7.768001
							],
							[
								113.9550932,
								-7.7681903
							],
							[
								113.9552763,
								-7.7683238
							],
							[
								113.9554212,
								-7.7683429
							],
							[
								113.9554975,
								-7.7682775
							],
							[
								113.9555738,
								-7.7682499
							],
							[
								113.9556883,
								-7.7682413
							],
							[
								113.9557875,
								-7.7679652
							],
							[
								113.9558332,
								-7.7680268
							],
							[
								113.9558561,
								-7.7681665
							],
							[
								113.9559019,
								-7.7682432
							],
							[
								113.9559782,
								-7.7683043
							],
							[
								113.9560011,
								-7.7683491
							],
							[
								113.9560926,
								-7.7685703
							],
							[
								113.9564131,
								-7.7690481
							],
							[
								113.9565275,
								-7.769142
							],
							[
								113.9566343,
								-7.7691235
							],
							[
								113.9568251,
								-7.7690081
							],
							[
								113.95697,
								-7.768947
							],
							[
								113.9570387,
								-7.7689952
							],
							[
								113.9570692,
								-7.7690977
							],
							[
								113.9571607,
								-7.769431
							],
							[
								113.9573362,
								-7.769731
							],
							[
								113.9578321,
								-7.7701234
							],
							[
								113.9583586,
								-7.7702574
							],
							[
								113.9587934,
								-7.7704519
							],
							[
								113.9588926,
								-7.770573
							],
							[
								113.9589765,
								-7.7706398
							],
							[
								113.9591215,
								-7.7706093
							],
							[
								113.9592207,
								-7.7706265
							],
							[
								113.9591902,
								-7.7707099
							],
							[
								113.9591062,
								-7.7709326
							],
							[
								113.9591825,
								-7.7710375
							],
							[
								113.9596098,
								-7.771418
							],
							[
								113.9597471,
								-7.7714971
							],
							[
								113.9598463,
								-7.7714318
							],
							[
								113.9599073,
								-7.7713107
							],
							[
								113.9600065,
								-7.7710246
							],
							[
								113.9600904,
								-7.7709903
							],
							[
								113.9602354,
								-7.7710127
							],
							[
								113.9610823,
								-7.7712435
							],
							[
								113.9613264,
								-7.7714633
							],
							[
								113.9615324,
								-7.7716068
							],
							[
								113.9616468,
								-7.771594
							],
							[
								113.9617689,
								-7.7715186
							],
							[
								113.9620359,
								-7.7713121
							],
							[
								113.9620817,
								-7.7713226
							],
							[
								113.9622419,
								-7.7714075
							],
							[
								113.9622801,
								-7.7714986
							],
							[
								113.9622419,
								-7.7715958
							],
							[
								113.9621275,
								-7.771882
							],
							[
								113.9621733,
								-7.7720164
							],
							[
								113.9622648,
								-7.7720775
							],
							[
								113.9625776,
								-7.7722844
							],
							[
								113.9625623,
								-7.7723378
							],
							[
								113.9624784,
								-7.7724093
							],
							[
								113.9622877,
								-7.7724809
							],
							[
								113.9622648,
								-7.7725319
							],
							[
								113.9623335,
								-7.7726144
							],
							[
								113.962425,
								-7.7726249
							],
							[
								113.9626081,
								-7.7726397
							],
							[
								113.9627226,
								-7.772735
							],
							[
								113.9628446,
								-7.7729482
							],
							[
								113.9629515,
								-7.773209
							],
							[
								113.9630201,
								-7.7734169
							],
							[
								113.9631346,
								-7.7735032
							],
							[
								113.9632643,
								-7.7735018
							],
							[
								113.9634321,
								-7.773425
							],
							[
								113.9635542,
								-7.7733034
							],
							[
								113.9635465,
								-7.7731875
							],
							[
								113.9635771,
								-7.7730488
							],
							[
								113.9636763,
								-7.7730049
							],
							[
								113.964958,
								-7.7727245
							],
							[
								113.9650648,
								-7.772715
							],
							[
								113.9659727,
								-7.7726816
							],
							[
								113.9661634,
								-7.7727655
							],
							[
								113.9663923,
								-7.7729534
							],
							[
								113.9663847,
								-7.7730211
							],
							[
								113.9663465,
								-7.773096
							],
							[
								113.9663542,
								-7.7731313
							],
							[
								113.9664839,
								-7.7733344
							],
							[
								113.9667585,
								-7.7733983
							],
							[
								113.9668043,
								-7.773486
							],
							[
								113.966789,
								-7.7736243
							],
							[
								113.9668043,
								-7.7737459
							],
							[
								113.9668958,
								-7.7738422
							],
							[
								113.9669874,
								-7.7739643
							],
							[
								113.9671324,
								-7.7742094
							],
							[
								113.9675443,
								-7.7745246
							],
							[
								113.967758,
								-7.7747024
							],
							[
								113.9678419,
								-7.7746943
							],
							[
								113.9682844,
								-7.7745813
							],
							[
								113.9687345,
								-7.7747754
							],
							[
								113.9691999,
								-7.7749289
							],
							[
								113.9693907,
								-7.7749533
							],
							[
								113.9697874,
								-7.7749933
							],
							[
								113.9705198,
								-7.7752031
							],
							[
								113.9708174,
								-7.775391
							],
							[
								113.9708479,
								-7.7754582
							],
							[
								113.9711302,
								-7.7754601
							],
							[
								113.9713514,
								-7.7755131
							],
							[
								113.9715574,
								-7.7756485
							],
							[
								113.9719694,
								-7.7759656
							],
							[
								113.9748609,
								-7.7768596
							],
							[
								113.9777448,
								-7.7772025
							],
							[
								113.9792173,
								-7.7776813
							],
							[
								113.9811781,
								-7.7782406
							],
							[
								113.9831541,
								-7.778819
							],
							[
								113.9839399,
								-7.7789854
							],
							[
								113.9846342,
								-7.779734
							],
							[
								113.9848783,
								-7.7798413
							],
							[
								113.9850004,
								-7.7799105
							],
							[
								113.9850309,
								-7.7799939
							],
							[
								113.9850385,
								-7.7802128
							],
							[
								113.9850691,
								-7.7802576
							],
							[
								113.9851454,
								-7.7803124
							],
							[
								113.9852293,
								-7.7803687
							],
							[
								113.9856031,
								-7.7805137
							],
							[
								113.9859312,
								-7.7805089
							],
							[
								113.9861677,
								-7.7804855
							],
							[
								113.9865415,
								-7.7804049
							],
							[
								113.986862,
								-7.7804025
							],
							[
								113.9871671,
								-7.7803625
							],
							[
								113.9875181,
								-7.7803277
							],
							[
								113.9875105,
								-7.7803763
							],
							[
								113.9874342,
								-7.7807039
							],
							[
								113.9873808,
								-7.7808193
							],
							[
								113.9873655,
								-7.7809213
							],
							[
								113.9873045,
								-7.7809881
							],
							[
								113.9872819,
								-7.7812088
							],
							[
								113.9872816,
								-7.7812117
							],
							[
								113.9878156,
								-7.7811178
							],
							[
								113.9887998,
								-7.7810606
							],
							[
								113.9890287,
								-7.7810391
							],
							[
								113.9903181,
								-7.7803348
							],
							[
								113.9908445,
								-7.7797197
							],
							[
								113.9912489,
								-7.7793731
							],
							[
								113.9913404,
								-7.7790669
							],
							[
								113.9913938,
								-7.7783598
							],
							[
								113.9915464,
								-7.7781485
							],
							[
								113.9918287,
								-7.7780489
							],
							[
								113.992507,
								-7.7777512
							],
							[
								113.9928358,
								-7.7776069
							],
							[
								113.9934919,
								-7.7771472
							],
							[
								113.9941633,
								-7.7767271
							],
							[
								113.9954451,
								-7.7760652
							],
							[
								113.9969099,
								-7.7751049
							],
							[
								113.9976423,
								-7.7743482
							],
							[
								113.9984108,
								-7.7735307
							],
							[
								113.9984129,
								-7.7735285
							],
							[
								113.9986799,
								-7.7729958
							],
							[
								113.9991758,
								-7.7725371
							],
							[
								113.9999082,
								-7.7720965
							],
							[
								113.9999998,
								-7.771902
							],
							[
								114.0001066,
								-7.7707251
							],
							[
								114.0009764,
								-7.7703518
							],
							[
								114.0012357,
								-7.7701691
							],
							[
								114.0014646,
								-7.7696561
							],
							[
								114.0016706,
								-7.7692069
							],
							[
								114.0020368,
								-7.7687119
							],
							[
								114.0022886,
								-7.7682785
							],
							[
								114.0026853,
								-7.7675976
							],
							[
								114.0030973,
								-7.7668236
							],
							[
								114.0034559,
								-7.766065
							],
							[
								114.0038831,
								-7.7651509
							],
							[
								114.0042646,
								-7.7644857
							],
							[
								114.0047529,
								-7.7634014
							],
							[
								114.0051039,
								-7.7625336
							],
							[
								114.0052336,
								-7.761742
							],
							[
								114.0055235,
								-7.7604078
							],
							[
								114.0056532,
								-7.759663
							],
							[
								114.0057218,
								-7.7590574
							],
							[
								114.0057752,
								-7.7580165
							],
							[
								114.0057829,
								-7.7574881
							],
							[
								114.0058742,
								-7.7570394
							],
							[
								114.0058744,
								-7.7570385
							],
							[
								114.0060575,
								-7.7569259
							],
							[
								114.0064619,
								-7.7567929
							],
							[
								114.0066342,
								-7.756766
							],
							[
								114.006645,
								-7.7567643
							],
							[
								114.0068357,
								-7.7568959
							],
							[
								114.0067823,
								-7.7570151
							],
							[
								114.0067365,
								-7.7572545
							],
							[
								114.0066984,
								-7.7579736
							],
							[
								114.0067518,
								-7.7584032
							],
							[
								114.0068739,
								-7.7589081
							],
							[
								114.0070341,
								-7.759323
							],
							[
								114.0072172,
								-7.7597197
							],
							[
								114.0073393,
								-7.759827
							],
							[
								114.0075834,
								-7.7599391
							],
							[
								114.0078809,
								-7.760116
							],
							[
								114.0080106,
								-7.760259
							],
							[
								114.0081098,
								-7.760496
							],
							[
								114.0082472,
								-7.7607006
							],
							[
								114.0083921,
								-7.7607769
							],
							[
								114.0086439,
								-7.76096
							],
							[
								114.0088041,
								-7.7613329
							],
							[
								114.0089643,
								-7.7614964
							],
							[
								114.0094221,
								-7.7618679
							],
							[
								114.0099638,
								-7.7621616
							],
							[
								114.0103987,
								-7.7623166
							],
							[
								114.0109403,
								-7.7624487
							],
							[
								114.0113981,
								-7.7625388
							],
							[
								114.0119398,
								-7.7626103
							],
							[
								114.0122984,
								-7.7625488
							],
							[
								114.0125349,
								-7.762544
							],
							[
								114.0125614,
								-7.7625681
							],
							[
								114.0125654,
								-7.7625717
							],
							[
								114.0133589,
								-7.7621788
							],
							[
								114.0139234,
								-7.7617163
							],
							[
								114.0145338,
								-7.7612079
							],
							[
								114.0147703,
								-7.7610234
							],
							[
								114.0152891,
								-7.7609337
							],
							[
								114.0158918,
								-7.7609381
							],
							[
								114.0168607,
								-7.7609137
							],
							[
								114.0174558,
								-7.7607936
							],
							[
								114.0179746,
								-7.7605637
							],
							[
								114.0196226,
								-7.760249
							],
							[
								114.0207823,
								-7.7601174
							],
							[
								114.021858,
								-7.7600783
							],
							[
								114.0231397,
								-7.7599629
							],
							[
								114.0238722,
								-7.7598847
							],
							[
								114.0254743,
								-7.7601608
							],
							[
								114.0259016,
								-7.7601632
							],
							[
								114.0279692,
								-7.7601722
							],
							[
								114.0288604,
								-7.7602122
							],
							[
								114.0288618,
								-7.7602123
							],
							[
								114.0289457,
								-7.7602256
							],
							[
								114.0293577,
								-7.7602543
							],
							[
								114.0300749,
								-7.7602204
							],
							[
								114.0300825,
								-7.7601007
							],
							[
								114.0301359,
								-7.7594932
							],
							[
								114.030258,
								-7.7588958
							],
							[
								114.0303419,
								-7.7585763
							],
							[
								114.0305784,
								-7.7582606
							],
							[
								114.0306242,
								-7.7582196
							],
							[
								114.0308759,
								-7.7580618
							],
							[
								114.0313185,
								-7.7578624
							],
							[
								114.0319822,
								-7.7578519
							],
							[
								114.0328138,
								-7.7581218
							],
							[
								114.0335996,
								-7.758469
							],
							[
								114.0341947,
								-7.7589391
							],
							[
								114.0347975,
								-7.7594098
							],
							[
								114.0351103,
								-7.7596296
							],
							[
								114.0354002,
								-7.7598718
							],
							[
								114.0358274,
								-7.7598065
							],
							[
								114.0378099,
								-7.759501
							],
							[
								114.0378111,
								-7.7595008
							],
							[
								114.0379026,
								-7.759487
							],
							[
								114.0404585,
								-7.7594503
							],
							[
								114.0422437,
								-7.759035
							],
							[
								114.0422895,
								-7.7590254
							],
							[
								114.043617,
								-7.7585953
							],
							[
								114.0440595,
								-7.7584513
							],
							[
								114.044235,
								-7.7583946
							],
							[
								114.0443571,
								-7.7584079
							],
							[
								114.0443606,
								-7.7584083
							],
							[
								114.044502,
								-7.7584232
							],
							[
								114.0451887,
								-7.758417
							],
							[
								114.0452268,
								-7.7584165
							],
							[
								114.0458524,
								-7.7584332
							],
							[
								114.0496443,
								-7.7585343
							],
							[
								114.0500181,
								-7.7587026
							],
							[
								114.0503614,
								-7.7589382
							],
							[
								114.0504682,
								-7.759343
							],
							[
								114.0504911,
								-7.7602132
							],
							[
								114.0505674,
								-7.7606023
							],
							[
								114.0507353,
								-7.7607435
							],
							[
								114.0510938,
								-7.7607301
							],
							[
								114.0515821,
								-7.760485
							],
							[
								114.052162,
								-7.760023
							],
							[
								114.0527418,
								-7.7594675
							],
							[
								114.0530699,
								-7.7592524
							],
							[
								114.0535887,
								-7.7590908
							],
							[
								114.0537184,
								-7.7590779
							],
							[
								114.0558164,
								-7.7588953
							],
							[
								114.0558168,
								-7.7588951
							],
							[
								114.0559995,
								-7.7588294
							],
							[
								114.0564726,
								-7.7587632
							],
							[
								114.0575025,
								-7.7587703
							],
							[
								114.0589063,
								-7.7588733
							],
							[
								114.0600431,
								-7.7590517
							],
							[
								114.0609434,
								-7.7592448
							],
							[
								114.0618589,
								-7.759467
							],
							[
								114.0619276,
								-7.7591904
							],
							[
								114.0620954,
								-7.7585834
							],
							[
								114.0622022,
								-7.7581676
							],
							[
								114.0627134,
								-7.7580398
							],
							[
								114.0629652,
								-7.7579907
							],
							[
								114.0631178,
								-7.7578882
							],
							[
								114.0633772,
								-7.7570418
							],
							[
								114.0635526,
								-7.756523
							],
							[
								114.0638502,
								-7.7565607
							],
							[
								114.0645673,
								-7.7566436
							],
							[
								114.0655439,
								-7.7569612
							],
							[
								114.0665891,
								-7.7574342
							],
							[
								114.0674741,
								-7.7579068
							],
							[
								114.0680769,
								-7.7583769
							],
							[
								114.0684965,
								-7.7588304
							],
							[
								114.0686186,
								-7.7593444
							],
							[
								114.0687559,
								-7.7600912
							],
							[
								114.0688322,
								-7.7604335
							],
							[
								114.0692976,
								-7.760732
							],
							[
								114.0698393,
								-7.7609065
							],
							[
								114.0705259,
								-7.7611445
							],
							[
								114.0712431,
								-7.7614654
							],
							[
								114.071533,
								-7.7617367
							],
							[
								114.0715305,
								-7.7617458
							],
							[
								114.0715025,
								-7.7618497
							],
							[
								114.0715254,
								-7.761998
							],
							[
								114.0716398,
								-7.7621415
							],
							[
								114.0717237,
								-7.7623166
							],
							[
								114.0718992,
								-7.762586
							],
							[
								114.0720823,
								-7.7626913
							],
							[
								114.0721815,
								-7.762852
							],
							[
								114.0722501,
								-7.7630809
							],
							[
								114.0722349,
								-7.7632717
							],
							[
								114.0722273,
								-7.7634972
							],
							[
								114.0721815,
								-7.7637332
							],
							[
								114.0721662,
								-7.7639821
							],
							[
								114.0722273,
								-7.7648462
							],
							[
								114.0722883,
								-7.7648738
							],
							[
								114.0727003,
								-7.7648166
							],
							[
								114.072769,
								-7.7648767
							],
							[
								114.0730283,
								-7.7658571
							],
							[
								114.0731351,
								-7.7664827
							],
							[
								114.0731809,
								-7.7668255
							],
							[
								114.0732038,
								-7.7669152
							],
							[
								114.0731962,
								-7.7671169
							],
							[
								114.0732877,
								-7.7672351
							],
							[
								114.0733793,
								-7.7672609
							],
							[
								114.0736616,
								-7.7673415
							],
							[
								114.0741041,
								-7.7676028
							],
							[
								114.074455,
								-7.7678045
							],
							[
								114.0745695,
								-7.7680253
							],
							[
								114.0745695,
								-7.7681941
							],
							[
								114.0745389,
								-7.7684239
							],
							[
								114.0745924,
								-7.768689
							],
							[
								114.0746763,
								-7.7688459
							],
							[
								114.0748136,
								-7.7690795
							],
							[
								114.0747602,
								-7.7692202
							],
							[
								114.0746305,
								-7.7693489
							],
							[
								114.0745618,
								-7.7694629
							],
							[
								114.0745847,
								-7.7695783
							],
							[
								114.0747221,
								-7.7697395
							],
							[
								114.0748899,
								-7.769801
							],
							[
								114.0750501,
								-7.7697905
							],
							[
								114.075279,
								-7.7697161
							],
							[
								114.0755308,
								-7.7696718
							],
							[
								114.0759885,
								-7.7697504
							],
							[
								114.0762785,
								-7.7698181
							],
							[
								114.0764616,
								-7.7697867
							],
							[
								114.0767057,
								-7.7697681
							],
							[
								114.076927,
								-7.7698348
							],
							[
								114.0770414,
								-7.7698344
							],
							[
								114.0771711,
								-7.7697691
							],
							[
								114.0773237,
								-7.7697399
							],
							[
								114.0774458,
								-7.7697767
							],
							[
								114.0777433,
								-7.7699612
							],
							[
								114.0781706,
								-7.7702235
							],
							[
								114.0783842,
								-7.7702959
							],
							[
								114.0787351,
								-7.7703665
							],
							[
								114.0791013,
								-7.7704681
							],
							[
								114.0793531,
								-7.7707103
							],
							[
								114.0793684,
								-7.7708128
							],
							[
								114.0793302,
								-7.7715176
							],
							[
								114.0791395,
								-7.7719196
							],
							[
								114.0789259,
								-7.7725504
							],
							[
								114.0790251,
								-7.7727884
							],
							[
								114.07917,
								-7.773044
							],
							[
								114.0792921,
								-7.7733768
							],
							[
								114.0792921,
								-7.7736357
							],
							[
								114.0791395,
								-7.7739995
							],
							[
								114.078903,
								-7.7742937
							],
							[
								114.0786741,
								-7.7746314
							],
							[
								114.0786665,
								-7.7748264
							],
							[
								114.0786131,
								-7.7750676
							],
							[
								114.0785368,
								-7.7751358
							],
							[
								114.0784757,
								-7.7752236
							],
							[
								114.0784681,
								-7.7753967
							],
							[
								114.0783994,
								-7.7757471
							],
							[
								114.0782774,
								-7.7759355
							],
							[
								114.0781248,
								-7.7761677
							],
							[
								114.078018,
								-7.7764791
							],
							[
								114.0779493,
								-7.7766517
							],
							[
								114.0778043,
								-7.776759
							],
							[
								114.0776518,
								-7.7769159
							],
							[
								114.0776899,
								-7.7770332
							],
							[
								114.0778349,
								-7.7771233
							],
							[
								114.0778806,
								-7.7772144
							],
							[
								114.0778272,
								-7.7772506
							],
							[
								114.0776746,
								-7.7772635
							],
							[
								114.0774305,
								-7.7772992
							],
							[
								114.0772398,
								-7.777387
							],
							[
								114.0771024,
								-7.7775338
							],
							[
								114.0769422,
								-7.7777542
							],
							[
								114.0768049,
								-7.7781304
							],
							[
								114.0766828,
								-7.7782892
							],
							[
								114.0766676,
								-7.7784794
							],
							[
								114.0766218,
								-7.7787684
							],
							[
								114.076576,
								-7.7789696
							],
							[
								114.0765302,
								-7.7792591
							],
							[
								114.0764158,
								-7.7794236
							],
							[
								114.0759428,
								-7.7799967
							],
							[
								114.0758359,
								-7.7801903
							],
							[
								114.0757368,
								-7.7804807
							],
							[
								114.0756223,
								-7.7805632
							],
							[
								114.075546,
								-7.7806671
							],
							[
								114.0755232,
								-7.7808998
							],
							[
								114.075546,
								-7.7817934
							],
							[
								114.0755537,
								-7.7821716
							],
							[
								114.0754316,
								-7.7823165
							],
							[
								114.0752943,
								-7.7825168
							],
							[
								114.0751341,
								-7.7828673
							],
							[
								114.0748899,
								-7.783111
							],
							[
								114.0748975,
								-7.783171
							],
							[
								114.0749815,
								-7.7832292
							],
							[
								114.075546,
								-7.7835606
							],
							[
								114.075691,
								-7.7837475
							],
							[
								114.0758512,
								-7.7840584
							],
							[
								114.0759428,
								-7.7844322
							],
							[
								114.0760038,
								-7.7847002
							],
							[
								114.0760267,
								-7.7848533
							],
							[
								114.0759428,
								-7.7850736
							],
							[
								114.0759504,
								-7.7852186
							],
							[
								114.0760343,
								-7.7853416
							],
							[
								114.0762403,
								-7.7855643
							],
							[
								114.0766828,
								-7.7859014
							],
							[
								114.0768125,
								-7.7861942
							],
							[
								114.0768507,
								-7.7866476
							],
							[
								114.0770185,
								-7.787011
							],
							[
								114.0773161,
								-7.7876328
							],
							[
								114.077667,
								-7.7884677
							],
							[
								114.0777967,
								-7.7886513
							],
							[
								114.0779874,
								-7.7886627
							],
							[
								114.078346,
								-7.7887205
							],
							[
								114.0789793,
								-7.7889136
							],
							[
								114.0792234,
								-7.7890347
							],
							[
								114.0794141,
								-7.7893647
							],
							[
								114.0795057,
								-7.7897376
							],
							[
								114.0795591,
								-7.7900217
							],
							[
								114.0795133,
								-7.7903808
							],
							[
								114.0794447,
								-7.7910336
							],
							[
								114.0794676,
								-7.7914422
							],
							[
								114.0796049,
								-7.7919486
							],
							[
								114.0798948,
								-7.7927597
							],
							[
								114.0799329,
								-7.7929781
							],
							[
								114.0801084,
								-7.7937573
							],
							[
								114.0802,
								-7.7942332
							],
							[
								114.0802915,
								-7.7945479
							],
							[
								114.0804289,
								-7.7948702
							],
							[
								114.0804899,
								-7.7952169
							],
							[
								114.0806119,
								-7.7955421
							],
							[
								114.0808256,
								-7.7958277
							],
							[
								114.0809782,
								-7.7959255
							],
							[
								114.0811155,
								-7.7959493
							],
							[
								114.0812604,
								-7.7959422
							],
							[
								114.081619,
								-7.7959059
							],
							[
								114.0816194,
								-7.7959059
							],
							[
								114.0818327,
								-7.7959069
							],
							[
								114.082237,
								-7.7959598
							],
							[
								114.082588,
								-7.7960251
							],
							[
								114.0828321,
								-7.7962254
							],
							[
								114.0829237,
								-7.7963923
							],
							[
								114.0832288,
								-7.7968891
							],
							[
								114.0834272,
								-7.7970141
							],
							[
								114.0844038,
								-7.7975672
							],
							[
								114.0848844,
								-7.7979906
							],
							[
								114.0850141,
								-7.7981108
							],
							[
								114.0852964,
								-7.7982639
							],
							[
								114.0858839,
								-7.7986353
							],
							[
								114.0866544,
								-7.7991741
							],
							[
								114.0868681,
								-7.7993024
							],
							[
								114.0868681,
								-7.7994312
							],
							[
								114.0868604,
								-7.7998818
							],
							[
								114.0869215,
								-7.8001741
							],
							[
								114.0869978,
								-7.8002837
							],
							[
								114.0871275,
								-7.8003453
							],
							[
								114.0871809,
								-7.8004063
							],
							[
								114.0872495,
								-7.8005532
							],
							[
								114.0872648,
								-7.8008345
							],
							[
								114.0873411,
								-7.8011091
							],
							[
								114.0874555,
								-7.801185
							],
							[
								114.0876844,
								-7.8012651
							],
							[
								114.0878599,
								-7.8013585
							],
							[
								114.0879438,
								-7.8014958
							],
							[
								114.0880125,
								-7.8018368
							],
							[
								114.0880201,
								-7.8021015
							],
							[
								114.0880659,
								-7.8022874
							],
							[
								114.0882185,
								-7.8025139
							],
							[
								114.0883787,
								-7.8026441
							],
							[
								114.0884397,
								-7.8027361
							],
							[
								114.0884168,
								-7.8028277
							],
							[
								114.0882719,
								-7.8029955
							],
							[
								114.0882261,
								-7.8031271
							],
							[
								114.0882642,
								-7.8033188
							],
							[
								114.0884092,
								-7.803602
							],
							[
								114.0884702,
								-7.8037899
							],
							[
								114.0884092,
								-7.8038972
							],
							[
								114.0883939,
								-7.804005
							],
							[
								114.0884474,
								-7.8044179
							],
							[
								114.0885313,
								-7.8047574
							],
							[
								114.0885389,
								-7.8054231
							],
							[
								114.088661,
								-7.8056725
							],
							[
								114.0887907,
								-7.8057559
							],
							[
								114.0889738,
								-7.8058213
							],
							[
								114.0893018,
								-7.8058823
							],
							[
								114.0893553,
								-7.8060048
							],
							[
								114.0893934,
								-7.8063062
							],
							[
								114.0893629,
								-7.8067044
							],
							[
								114.0893934,
								-7.8069065
							],
							[
								114.0894697,
								-7.8070253
							],
							[
								114.0895841,
								-7.8072327
							],
							[
								114.0895765,
								-7.8073929
							],
							[
								114.0894544,
								-7.8075631
							],
							[
								114.0890959,
								-7.8080767
							],
							[
								114.0891035,
								-7.8081897
							],
							[
								114.0892256,
								-7.8083575
							],
							[
								114.0892866,
								-7.8084901
							],
							[
								114.0892561,
								-7.8086065
							],
							[
								114.0891264,
								-7.8087357
							],
							[
								114.088867,
								-7.809028
							],
							[
								114.0889585,
								-7.8091234
							],
							[
								114.0892484,
								-7.8094085
							],
							[
								114.0892332,
								-7.8095268
							],
							[
								114.0891493,
								-7.8096064
							],
							[
								114.0888593,
								-7.8098634
							],
							[
								114.0888517,
								-7.8100794
							],
							[
								114.0888899,
								-7.8102639
							],
							[
								114.0888822,
								-7.8104499
							],
							[
								114.088867,
								-7.810747
							],
							[
								114.0889967,
								-7.810984
							],
							[
								114.0890653,
								-7.8111513
							],
							[
								114.0890577,
								-7.8113521
							],
							[
								114.0889967,
								-7.8115614
							],
							[
								114.0887068,
								-7.8122266
							],
							[
								114.0887144,
								-7.812394
							],
							[
								114.0888593,
								-7.813124
							],
							[
								114.0888136,
								-7.8132299
							],
							[
								114.0886991,
								-7.8132833
							],
							[
								114.0881879,
								-7.8135379
							],
							[
								114.088104,
								-7.8137458
							],
							[
								114.0880659,
								-7.8139699
							],
							[
								114.0879209,
								-7.8149565
							],
							[
								114.0878904,
								-7.8151472
							],
							[
								114.0879438,
								-7.815462
							],
							[
								114.0880354,
								-7.8155645
							],
							[
								114.0882337,
								-7.8156303
							],
							[
								114.0886762,
								-7.8158301
							],
							[
								114.0888288,
								-7.8159998
							],
							[
								114.0889967,
								-7.8162721
							],
							[
								114.0890119,
								-7.8164652
							],
							[
								114.0889585,
								-7.8166984
							],
							[
								114.0888899,
								-7.8170636
							],
							[
								114.088989,
								-7.8177097
							],
							[
								114.0888517,
								-7.8178819
							],
							[
								114.0887144,
								-7.8179334
							],
							[
								114.0885999,
								-7.8180006
							],
							[
								114.0886228,
								-7.8180941
							],
							[
								114.0889127,
								-7.8183649
							],
							[
								114.0891416,
								-7.8184841
							],
							[
								114.0896375,
								-7.8187807
							],
							[
								114.0897215,
								-7.8188956
							],
							[
								114.089752,
								-7.8190397
							],
							[
								114.0897444,
								-7.8192456
							],
							[
								114.0897291,
								-7.8196028
							],
							[
								114.0897062,
								-7.8199838
							],
							[
								114.0896452,
								-7.8202627
							],
							[
								114.0895841,
								-7.8203223
							],
							[
								114.0895536,
								-7.8204044
							],
							[
								114.0896223,
								-7.820546
							],
							[
								114.0898206,
								-7.8208235
							],
							[
								114.0899961,
								-7.8210982
							],
							[
								114.0898512,
								-7.8212679
							],
							[
								114.089607,
								-7.8215607
							],
							[
								114.0895612,
								-7.8217514
							],
							[
								114.0894697,
								-7.822079
							],
							[
								114.0893629,
								-7.8222588
							],
							[
								114.0892256,
								-7.822347
							],
							[
								114.0890653,
								-7.8225063
							],
							[
								114.0890272,
								-7.8226212
							],
							[
								114.0890653,
								-7.8228076
							],
							[
								114.0892027,
								-7.8230866
							],
							[
								114.0892561,
								-7.8233174
							],
							[
								114.0892103,
								-7.8235277
							],
							[
								114.089134,
								-7.8239926
							],
							[
								114.0891645,
								-7.8242658
							],
							[
								114.0893171,
								-7.8242806
							],
							[
								114.0895383,
								-7.8243101
							],
							[
								114.0896375,
								-7.8244231
							],
							[
								114.0896986,
								-7.8246573
							],
							[
								114.0897978,
								-7.8249329
							],
							[
								114.0903929,
								-7.8250745
							],
							[
								114.0904691,
								-7.8251985
							],
							[
								114.0904615,
								-7.825343
							],
							[
								114.0903166,
								-7.825682
							],
							[
								114.0901868,
								-7.8260458
							],
							[
								114.0901868,
								-7.8262766
							],
							[
								114.090286,
								-7.8263186
							],
							[
								114.0904997,
								-7.8264325
							],
							[
								114.0904615,
								-7.8265417
							],
							[
								114.0904005,
								-7.8267716
							],
							[
								114.0904615,
								-7.8268884
							],
							[
								114.0905836,
								-7.8269537
							],
							[
								114.0908353,
								-7.8270963
							],
							[
								114.0908964,
								-7.8272003
							],
							[
								114.0908964,
								-7.8273657
							],
							[
								114.0908277,
								-7.8275803
							],
							[
								114.0908201,
								-7.82773
							],
							[
								114.0909345,
								-7.8278692
							],
							[
								114.0914076,
								-7.8282121
							],
							[
								114.0913694,
								-7.828285
							],
							[
								114.0912321,
								-7.8283251
							],
							[
								114.0911711,
								-7.828389
							],
							[
								114.0911711,
								-7.8285058
							],
							[
								114.0912321,
								-7.8287504
							],
							[
								114.0913312,
								-7.8289598
							],
							[
								114.0914686,
								-7.8290566
							],
							[
								114.0915449,
								-7.8291577
							],
							[
								114.0915678,
								-7.8293064
							],
							[
								114.0916593,
								-7.8297532
							],
							[
								114.0918119,
								-7.8299268
							],
							[
								114.0920026,
								-7.8300684
							],
							[
								114.0920789,
								-7.8301323
							],
							[
								114.0921705,
								-7.8302954
							],
							[
								114.09214,
								-7.8303583
							],
							[
								114.0920408,
								-7.8303765
							],
							[
								114.0918958,
								-7.8303459
							],
							[
								114.0917433,
								-7.8303459
							],
							[
								114.0916593,
								-7.8304127
							],
							[
								114.0916441,
								-7.8305071
							],
							[
								114.0917051,
								-7.8306997
							],
							[
								114.0918272,
								-7.8308609
							],
							[
								114.091995,
								-7.8311322
							],
							[
								114.0920484,
								-7.8314121
							],
							[
								114.0921094,
								-7.8318556
							],
							[
								114.0922849,
								-7.8322418
							],
							[
								114.0923841,
								-7.8322705
							],
							[
								114.0924909,
								-7.8328808
							],
							[
								114.0927732,
								-7.8330787
							],
							[
								114.0929563,
								-7.8332308
							],
							[
								114.0930326,
								-7.8333543
							],
							[
								114.0930403,
								-7.8337339
							],
							[
								114.0930097,
								-7.8340109
							],
							[
								114.0930403,
								-7.8341788
							],
							[
								114.093292,
								-7.8344444
							],
							[
								114.0936506,
								-7.8350065
							],
							[
								114.0938795,
								-7.8352449
							],
							[
								114.0940168,
								-7.8353885
							],
							[
								114.0938184,
								-7.8356284
							],
							[
								114.0940244,
								-7.8358853
							],
							[
								114.0941007,
								-7.8359988
							],
							[
								114.0940855,
								-7.8363684
							],
							[
								114.0940626,
								-7.836592
							],
							[
								114.0940855,
								-7.8368071
							],
							[
								114.0941999,
								-7.8369959
							],
							[
								114.0943678,
								-7.8372267
							],
							[
								114.0944669,
								-7.8376668
							],
							[
								114.094933,
								-7.8388182
							],
							[
								114.0949476,
								-7.8388542
							],
							[
								114.0950773,
								-7.8391336
							],
							[
								114.0952146,
								-7.8393815
							],
							[
								114.0952986,
								-7.8396243
							],
							[
								114.0952909,
								-7.839722
							],
							[
								114.0951536,
								-7.8399428
							],
							[
								114.0950926,
								-7.840113
							],
							[
								114.0951078,
								-7.8402169
							],
							[
								114.0953748,
								-7.8404329
							],
							[
								114.0955351,
								-7.8405235
							],
							[
								114.0955961,
								-7.8406161
							],
							[
								114.0955961,
								-7.8406804
							],
							[
								114.0954511,
								-7.8407329
							],
							[
								114.0952451,
								-7.8407744
							],
							[
								114.0950315,
								-7.840864
							],
							[
								114.0949781,
								-7.8409923
							],
							[
								114.0949705,
								-7.8410986
							],
							[
								114.095146,
								-7.8412398
							],
							[
								114.0952604,
								-7.8413127
							],
							[
								114.0953291,
								-7.8414315
							],
							[
								114.0953519,
								-7.8415769
							],
							[
								114.0953367,
								-7.8416508
							],
							[
								114.0952528,
								-7.8417023
							],
							[
								114.0946577,
								-7.8415693
							],
							[
								114.0944669,
								-7.8415478
							],
							[
								114.0942686,
								-7.8416007
							],
							[
								114.094177,
								-7.8416637
							],
							[
								114.0941465,
								-7.8417609
							],
							[
								114.094177,
								-7.8419212
							],
							[
								114.0942762,
								-7.8420838
							],
							[
								114.0944975,
								-7.8422516
							],
							[
								114.0946577,
								-7.8423689
							],
							[
								114.094734,
								-7.8424733
							],
							[
								114.0947569,
								-7.8426116
							],
							[
								114.0946195,
								-7.8427432
							],
							[
								114.0945127,
								-7.8428224
							],
							[
								114.0944822,
								-7.8428944
							],
							[
								114.094795,
								-7.8430832
							],
							[
								114.0948637,
								-7.843139
							],
							[
								114.0949094,
								-7.8434895
							],
							[
								114.0949247,
								-7.8439711
							],
							[
								114.0949018,
								-7.8441823
							],
							[
								114.0948408,
								-7.8443325
							],
							[
								114.0943601,
								-7.8445242
							],
							[
								114.0941923,
								-7.844591
							],
							[
								114.093971,
								-7.8448966
							],
							[
								114.0938795,
								-7.8450173
							],
							[
								114.0937345,
								-7.8451117
							],
							[
								114.0934675,
								-7.8451126
							],
							[
								114.0933302,
								-7.8451184
							],
							[
								114.0932081,
								-7.8451947
							],
							[
								114.093231,
								-7.8455613
							],
							[
								114.0934904,
								-7.8464563
							],
							[
								114.0935819,
								-7.8467835
							],
							[
								114.0936124,
								-7.8470662
							],
							[
								114.0935667,
								-7.847245
							],
							[
								114.0934217,
								-7.8474224
							],
							[
								114.0932691,
								-7.8475602
							],
							[
								114.0932157,
								-7.8476694
							],
							[
								114.0932539,
								-7.8478492
							],
							[
								114.0935361,
								-7.8480733
							],
							[
								114.093643,
								-7.8481615
							],
							[
								114.0936659,
								-7.8482507
							],
							[
								114.093292,
								-7.8486021
							],
							[
								114.0932157,
								-7.8486765
							],
							[
								114.0932234,
								-7.8488486
							],
							[
								114.0932691,
								-7.8490933
							],
							[
								114.0932157,
								-7.8494156
							],
							[
								114.0931699,
								-7.8496583
							],
							[
								114.0931852,
								-7.8497823
							],
							[
								114.0932844,
								-7.8499106
							],
							[
								114.0933683,
								-7.8499945
							],
							[
								114.0933988,
								-7.8501108
							],
							[
								114.0932615,
								-7.8504742
							],
							[
								114.0931623,
								-7.8507441
							],
							[
								114.0929258,
								-7.8514059
							],
							[
								114.0928419,
								-7.8516195
							],
							[
								114.0928419,
								-7.8517426
							],
							[
								114.0930631,
								-7.8519142
							],
							[
								114.0931547,
								-7.8519891
							],
							[
								114.0932615,
								-7.8522456
							],
							[
								114.0932844,
								-7.8526033
							],
							[
								114.0933454,
								-7.8531068
							],
							[
								114.0933455,
								-7.8531069
							],
							[
								114.0935514,
								-7.8535045
							],
							[
								114.093643,
								-7.8537653
							],
							[
								114.0935209,
								-7.8540438
							],
							[
								114.0934751,
								-7.8541506
							],
							[
								114.0934904,
								-7.8542832
							],
							[
								114.0935896,
								-7.8543628
							],
							[
								114.093849,
								-7.8546217
							],
							[
								114.0939252,
								-7.8548677
							],
							[
								114.0939329,
								-7.8551105
							],
							[
								114.0938337,
								-7.8553794
							],
							[
								114.0936887,
								-7.8558834
							],
							[
								114.0936811,
								-7.8563131
							],
							[
								114.0936887,
								-7.8565629
							],
							[
								114.093498,
								-7.8568957
							],
							[
								114.0934064,
								-7.857056
							],
							[
								114.0936735,
								-7.8574551
							],
							[
								114.0938032,
								-7.8576668
							],
							[
								114.0938719,
								-7.8579386
							],
							[
								114.0938719,
								-7.8582361
							],
							[
								114.0937727,
								-7.858991
							],
							[
								114.0937498,
								-7.8591002
							],
							[
								114.0936277,
								-7.8592036
							],
							[
								114.0934675,
								-7.8592261
							],
							[
								114.0931928,
								-7.8592003
							],
							[
								114.0929334,
								-7.859299
							],
							[
								114.0927961,
								-7.8594011
							],
							[
								114.092552,
								-7.8599976
							],
							[
								114.0924681,
								-7.8603075
							],
							[
								114.0924681,
								-7.8605116
							],
							[
								114.0925672,
								-7.8608359
							],
							[
								114.0926511,
								-7.8610314
							],
							[
								114.0926588,
								-7.8611429
							],
							[
								114.0922163,
								-7.8615325
							],
							[
								114.0920484,
								-7.8617132
							],
							[
								114.0919264,
								-7.8619912
							],
							[
								114.0919111,
								-7.8622855
							],
							[
								114.0920332,
								-7.8630117
							],
							[
								114.0921552,
								-7.8633698
							],
							[
								114.0923155,
								-7.8636177
							],
							[
								114.0924375,
								-7.8637393
							],
							[
								114.0927427,
								-7.8638995
							],
							[
								114.0929868,
								-7.8639944
							],
							[
								114.0931394,
								-7.8640969
							],
							[
								114.0934217,
								-7.864457
							],
							[
								114.0934904,
								-7.8645852
							],
							[
								114.0934904,
								-7.8647545
							],
							[
								114.093437,
								-7.8648747
							],
							[
								114.0930021,
								-7.8651818
							],
							[
								114.0928571,
								-7.8653
							],
							[
								114.0927046,
								-7.8656662
							],
							[
								114.0925367,
								-7.8660043
							],
							[
								114.0923994,
								-7.8662584
							],
							[
								114.0922849,
								-7.8665617
							],
							[
								114.0922544,
								-7.8669761
							],
							[
								114.0922849,
								-7.8672913
							],
							[
								114.0924528,
								-7.867595
							],
							[
								114.0926588,
								-7.8678239
							],
							[
								114.0928724,
								-7.8681319
							],
							[
								114.0932691,
								-7.8688753
							],
							[
								114.0933225,
								-7.8690036
							],
							[
								114.0933531,
								-7.8694895
							],
							[
								114.0932386,
								-7.8698953
							],
							[
								114.0931471,
								-7.870868
							],
							[
								114.0931623,
								-7.8711193
							],
							[
								114.0936887,
								-7.8718975
							],
							[
								114.0938337,
								-7.8721274
							],
							[
								114.0938947,
								-7.8725083
							],
							[
								114.0938871,
								-7.8725966
							],
							[
								114.0937422,
								-7.8727344
							],
							[
								114.0933759,
								-7.8728903
							],
							[
								114.0932462,
								-7.8729475
							],
							[
								114.0929411,
								-7.8733476
							],
							[
								114.0926588,
								-7.873904
							],
							[
								114.0925901,
								-7.8742073
							],
							[
								114.0925901,
								-7.8745693
							],
							[
								114.092613,
								-7.874893
							],
							[
								114.0925901,
								-7.8749998
							],
							[
								114.0925672,
								-7.8751109
							],
							[
								114.0925214,
								-7.8752292
							],
							[
								114.0925291,
								-7.8754414
							],
							[
								114.0926054,
								-7.8755654
							],
							[
								114.0930326,
								-7.8758095
							],
							[
								114.093231,
								-7.875913
							],
							[
								114.0933759,
								-7.8760331
							],
							[
								114.0935743,
								-7.8764957
							],
							[
								114.0936735,
								-7.8769696
							],
							[
								114.0936506,
								-7.8771961
							],
							[
								114.0934675,
								-7.8775194
							],
							[
								114.0932539,
								-7.8780325
							],
							[
								114.093231,
								-7.8781789
							],
							[
								114.0934141,
								-7.8784626
							],
							[
								114.0935972,
								-7.878692
							],
							[
								114.0937956,
								-7.8790258
							],
							[
								114.0940016,
								-7.8801044
							],
							[
								114.0941465,
								-7.880575
							],
							[
								114.0942304,
								-7.8808363
							],
							[
								114.0942228,
								-7.8809803
							],
							[
								114.0941007,
								-7.8812302
							],
							[
								114.093971,
								-7.8815253
							],
							[
								114.0939405,
								-7.8816684
							],
							[
								114.0940092,
								-7.8817614
							],
							[
								114.0943525,
								-7.8819383
							],
							[
								114.0945204,
								-7.8820251
							],
							[
								114.0947645,
								-7.8821953
							],
							[
								114.0950544,
								-7.8822997
							],
							[
								114.0955045,
								-7.8823755
							],
							[
								114.0957411,
								-7.8824018
							],
							[
								114.0959318,
								-7.8825038
							],
							[
								114.0961454,
								-7.8827427
							],
							[
								114.0963667,
								-7.8831771
							],
							[
								114.0964201,
								-7.8833545
							],
							[
								114.0963972,
								-7.8836282
							],
							[
								114.0963743,
								-7.8838656
							],
							[
								114.0965727,
								-7.8842924
							],
							[
								114.0967253,
								-7.8847717
							],
							[
								114.0967786,
								-7.8849977
							],
							[
								114.0967939,
								-7.8850182
							],
							[
								114.0970075,
								-7.885331
							],
							[
								114.0972517,
								-7.8856672
							],
							[
								114.09774,
								-7.8861545
							],
							[
								114.0979917,
								-7.8864
							],
							[
								114.0980909,
								-7.8865798
							],
							[
								114.0983121,
								-7.886915
							],
							[
								114.0986021,
								-7.8873275
							],
							[
								114.098747,
								-7.8877624
							],
							[
								114.0988004,
								-7.8880337
							],
							[
								114.0987776,
								-7.8882025
							],
							[
								114.0987318,
								-7.8885306
							],
							[
								114.0987547,
								-7.888757
							],
							[
								114.0988462,
								-7.8889731
							],
							[
								114.0992582,
								-7.8895414
							],
							[
								114.0994413,
								-7.8896993
							],
							[
								114.0998075,
								-7.8898638
							],
							[
								114.1001585,
								-7.8899434
							],
							[
								114.1004484,
								-7.8900011
							],
							[
								114.1007002,
								-7.8901241
							],
							[
								114.1008832,
								-7.8903039
							],
							[
								114.1012571,
								-7.8909662
							],
							[
								114.1012962,
								-7.8910166
							],
							[
								114.1016767,
								-7.8915065
							],
							[
								114.1020963,
								-7.8921369
							],
							[
								114.1022489,
								-7.8924768
							],
							[
								114.1023252,
								-7.8930233
							],
							[
								114.1022337,
								-7.8935626
							],
							[
								114.1021726,
								-7.8939593
							],
							[
								114.102165,
								-7.8942583
							],
							[
								114.1022718,
								-7.8946026
							],
							[
								114.1022718,
								-7.8950604
							],
							[
								114.1022642,
								-7.8955205
							],
							[
								114.1024244,
								-7.896086
							],
							[
								114.1027448,
								-7.8968461
							],
							[
								114.1029051,
								-7.8973148
							],
							[
								114.1029813,
								-7.8977488
							],
							[
								114.1029813,
								-7.8980477
							],
							[
								114.1028593,
								-7.8984283
							],
							[
								114.1027296,
								-7.8987773
							],
							[
								114.1026838,
								-7.8990148
							],
							[
								114.1027219,
								-7.8992203
							],
							[
								114.1029127,
								-7.8995636
							],
							[
								114.1032331,
								-7.8998283
							],
							[
								114.1036756,
								-7.9002226
							],
							[
								114.1045301,
								-7.9011386
							],
							[
								114.1047361,
								-7.9013947
							],
							[
								114.1051405,
								-7.9022015
							],
							[
								114.1052854,
								-7.90251
							],
							[
								114.1054838,
								-7.9028638
							],
							[
								114.1057203,
								-7.9033425
							],
							[
								114.1059568,
								-7.9036277
							],
							[
								114.1062467,
								-7.9038323
							],
							[
								114.1066358,
								-7.9040936
							],
							[
								114.1068113,
								-7.9042657
							],
							[
								114.107002,
								-7.9046586
							],
							[
								114.1074369,
								-7.9054211
							],
							[
								114.1075437,
								-7.9056123
							],
							[
								114.1075666,
								-7.9057324
							],
							[
								114.1075437,
								-7.905865
							],
							[
								114.1075285,
								-7.9060028
							],
							[
								114.1075895,
								-7.9060767
							],
							[
								114.1078031,
								-7.9062479
							],
							[
								114.1080931,
								-7.9063728
							],
							[
								114.1084821,
								-7.9065626
							],
							[
								114.1086424,
								-7.9067634
							],
							[
								114.1087721,
								-7.9070023
							],
							[
								114.1090849,
								-7.9075196
							],
							[
								114.1094129,
								-7.9078177
							],
							[
								114.1097181,
								-7.908047
							],
							[
								114.1104429,
								-7.9086035
							],
							[
								114.1109236,
								-7.9089382
							],
							[
								114.1111372,
								-7.9095977
							],
							[
								114.1110837,
								-7.9097231
							],
							[
								114.1109693,
								-7.9097989
							],
							[
								114.1107557,
								-7.9098638
							],
							[
								114.1105573,
								-7.9099424
							],
							[
								114.1104963,
								-7.910034
							],
							[
								114.1104887,
								-7.9102286
							],
							[
								114.1105573,
								-7.9105409
							],
							[
								114.1107176,
								-7.9109338
							],
							[
								114.1109693,
								-7.9113973
							],
							[
								114.1111677,
								-7.9115217
							],
							[
								114.1114805,
								-7.9117477
							],
							[
								114.1115339,
								-7.911866
							],
							[
								114.1114957,
								-7.9121693
							],
							[
								114.1113889,
								-7.9125174
							],
							[
								114.1113203,
								-7.9128597
							],
							[
								114.1113737,
								-7.9130696
							],
							[
								114.1114424,
								-7.9134682
							],
							[
								114.1114195,
								-7.9140442
							],
							[
								114.1114347,
								-7.9143603
							],
							[
								114.111511,
								-7.9154795
							],
							[
								114.1116331,
								-7.9157737
							],
							[
								114.111923,
								-7.9162653
							],
							[
								114.1121671,
								-7.9167541
							],
							[
								114.1122129,
								-7.9170583
							],
							[
								114.1122663,
								-7.917856
							],
							[
								114.1122892,
								-7.9188703
							],
							[
								114.1121977,
								-7.9193385
							],
							[
								114.112068,
								-7.9196661
							],
							[
								114.1116789,
								-7.9205769
							],
							[
								114.1116636,
								-7.9208558
							],
							[
								114.1116865,
								-7.921141
							],
							[
								114.1118162,
								-7.921376
							],
							[
								114.1119535,
								-7.9217003
							],
							[
								114.1119383,
								-7.92183
							],
							[
								114.1118467,
								-7.922014
							],
							[
								114.1118543,
								-7.9220961
							],
							[
								114.1119383,
								-7.922138
							],
							[
								114.1123502,
								-7.9223636
							],
							[
								114.1125104,
								-7.9225805
							],
							[
								114.1128156,
								-7.9231484
							],
							[
								114.112953,
								-7.9233911
							],
							[
								114.1131971,
								-7.9236667
							],
							[
								114.1134565,
								-7.923982
							],
							[
								114.1135328,
								-7.9240726
							],
							[
								114.1137159,
								-7.9244149
							],
							[
								114.1138151,
								-7.9248264
							],
							[
								114.1137845,
								-7.9250014
							],
							[
								114.1137845,
								-7.9253743
							],
							[
								114.1138761,
								-7.9257772
							],
							[
								114.11396,
								-7.9262293
							],
							[
								114.1138837,
								-7.9263299
							],
							[
								114.1136625,
								-7.9266732
							],
							[
								114.1135862,
								-7.9269612
							],
							[
								114.1136091,
								-7.9271553
							],
							[
								114.1137083,
								-7.927356
							],
							[
								114.1138685,
								-7.9277375
							],
							[
								114.1138914,
								-7.9279869
							],
							[
								114.1138456,
								-7.9285539
							],
							[
								114.1137235,
								-7.9290603
							],
							[
								114.1137312,
								-7.9293626
							],
							[
								114.113838,
								-7.9300364
							],
							[
								114.1138227,
								-7.9302824
							],
							[
								114.1138914,
								-7.9304317
							],
							[
								114.1140516,
								-7.93061
							],
							[
								114.1141584,
								-7.9308174
							],
							[
								114.1140821,
								-7.9310429
							],
							[
								114.1138303,
								-7.9316424
							],
							[
								114.1137464,
								-7.9322637
							],
							[
								114.1137464,
								-7.9326146
							],
							[
								114.1138074,
								-7.9328535
							],
							[
								114.1139219,
								-7.9330037
							],
							[
								114.1140592,
								-7.9330586
							],
							[
								114.1142194,
								-7.9331477
							],
							[
								114.114517,
								-7.9334538
							],
							[
								114.1146619,
								-7.933687
							],
							[
								114.1144788,
								-7.9339979
							],
							[
								114.1142805,
								-7.9343751
							],
							[
								114.114372,
								-7.9345377
							],
							[
								114.114723,
								-7.9349568
							],
							[
								114.1149671,
								-7.9351881
							],
							[
								114.115402,
								-7.9356564
							],
							[
								114.1156309,
								-7.9359968
							],
							[
								114.1156156,
								-7.9361246
							],
							[
								114.1154859,
								-7.9365061
							],
							[
								114.1153639,
								-7.9367421
							],
							[
								114.1150587,
								-7.9371679
							],
							[
								114.1148069,
								-7.9373582
							],
							[
								114.1143568,
								-7.9375976
							],
							[
								114.1141813,
								-7.9377821
							],
							[
								114.1141355,
								-7.9379685
							],
							[
								114.1142042,
								-7.9380925
							],
							[
								114.1143491,
								-7.9384201
							],
							[
								114.1142957,
								-7.938515
							],
							[
								114.1141584,
								-7.9385636
							],
							[
								114.1139219,
								-7.938587
							],
							[
								114.1136472,
								-7.9386528
							],
							[
								114.1134947,
								-7.9388154
							],
							[
								114.1134412,
								-7.9389608
							],
							[
								114.1134718,
								-7.9390834
							],
							[
								114.1136472,
								-7.9392903
							],
							[
								114.1138761,
								-7.9395736
							],
							[
								114.1136701,
								-7.9399865
							],
							[
								114.1137159,
								-7.9402302
							],
							[
								114.1138837,
								-7.9404271
							],
							[
								114.1141661,
								-7.9406264
							],
							[
								114.1143491,
								-7.9408076
							],
							[
								114.1143568,
								-7.9410298
							],
							[
								114.1143797,
								-7.9413255
							],
							[
								114.1144254,
								-7.9415653
							],
							[
								114.1143873,
								-7.9417007
							],
							[
								114.1142957,
								-7.9417565
							],
							[
								114.1140135,
								-7.9418133
							],
							[
								114.113548,
								-7.9419477
							],
							[
								114.1135099,
								-7.9420841
							],
							[
								114.113548,
								-7.9422358
							],
							[
								114.1137845,
								-7.9428642
							],
							[
								114.1141279,
								-7.9434045
							],
							[
								114.114433,
								-7.9439357
							],
							[
								114.114433,
								-7.9440964
							],
							[
								114.1144559,
								-7.9442251
							],
							[
								114.1145551,
								-7.9442785
							],
							[
								114.1149595,
								-7.9444931
							],
							[
								114.1150968,
								-7.9446404
							],
							[
								114.115341,
								-7.9450062
							],
							[
								114.1154554,
								-7.9454434
							],
							[
								114.1155546,
								-7.9461988
							],
							[
								114.1155851,
								-7.9465793
							],
							[
								114.11573,
								-7.9473484
							],
							[
								114.1158903,
								-7.9474509
							],
							[
								114.1161649,
								-7.9476541
							],
							[
								114.1162336,
								-7.947778
							],
							[
								114.116226,
								-7.947994
							],
							[
								114.1161878,
								-7.9483994
							],
							[
								114.1163252,
								-7.9486525
							],
							[
								114.1165845,
								-7.9491327
							],
							[
								114.1165388,
								-7.9492243
							],
							[
								114.1163557,
								-7.9493754
							],
							[
								114.1159437,
								-7.9497178
							],
							[
								114.1160047,
								-7.949919
							],
							[
								114.1161726,
								-7.950156
							],
							[
								114.1163862,
								-7.9503019
							],
							[
								114.1167219,
								-7.9505203
							],
							[
								114.1168669,
								-7.9507525
							],
							[
								114.1168821,
								-7.9509175
							],
							[
								114.1168287,
								-7.9510634
							],
							[
								114.1166914,
								-7.9512809
							],
							[
								114.1165845,
								-7.9514993
							],
							[
								114.1165998,
								-7.9516705
							],
							[
								114.1166914,
								-7.9518746
							],
							[
								114.1168516,
								-7.9520329
							],
							[
								114.1170347,
								-7.9522398
							],
							[
								114.1170194,
								-7.9524534
							],
							[
								114.1170194,
								-7.9528521
							],
							[
								114.1171186,
								-7.9531205
							],
							[
								114.1172178,
								-7.9533876
							],
							[
								114.1170957,
								-7.9536817
							],
							[
								114.1170576,
								-7.9538529
							],
							[
								114.1171034,
								-7.9540732
							],
							[
								114.1172102,
								-7.9542077
							],
							[
								114.1176222,
								-7.954563
							],
							[
								114.117912,
								-7.9548533
							],
							[
								114.1182707,
								-7.9553497
							],
							[
								114.1183851,
								-7.9556101
							],
							[
								114.1184537,
								-7.9561069
							],
							[
								114.1189497,
								-7.9573477
							],
							[
								114.1189725,
								-7.9574354
							],
							[
								114.1190565,
								-7.9575379
							],
							[
								114.119499,
								-7.9579194
							],
							[
								114.1198423,
								-7.9581855
							],
							[
								114.119911,
								-7.958339
							],
							[
								114.1200636,
								-7.958443
							],
							[
								114.1202543,
								-7.9584983
							],
							[
								114.1205442,
								-7.9586156
							],
							[
								114.1207884,
								-7.9588144
							],
							[
								114.1208647,
								-7.9589475
							],
							[
								114.1208494,
								-7.9590862
							],
							[
								114.1207197,
								-7.9595869
							],
							[
								114.1206815,
								-7.959791
							],
							[
								114.1207197,
								-7.959996
							],
							[
								114.1208112,
								-7.9602278
							],
							[
								114.1209409,
								-7.9602583
							],
							[
								114.121475,
								-7.9603994
							],
							[
								114.121536,
								-7.9605387
							],
							[
								114.1215208,
								-7.9607366
							],
							[
								114.1215284,
								-7.9611476
							],
							[
								114.1216505,
								-7.9611934
							],
							[
								114.1220777,
								-7.9613522
							],
							[
								114.1220777,
								-7.9614552
							],
							[
								114.1220777,
								-7.9618233
							],
							[
								114.1221693,
								-7.9620011
							],
							[
								114.122421,
								-7.962252
							],
							[
								114.1227415,
								-7.9625671
							],
							[
								114.122833,
								-7.9628098
							],
							[
								114.1229093,
								-7.9629863
							],
							[
								114.1232374,
								-7.9632977
							],
							[
								114.1233518,
								-7.9634951
							],
							[
								114.1234739,
								-7.9639195
							],
							[
								114.1237028,
								-7.9645999
							],
							[
								114.1237028,
								-7.9646256
							],
							[
								114.1236646,
								-7.9652942
							],
							[
								114.1236036,
								-7.9655426
							],
							[
								114.1235807,
								-7.9656337
							],
							[
								114.1235578,
								-7.9657252
							],
							[
								114.1235502,
								-7.96575
							],
							[
								114.1235349,
								-7.9660738
							],
							[
								114.1235044,
								-7.9664748
							],
							[
								114.1235502,
								-7.9670947
							],
							[
								114.1235578,
								-7.9671829
							],
							[
								114.1236723,
								-7.9678162
							],
							[
								114.1237791,
								-7.9681147
							],
							[
								114.1239622,
								-7.9683698
							],
							[
								114.1241148,
								-7.9685166
							],
							[
								114.1243437,
								-7.9686687
							],
							[
								114.1243894,
								-7.9687202
							],
							[
								114.1245573,
								-7.9689143
							],
							[
								114.1246717,
								-7.9692319
							],
							[
								114.1247327,
								-7.9695943
							],
							[
								114.124687,
								-7.9703243
							],
							[
								114.1245802,
								-7.9707678
							],
							[
								114.1241682,
								-7.9714763
							],
							[
								114.1240156,
								-7.9717706
							],
							[
								114.1240079,
								-7.9719241
							],
							[
								114.1241987,
								-7.9721973
							],
							[
								114.1246717,
								-7.9725564
							],
							[
								114.1249464,
								-7.9727853
							],
							[
								114.1249998,
								-7.9728439
							],
							[
								114.1267011,
								-7.9739426
							],
							[
								114.127548,
								-7.9750016
							],
							[
								114.127876,
								-7.9759591
							],
							[
								114.1277082,
								-7.976064
							],
							[
								114.1275938,
								-7.9761365
							],
							[
								114.1275251,
								-7.9762304
							],
							[
								114.1274641,
								-7.976312
							],
							[
								114.1274259,
								-7.9764774
							],
							[
								114.1273115,
								-7.9766853
							],
							[
								114.1269987,
								-7.9771002
							],
							[
								114.1267087,
								-7.977423
							],
							[
								114.126518,
								-7.9776686
							],
							[
								114.1263197,
								-7.9781211
							],
							[
								114.126251,
								-7.9783934
							],
							[
								114.1262052,
								-7.978678
							],
							[
								114.1262357,
								-7.9790633
							],
							[
								114.1262739,
								-7.9796398
							],
							[
								114.1261594,
								-7.9799536
							],
							[
								114.1260374,
								-7.9802101
							],
							[
								114.1262434,
								-7.9805325
							],
							[
								114.1262205,
								-7.9809826
							],
							[
								114.1261442,
								-7.9811957
							],
							[
								114.1261213,
								-7.9815038
							],
							[
								114.1259153,
								-7.983506
							],
							[
								114.1266096,
								-7.9848888
							],
							[
								114.1278684,
								-7.9868448
							],
							[
								114.1279752,
								-7.98747
							],
							[
								114.1280134,
								-7.9896567
							],
							[
								114.1277159,
								-7.9923738
							],
							[
								114.1276396,
								-7.9930202
							],
							[
								114.1276395,
								-7.9930208
							],
							[
								114.1283186,
								-7.9926479
							],
							[
								114.1284712,
								-7.9925511
							],
							[
								114.1288221,
								-7.9922979
							],
							[
								114.1291502,
								-7.9919961
							],
							[
								114.12973,
								-7.9913357
							],
							[
								114.1300123,
								-7.9908274
							],
							[
								114.1301878,
								-7.990783
							],
							[
								114.1306532,
								-7.9904101
							],
							[
								114.1309354,
								-7.9899733
							],
							[
								114.1313093,
								-7.9896753
							],
							[
								114.1316297,
								-7.989414
							],
							[
								114.1318281,
								-7.9891899
							],
							[
								114.1318586,
								-7.9891022
							],
							[
								114.1318738,
								-7.9887889
							],
							[
								114.1319196,
								-7.9884632
							],
							[
								114.1320035,
								-7.9883335
							],
							[
								114.1325452,
								-7.9881242
							],
							[
								114.1329878,
								-7.9878762
							],
							[
								114.1335447,
								-7.9874537
							],
							[
								114.1341016,
								-7.9870584
							],
							[
								114.1343907,
								-7.9867608
							],
							[
								114.1343916,
								-7.9867599
							],
							[
								114.134506,
								-7.9865978
							],
							[
								114.1346128,
								-7.9864104
							],
							[
								114.1348264,
								-7.9859479
							],
							[
								114.1350172,
								-7.9857862
							],
							[
								114.1357343,
								-7.9855783
							],
							[
								114.1363981,
								-7.9855326
							],
							[
								114.1367795,
								-7.9853595
							],
							[
								114.1371076,
								-7.9850233
							],
							[
								114.1374509,
								-7.9846747
							],
							[
								114.1378095,
								-7.9843586
							],
							[
								114.1381223,
								-7.9838717
							],
							[
								114.1383054,
								-7.9834469
							],
							[
								114.1384809,
								-7.9830969
							],
							[
								114.1386945,
								-7.9829233
							],
							[
								114.1388624,
								-7.9828866
							],
							[
								114.1390989,
								-7.9828885
							],
							[
								114.1395032,
								-7.9828408
							],
							[
								114.1396406,
								-7.982754
							],
							[
								114.1399305,
								-7.9824927
							],
							[
								114.140518,
								-7.9819525
							],
							[
								114.1411512,
								-7.9813926
							],
							[
								114.141525,
								-7.9812201
							],
							[
								114.1419675,
								-7.9811352
							],
							[
								114.1424329,
								-7.9811385
							],
							[
								114.1427457,
								-7.9810779
							],
							[
								114.1429517,
								-7.981004
							],
							[
								114.1432264,
								-7.9807551
							],
							[
								114.1436307,
								-7.9804948
							],
							[
								114.1440885,
								-7.980172
							],
							[
								114.1446226,
								-7.9797943
							],
							[
								114.1449659,
								-7.9795211
							],
							[
								114.1453016,
								-7.9793604
							],
							[
								114.1456525,
								-7.9793127
							],
							[
								114.1465147,
								-7.9792807
							],
							[
								114.1470487,
								-7.9792469
							],
							[
								114.1472776,
								-7.9791358
							],
							[
								114.1474683,
								-7.9788864
							],
							[
								114.1478345,
								-7.9784248
							],
							[
								114.1481397,
								-7.9782517
							],
							[
								114.1485059,
								-7.9781287
							],
							[
								114.1490552,
								-7.9779804
							],
							[
								114.1491926,
								-7.9779289
							],
							[
								114.1496198,
								-7.9774864
							],
							[
								114.1497572,
								-7.9773643
							],
							[
								114.14978,
								-7.97735
							],
							[
								114.1500395,
								-7.9772222
							],
							[
								114.1514509,
								-7.9770653
							],
							[
								114.1520612,
								-7.9769981
							],
							[
								114.1531675,
								-7.9767063
							],
							[
								114.1534574,
								-7.9766018
							],
							[
								114.154495,
								-7.9759052
							],
							[
								114.1547468,
								-7.9757478
							],
							[
								114.1548612,
								-7.9756635
							],
							[
								114.1549756,
								-7.9755995
							],
							[
								114.1551282,
								-7.9755747
							],
							[
								114.155319,
								-7.9755676
							],
							[
								114.1557081,
								-7.9755743
							],
							[
								114.1559751,
								-7.9754827
							],
							[
								114.1563032,
								-7.9753263
							],
							[
								114.1570127,
								-7.9749663
							],
							[
								114.1578977,
								-7.9747389
							],
							[
								114.1581266,
								-7.9745658
							],
							[
								114.158325,
								-7.9744456
							],
							[
								114.1589811,
								-7.9741919
							],
							[
								114.1592481,
								-7.9741786
							],
							[
								114.1596448,
								-7.9742348
							],
							[
								114.160095,
								-7.9742539
							],
							[
								114.1603773,
								-7.9741957
							],
							[
								114.1605355,
								-7.9741063
							],
							[
								114.1605375,
								-7.9741051
							],
							[
								114.1608274,
								-7.9739411
							],
							[
								114.1612928,
								-7.973562
							],
							[
								114.161659,
								-7.9733651
							],
							[
								114.1619413,
								-7.9733369
							],
							[
								114.1629789,
								-7.9731209
							],
							[
								114.163223,
								-7.9730261
							],
							[
								114.1634138,
								-7.9729111
							],
							[
								114.1636503,
								-7.9727056
							],
							[
								114.1637342,
								-7.9726184
							],
							[
								114.1639783,
								-7.9723408
							],
							[
								114.1641996,
								-7.9721716
							],
							[
								114.164398,
								-7.9720991
							],
							[
								114.16452,
								-7.9719718
							],
							[
								114.1647184,
								-7.9717734
							],
							[
								114.1653669,
								-7.971112
							],
							[
								114.1655805,
								-7.9708917
							],
							[
								114.1659391,
								-7.9706333
							],
							[
								114.1662366,
								-7.9704449
							],
							[
								114.1668012,
								-7.9704101
							],
							[
								114.1672971,
								-7.9703958
							],
							[
								114.1677854,
								-7.9703992
							],
							[
								114.1682279,
								-7.9703519
							],
							[
								114.1690443,
								-7.9701946
							],
							[
								114.1699598,
								-7.9701259
							],
							[
								114.1704938,
								-7.9700792
							],
							[
								114.1709196,
								-7.9700379
							],
							[
								114.1709211,
								-7.9700377
							],
							[
								114.1713331,
								-7.9699972
							],
							[
								114.1717908,
								-7.9699876
							],
							[
								114.172241,
								-7.9699657
							],
							[
								114.1729581,
								-7.9699581
							],
							[
								114.1732557,
								-7.9699352
							],
							[
								114.1734617,
								-7.9698866
							],
							[
								114.1737134,
								-7.9698579
							],
							[
								114.1741009,
								-7.9695307
							],
							[
								114.1742287,
								-7.9694487
							],
							[
								114.1745153,
								-7.9693632
							],
							[
								114.1751783,
								-7.9694288
							],
							[
								114.17572,
								-7.969445
							],
							[
								114.1759794,
								-7.9694722
							],
							[
								114.1766813,
								-7.9695017
							],
							[
								114.176933,
								-7.9695537
							],
							[
								114.1773527,
								-7.9696443
							],
							[
								114.177635,
								-7.9697216
							],
							[
								114.1780927,
								-7.9698498
							],
							[
								114.1786268,
								-7.9701045
							],
							[
								114.1790693,
								-7.9702704
							],
							[
								114.1794584,
								-7.9703858
							],
							[
								114.1798551,
								-7.9705093
							],
							[
								114.1804121,
								-7.9704907
							],
							[
								114.1807859,
								-7.9705446
							],
							[
								114.1811979,
								-7.970681
							],
							[
								114.1813886,
								-7.9707687
							],
							[
								114.1816556,
								-7.9708345
							],
							[
								114.1818616,
								-7.9708607
							],
							[
								114.1820371,
								-7.9708869
							],
							[
								114.1823347,
								-7.9709141
							],
							[
								114.182533,
								-7.9709408
							],
							[
								114.1827772,
								-7.9710047
							],
							[
								114.1830289,
								-7.9710567
							],
							[
								114.1833189,
								-7.9711087
							],
							[
								114.1834257,
								-7.971122
							],
							[
								114.1837461,
								-7.9711745
							],
							[
								114.1842954,
								-7.971266
							],
							[
								114.1847379,
								-7.9713013
							],
							[
								114.1855695,
								-7.9714387
							],
							[
								114.1860349,
								-7.9714291
							],
							[
								114.186363,
								-7.9714129
							],
							[
								114.1866376,
								-7.9713895
							],
							[
								114.1868741,
								-7.9713533
							],
							[
								114.1869886,
								-7.9713013
							],
							[
								114.1874158,
								-7.971154
							],
							[
								114.1878965,
								-7.9710381
							],
							[
								114.1882932,
								-7.9710033
							],
							[
								114.1888044,
								-7.9710505
							],
							[
								114.1891935,
								-7.9711344
							],
							[
								114.1895139,
								-7.9712122
							],
							[
								114.1896741,
								-7.9712508
							],
							[
								114.190048,
								-7.9712756
							],
							[
								114.19046,
								-7.9713037
							],
							[
								114.1907346,
								-7.9713242
							],
							[
								114.1911161,
								-7.9713834
							],
							[
								114.1919019,
								-7.9716518
							],
							[
								114.1924894,
								-7.9718101
							],
							[
								114.1930082,
								-7.9720518
							],
							[
								114.1934126,
								-7.972161
							],
							[
								114.1938856,
								-7.9723399
							],
							[
								114.1942899,
								-7.9725683
							],
							[
								114.1946027,
								-7.9726894
							],
							[
								114.1947477,
								-7.9727905
							],
							[
								114.1950376,
								-7.972997
							],
							[
								114.1955335,
								-7.9732883
							],
							[
								114.1960981,
								-7.9738314
							],
							[
								114.1962812,
								-7.9739644
							],
							[
								114.1966398,
								-7.9741924
							],
							[
								114.1970289,
								-7.9743454
							],
							[
								114.1972577,
								-7.9744661
							],
							[
								114.1974485,
								-7.9745801
							],
							[
								114.197685,
								-7.974726
							],
							[
								114.1978834,
								-7.9748375
							],
							[
								114.1981122,
								-7.9750335
							],
							[
								114.1981414,
								-7.9750672
							],
							[
								114.1981428,
								-7.9750688
							],
							[
								114.1984251,
								-7.9753678
							],
							[
								114.1988218,
								-7.9756462
							],
							[
								114.1990888,
								-7.9758236
							],
							[
								114.1993482,
								-7.9758756
							],
							[
								114.1998517,
								-7.9758727
							],
							[
								114.2002103,
								-7.9759314
							],
							[
								114.2012937,
								-7.9759176
							],
							[
								114.2018506,
								-7.975846
							],
							[
								114.2023084,
								-7.9756858
							],
							[
								114.2034223,
								-7.9754364
							],
							[
								114.2036436,
								-7.9754417
							],
							[
								114.2039335,
								-7.9755752
							],
							[
								114.2044141,
								-7.9757979
							],
							[
								114.2047422,
								-7.9759505
							],
							[
								114.2051008,
								-7.9760406
							],
							[
								114.2052228,
								-7.9761293
							],
							[
								114.2052534,
								-7.9762046
							],
							[
								114.2053754,
								-7.9764817
							],
							[
								114.2054365,
								-7.976567
							],
							[
								114.2060087,
								-7.9769347
							],
							[
								114.2064359,
								-7.9770815
							],
							[
								114.2066724,
								-7.9771459
							],
							[
								114.2068937,
								-7.9772036
							],
							[
								114.2070768,
								-7.9772489
							],
							[
								114.2072446,
								-7.9772813
							],
							[
								114.2075193,
								-7.9773118
							],
							[
								114.2077024,
								-7.9773004
							],
							[
								114.2080152,
								-7.9773152
							],
							[
								114.2083356,
								-7.9773109
							],
							[
								114.208595,
								-7.977319
							],
							[
								114.2089841,
								-7.9773528
							],
							[
								114.2092893,
								-7.9773862
							],
							[
								114.2095945,
								-7.9774887
							],
							[
								114.2097547,
								-7.9775627
							],
							[
								114.209892,
								-7.9776261
							],
							[
								114.2099988,
								-7.977627
							],
							[
								114.2102048,
								-7.9775841
							],
							[
								114.2104947,
								-7.977555
							],
							[
								114.2107236,
								-7.9775379
							],
							[
								114.2110059,
								-7.9775708
							],
							[
								114.211395,
								-7.9776676
							],
							[
								114.2116926,
								-7.9777634
							],
							[
								114.2118223,
								-7.9778211
							],
							[
								114.2120817,
								-7.977967
							],
							[
								114.2123792,
								-7.9781005
							],
							[
								114.212547,
								-7.9781992
							],
							[
								114.2129056,
								-7.9783771
							],
							[
								114.2132032,
								-7.9785297
							],
							[
								114.2135084,
								-7.9786508
							],
							[
								114.2136457,
								-7.9787271
							],
							[
								114.2139661,
								-7.979049
							],
							[
								114.2141492,
								-7.9791815
							],
							[
								114.2145689,
								-7.9793851
							],
							[
								114.2150648,
								-7.9796016
							],
							[
								114.2155149,
								-7.9798276
							],
							[
								114.2158735,
								-7.9800684
							],
							[
								114.2161252,
								-7.9802015
							],
							[
								114.2164457,
								-7.9803293
							],
							[
								114.2167432,
								-7.980488
							],
							[
								114.2170637,
								-7.9806969
							],
							[
								114.2175901,
								-7.9811394
							],
							[
								114.2181089,
								-7.9814059
							],
							[
								114.2184751,
								-7.9816315
							],
							[
								114.2187192,
								-7.9817583
							],
							[
								114.2190015,
								-7.9819424
							],
							[
								114.2193296,
								-7.9821889
							],
							[
								114.2194364,
								-7.9823277
							],
							[
								114.2195432,
								-7.9825036
							],
							[
								114.2196729,
								-7.982774
							],
							[
								114.2199323,
								-7.9832961
							],
							[
								114.2201612,
								-7.9837868
							],
							[
								114.2203367,
								-7.9840863
							],
							[
								114.2205655,
								-7.984401
							],
							[
								114.2208555,
								-7.9846599
							],
							[
								114.2213743,
								-7.9851277
							],
							[
								114.22171,
								-7.9853489
							],
							[
								114.2219312,
								-7.9854696
							],
							[
								114.2220762,
								-7.9855082
							],
							[
								114.2225645,
								-7.9856245
							],
							[
								114.223007,
								-7.9857313
							],
							[
								114.223335,
								-7.9858339
							],
							[
								114.2234418,
								-7.9859288
							],
							[
								114.2236783,
								-7.9861996
							],
							[
								114.2239225,
								-7.9864771
							],
							[
								114.2241742,
								-7.9866354
							],
							[
								114.2243421,
								-7.9866621
							],
							[
								114.2243268,
								-7.9859397
							],
							[
								114.2243268,
								-7.9858925
							],
							[
								114.2243421,
								-7.9857347
							],
							[
								114.2243421,
								-7.985708
							],
							[
								114.2243345,
								-7.9855287
							],
							[
								114.2243879,
								-7.9853317
							],
							[
								114.2244642,
								-7.9851186
							],
							[
								114.2245023,
								-7.9850199
							],
							[
								114.2245252,
								-7.9849169
							],
							[
								114.2245405,
								-7.9848339
							],
							[
								114.2245485,
								-7.984811
							],
							[
								114.2245786,
								-7.9847252
							],
							[
								114.2246168,
								-7.9846136
							],
							[
								114.2248075,
								-7.9842903
							],
							[
								114.224838,
								-7.9840538
							],
							[
								114.2248456,
								-7.9839308
							],
							[
								114.2248456,
								-7.9838788
							],
							[
								114.2248533,
								-7.9838111
							],
							[
								114.2248685,
								-7.9837539
							],
							[
								114.2248762,
								-7.9837153
							],
							[
								114.2249524,
								-7.9835512
							],
							[
								114.224983,
								-7.9834034
							],
							[
								114.2249982,
								-7.9833295
							],
							[
								114.2250059,
								-7.9832775
							],
							[
								114.2250211,
								-7.9831688
							],
							[
								114.2250364,
								-7.9831125
							],
							[
								114.2250822,
								-7.9830115
							],
							[
								114.2250822,
								-7.9829519
							],
							[
								114.2251508,
								-7.9828317
							],
							[
								114.225189,
								-7.982732
							],
							[
								114.2252042,
								-7.9827034
							],
							[
								114.2253339,
								-7.9825236
							],
							[
								114.2254789,
								-7.9823219
							],
							[
								114.2257459,
								-7.9820063
							],
							[
								114.2260282,
								-7.9816396
							],
							[
								114.2261808,
								-7.981466
							],
							[
								114.2262265,
								-7.9813888
							],
							[
								114.2263029,
								-7.9812085
							],
							[
								114.2263257,
								-7.9810893
							],
							[
								114.2264249,
								-7.9809625
							],
							[
								114.2265241,
								-7.9808381
							],
							[
								114.2266004,
								-7.9807579
							],
							[
								114.2269132,
								-7.980541
							],
							[
								114.2271955,
								-7.9804222
							],
							[
								114.2273405,
								-7.9803598
							],
							[
								114.227989,
								-7.9798944
							],
							[
								114.2280271,
								-7.9798624
							],
							[
								114.2283475,
								-7.9794986
							],
							[
								114.2283857,
								-7.9794381
							],
							[
								114.2284925,
								-7.9792464
							],
							[
								114.2285612,
								-7.9790752
							],
							[
								114.2286604,
								-7.9788286
							],
							[
								114.2286832,
								-7.9786284
							],
							[
								114.2286985,
								-7.9784271
							],
							[
								114.2287137,
								-7.9783432
							],
							[
								114.2287519,
								-7.9782131
							],
							[
								114.2287824,
								-7.9779989
							],
							[
								114.2288053,
								-7.977833
							],
							[
								114.2288663,
								-7.9776738
							],
							[
								114.2288053,
								-7.9772985
							],
							[
								114.2288053,
								-7.9770338
							],
							[
								114.2288129,
								-7.9768174
							],
							[
								114.2288053,
								-7.9767849
							],
							[
								114.2288129,
								-7.9765036
							],
							[
								114.2288282,
								-7.9763572
							],
							[
								114.2288358,
								-7.9761793
							],
							[
								114.2288358,
								-7.9760587
							],
							[
								114.228935,
								-7.9757812
							],
							[
								114.2290189,
								-7.975589
							],
							[
								114.2291105,
								-7.9754679
							],
							[
								114.2293089,
								-7.9752972
							],
							[
								114.2294309,
								-7.9751747
							],
							[
								114.2294843,
								-7.975137
							],
							[
								114.2298429,
								-7.974837
							],
							[
								114.2298963,
								-7.9747774
							],
							[
								114.2299955,
								-7.97458
							],
							[
								114.2300565,
								-7.9743507
							],
							[
								114.2300794,
								-7.9739425
							],
							[
								114.2300642,
								-7.9737785
							],
							[
								114.230026,
								-7.9736097
							],
							[
								114.2300489,
								-7.9734652
							],
							[
								114.2300718,
								-7.9733741
							],
							[
								114.2301252,
								-7.9732549
							],
							[
								114.2301633,
								-7.9731614
							],
							[
								114.2302549,
								-7.9729874
							],
							[
								114.2303007,
								-7.9729369
							],
							[
								114.2303312,
								-7.972851
							],
							[
								114.2303769,
								-7.9727237
							],
							[
								114.2304227,
								-7.9725778
							],
							[
								114.230438,
								-7.9725506
							],
							[
								114.2306058,
								-7.9722473
							],
							[
								114.2307203,
								-7.9721291
							],
							[
								114.2308424,
								-7.9719054
							],
							[
								114.2310636,
								-7.9715831
							],
							[
								114.2311704,
								-7.9714829
							],
							[
								114.2312848,
								-7.9713442
							],
							[
								114.2313917,
								-7.9712345
							],
							[
								114.2315824,
								-7.97108
							],
							[
								114.2316739,
								-7.9709766
							],
							[
								114.2320097,
								-7.9707644
							],
							[
								114.232208,
								-7.9706461
							],
							[
								114.2323758,
								-7.9705379
							],
							[
								114.232826,
								-7.970412
							],
							[
								114.2328794,
								-7.9703967
							],
							[
								114.2329709,
								-7.9700544
							],
							[
								114.2330777,
								-7.9697649
							],
							[
								114.2331998,
								-7.9694321
							],
							[
								114.2333448,
								-7.9691469
							],
							[
								114.2334516,
								-7.9689037
							],
							[
								114.2336118,
								-7.9686787
							],
							[
								114.2339323,
								-7.9682405
							],
							[
								114.2341153,
								-7.9679768
							],
							[
								114.2342298,
								-7.9677827
							],
							[
								114.2342908,
								-7.9676678
							],
							[
								114.2346723,
								-7.9669969
							],
							[
								114.2349698,
								-7.9665563
							],
							[
								114.2350767,
								-7.966449
							],
							[
								114.2353971,
								-7.9657719
							],
							[
								114.2357633,
								-7.9650347
							],
							[
								114.2360608,
								-7.9644315
							],
							[
								114.2361753,
								-7.9641783
							],
							[
								114.2362592,
								-7.9639799
							],
							[
								114.236427,
								-7.963782
							],
							[
								114.2365796,
								-7.9632427
							],
							[
								114.2366254,
								-7.9630692
							],
							[
								114.2369916,
								-7.9622152
							],
							[
								114.2370755,
								-7.962034
							],
							[
								114.2375181,
								-7.9614312
							],
							[
								114.2376249,
								-7.9613115
							],
							[
								114.2377622,
								-7.9612281
							],
							[
								114.2378766,
								-7.9611132
							],
							[
								114.2380369,
								-7.9610469
							],
							[
								114.2399518,
								-7.9603808
							],
							[
								114.2405088,
								-7.9602434
							],
							[
								114.2405545,
								-7.9602349
							],
							[
								114.2406843,
								-7.9599778
							],
							[
								114.240875,
								-7.9596493
							],
							[
								114.2414625,
								-7.9586084
							],
							[
								114.2420194,
								-7.9577577
							],
							[
								114.2421415,
								-7.9575717
							],
							[
								114.2421644,
								-7.9575069
							],
							[
								114.2424924,
								-7.9567168
							],
							[
								114.2429578,
								-7.9555618
							],
							[
								114.2430494,
								-7.9550397
							],
							[
								114.2430646,
								-7.9546773
							],
							[
								114.2431104,
								-7.9544937
							],
							[
								114.2434614,
								-7.954096
							],
							[
								114.2437894,
								-7.9537994
							],
							[
								114.2439267,
								-7.9536936
							],
							[
								114.2440183,
								-7.9535815
							],
							[
								114.2441251,
								-7.9533946
							],
							[
								114.2442777,
								-7.9531862
							],
							[
								114.2443387,
								-7.9530837
							],
							[
								114.2447126,
								-7.9521334
							],
							[
								114.2450407,
								-7.9515326
							],
							[
								114.2452848,
								-7.9511678
							],
							[
								114.2458341,
								-7.950648
							],
							[
								114.2460019,
								-7.9504726
							],
							[
								114.2461164,
								-7.9502527
							],
							[
								114.2461774,
								-7.9499843
							],
							[
								114.2461698,
								-7.9497344
							],
							[
								114.2460859,
								-7.9495651
							],
							[
								114.2460325,
								-7.9493472
							],
							[
								114.2460706,
								-7.9489872
							],
							[
								114.2461774,
								-7.9486248
							],
							[
								114.2464292,
								-7.9478619
							],
							[
								114.2465207,
								-7.9476239
							],
							[
								114.2468107,
								-7.9469397
							],
							[
								114.2469251,
								-7.9466221
							],
							[
								114.2471387,
								-7.9463446
							],
							[
								114.2471692,
								-7.9462845
							],
							[
								114.2471692,
								-7.9457857
							],
							[
								114.2471998,
								-7.945606
							],
							[
								114.2476118,
								-7.9450795
							],
							[
								114.2478635,
								-7.9447658
							],
							[
								114.2479322,
								-7.9446356
							],
							[
								114.2480466,
								-7.9442837
							],
							[
								114.2481534,
								-7.9441192
							],
							[
								114.2483976,
								-7.9439752
							],
							[
								114.2485578,
								-7.9439094
							],
							[
								114.2487409,
								-7.9433953
							],
							[
								114.2488477,
								-7.942868
							],
							[
								114.2491071,
								-7.9420912
							],
							[
								114.2492444,
								-7.9413726
							],
							[
								114.2493894,
								-7.9409711
							],
							[
								114.2495649,
								-7.9404523
							],
							[
								114.2496488,
								-7.9397351
							],
							[
								114.2496946,
								-7.939358
							],
							[
								114.2499997,
								-7.939007
							],
							[
								114.2502286,
								-7.9387447
							],
							[
								114.2506559,
								-7.9384248
							],
							[
								114.2508314,
								-7.9379346
							],
							[
								114.2508924,
								-7.937761
							],
							[
								114.2511823,
								-7.9375021
							],
							[
								114.2513425,
								-7.9374115
							],
							[
								114.2516477,
								-7.9370577
							],
							[
								114.2520902,
								-7.9365184
							],
							[
								114.2530439,
								-7.9352982
							],
							[
								114.2536085,
								-7.9348333
							],
							[
								114.2538145,
								-7.9345858
							],
							[
								114.253906,
								-7.9343316
							],
							[
								114.2540433,
								-7.9340861
							],
							[
								114.2547834,
								-7.9336316
							],
							[
								114.2549283,
								-7.9335601
							],
							[
								114.2560041,
								-7.9330871
							],
							[
								114.2566221,
								-7.9327366
							],
							[
								114.2566602,
								-7.9327171
							],
							[
								114.2570417,
								-7.9326241
							],
							[
								114.2572171,
								-7.9325759
							],
							[
								114.2573392,
								-7.9324515
							],
							[
								114.257942,
								-7.931865
							],
							[
								114.2587049,
								-7.9314177
							],
							[
								114.259033,
								-7.9312345
							],
							[
								114.2593076,
								-7.9309966
							],
							[
								114.2602918,
								-7.9301102
							],
							[
								114.2609861,
								-7.9295084
							],
							[
								114.2614667,
								-7.9291145
							],
							[
								114.2620008,
								-7.9285733
							],
							[
								114.262428,
								-7.9280512
							],
							[
								114.2626645,
								-7.927622
							],
							[
								114.2627713,
								-7.9270699
							],
							[
								114.2629773,
								-7.9264976
							],
							[
								114.2632062,
								-7.9261248
							],
							[
								114.2635495,
								-7.9257748
							],
							[
								114.2642591,
								-7.925481
							],
							[
								114.2648313,
								-7.9251267
							],
							[
								114.2652356,
								-7.9248507
							],
							[
								114.2655103,
								-7.9245708
							],
							[
								114.2658002,
								-7.9241783
							],
							[
								114.2662427,
								-7.9236142
							],
							[
								114.2668683,
								-7.9230277
							],
							[
								114.2674024,
								-7.9225871
							],
							[
								114.2680433,
								-7.9220817
							],
							[
								114.2687223,
								-7.921663
							],
							[
								114.2692258,
								-7.9213292
							],
							[
								114.2696302,
								-7.9210278
							],
							[
								114.2700727,
								-7.920664
							],
							[
								114.2705762,
								-7.9202296
							],
							[
								114.2710492,
								-7.9198339
							],
							[
								114.2713239,
								-7.9195911
							],
							[
								114.2714689,
								-7.9192697
							],
							[
								114.2714841,
								-7.9189636
							],
							[
								114.2713392,
								-7.9185163
							],
							[
								114.2710645,
								-7.9178283
							],
							[
								114.2710645,
								-7.9175455
							],
							[
								114.2710416,
								-7.9172756
							],
							[
								114.2709806,
								-7.9168026
							],
							[
								114.2709729,
								-7.9165594
							],
							[
								114.2710416,
								-7.9161932
							],
							[
								114.2711484,
								-7.9156973
							],
							[
								114.2713086,
								-7.9149096
							],
							[
								114.2713092,
								-7.9149088
							],
							[
								114.2715528,
								-7.9145696
							],
							[
								114.2718046,
								-7.914282
							],
							[
								114.2719877,
								-7.9141447
							],
							[
								114.2722623,
								-7.9139649
							],
							[
								114.2728193,
								-7.9136221
							],
							[
								114.2733228,
								-7.9133536
							],
							[
								114.273689,
								-7.9132215
							],
							[
								114.2752759,
								-7.9130394
							],
							[
								114.2756498,
								-7.9129378
							],
							[
								114.2759931,
								-7.9127752
							],
							[
								114.2761533,
								-7.9126584
							],
							[
								114.276344,
								-7.9124214
							],
							[
								114.2764737,
								-7.9121115
							],
							[
								114.2766721,
								-7.9113872
							],
							[
								114.2770078,
								-7.910794
							],
							[
								114.2772519,
								-7.9104874
							],
							[
								114.2773893,
								-7.9103682
							],
							[
								114.2775037,
								-7.9103038
							],
							[
								114.2777478,
								-7.9101331
							],
							[
								114.2784269,
								-7.9094455
							],
							[
								114.2784726,
								-7.9092271
							],
							[
								114.2784269,
								-7.9088237
							],
							[
								114.2783734,
								-7.9082124
							],
							[
								114.2782972,
								-7.907644
							],
							[
								114.278259,
								-7.9066307
							],
							[
								114.2783429,
								-7.9065415
							],
							[
								114.2787321,
								-7.9059083
							],
							[
								114.278938,
								-7.9056379
							],
							[
								114.2798154,
								-7.9048802
							],
							[
								114.2800824,
								-7.9046876
							],
							[
								114.2802961,
								-7.9044988
							],
							[
								114.2807157,
								-7.9039432
							],
							[
								114.2808606,
								-7.9036738
							],
							[
								114.2809369,
								-7.9032881
							],
							[
								114.2810285,
								-7.9027645
							],
							[
								114.2812574,
								-7.902477
							],
							[
								114.2819974,
								-7.9018847
							],
							[
								114.2822797,
								-7.9016563
							],
							[
								114.282623,
								-7.9010522
							],
							[
								114.282768,
								-7.9008414
							],
							[
								114.2830045,
								-7.9003784
							],
							[
								114.2831189,
								-7.9000761
							],
							[
								114.2831571,
								-7.8995401
							],
							[
								114.2831342,
								-7.8990023
							],
							[
								114.2831418,
								-7.8982851
							],
							[
								114.2831189,
								-7.8980095
							],
							[
								114.2831342,
								-7.8974935
							],
							[
								114.2831342,
								-7.8972361
							],
							[
								114.2835538,
								-7.8968789
							],
							[
								114.2846601,
								-7.8958404
							],
							[
								114.2851331,
								-7.895488
							],
							[
								114.2855604,
								-7.8953115
							],
							[
								114.2863309,
								-7.8950908
							],
							[
								114.2871549,
								-7.8947937
							],
							[
								114.2877042,
								-7.8945882
							],
							[
								114.2882306,
								-7.8943035
							],
							[
								114.2884061,
								-7.8941719
							],
							[
								114.2885053,
								-7.8940198
							],
							[
								114.2885511,
								-7.8938505
							],
							[
								114.2885968,
								-7.8936455
							],
							[
								114.2886731,
								-7.8935358
							],
							[
								114.2888944,
								-7.8933479
							],
							[
								114.2895553,
								-7.8932031
							],
							[
								114.2897794,
								-7.8926703
							],
							[
								114.2898786,
								-7.8925497
							],
							[
								114.2899472,
								-7.8922603
							],
							[
								114.2900617,
								-7.8918163
							],
							[
								114.2901304,
								-7.8917224
							],
							[
								114.2902143,
								-7.8916842
							],
							[
								114.291435,
								-7.8912336
							],
							[
								114.2915265,
								-7.8912012
							],
							[
								114.2917325,
								-7.8911044
							],
							[
								114.2918386,
								-7.8910166
							],
							[
								114.2918851,
								-7.890978
							],
							[
								114.2919843,
								-7.8907887
							],
							[
								114.2923124,
								-7.8899204
							],
							[
								114.2924039,
								-7.8897335
							],
							[
								114.292732,
								-7.889259
							],
							[
								114.2931363,
								-7.8889219
							],
							[
								114.293266,
								-7.8888437
							],
							[
								114.2935636,
								-7.888828
							],
							[
								114.2941968,
								-7.8889434
							],
							[
								114.2943647,
								-7.8889748
							],
							[
								114.2945859,
								-7.8890354
							],
							[
								114.2947232,
								-7.8891208
							],
							[
								114.2951505,
								-7.8888933
							],
							[
								114.2954862,
								-7.8887484
							],
							[
								114.2955625,
								-7.8887069
							],
							[
								114.2957227,
								-7.8886311
							],
							[
								114.2959821,
								-7.8885218
							],
							[
								114.2967069,
								-7.8879339
							],
							[
								114.2968671,
								-7.8877703
							],
							[
								114.2971494,
								-7.8872582
							],
							[
								114.2974012,
								-7.8868234
							],
							[
								114.2975156,
								-7.8866517
							],
							[
								114.2975538,
								-7.8866026
							],
							[
								114.2976453,
								-7.8865415
							],
							[
								114.2979734,
								-7.8865258
							],
							[
								114.298393,
								-7.8865697
							],
							[
								114.2984998,
								-7.8865802
							],
							[
								114.2985685,
								-7.8865478
							],
							[
								114.2987287,
								-7.8863012
							],
							[
								114.2988889,
								-7.885986
							],
							[
								114.2989957,
								-7.885842
							],
							[
								114.2991331,
								-7.8857462
							],
							[
								114.2994306,
								-7.8856561
							],
							[
								114.2998349,
								-7.885595
							],
							[
								114.3002622,
								-7.8855998
							],
							[
								114.3008496,
								-7.8855473
							],
							[
								114.3011625,
								-7.8855216
							],
							[
								114.3013608,
								-7.8855449
							],
							[
								114.3017728,
								-7.8856837
							],
							[
								114.3020704,
								-7.8854882
							],
							[
								114.3021848,
								-7.8854109
							],
							[
								114.3028257,
								-7.8850843
							],
							[
								114.3033063,
								-7.884813
							],
							[
								114.3035581,
								-7.88468
							],
							[
								114.3038251,
								-7.8846657
							],
							[
								114.3043134,
								-7.8849031
							],
							[
								114.3045652,
								-7.8851463
							],
							[
								114.3047788,
								-7.8852898
							],
							[
								114.3049543,
								-7.8853318
							],
							[
								114.3050992,
								-7.8853408
							],
							[
								114.3052976,
								-7.8852608
							],
							[
								114.3059156,
								-7.8851744
							],
							[
								114.3062818,
								-7.8851587
							],
							[
								114.3065259,
								-7.8851926
							],
							[
								114.3067319,
								-7.8852679
							],
							[
								114.3069608,
								-7.8854172
							],
							[
								114.3070829,
								-7.8855206
							],
							[
								114.3071287,
								-7.8855607
							],
							[
								114.3071973,
								-7.8856479
							],
							[
								114.3072202,
								-7.8857462
							],
							[
								114.3071592,
								-7.8860008
							],
							[
								114.3070981,
								-7.8861725
							],
							[
								114.3070981,
								-7.8862559
							],
							[
								114.3071668,
								-7.8863351
							],
							[
								114.3075254,
								-7.886481
							],
							[
								114.3078305,
								-7.886614
							],
							[
								114.3082349,
								-7.8868691
							],
							[
								114.3085325,
								-7.887139
							],
							[
								114.3089521,
								-7.8876378
							],
							[
								114.3090894,
								-7.8877928
							],
							[
								114.3093336,
								-7.8879735
							],
							[
								114.309509,
								-7.8880569
							],
							[
								114.3098066,
								-7.8880827
							],
							[
								114.3105466,
								-7.8881571
							],
							[
								114.310951,
								-7.8882433
							],
							[
								114.3111799,
								-7.8883325
							],
							[
								114.3114392,
								-7.8884918
							],
							[
								114.3116147,
								-7.888631
							],
							[
								114.3117139,
								-7.8887498
							],
							[
								114.3117597,
								-7.8888428
							],
							[
								114.3117521,
								-7.8889453
							],
							[
								114.3115003,
								-7.8892566
							],
							[
								114.3112409,
								-7.8895571
							],
							[
								114.3111188,
								-7.8897387
							],
							[
								114.3110959,
								-7.8898384
							],
							[
								114.3115613,
								-7.890278
							],
							[
								114.3118055,
								-7.8904616
							],
							[
								114.3119733,
								-7.8905427
							],
							[
								114.3129117,
								-7.8905722
							],
							[
								114.3130567,
								-7.8905837
							],
							[
								114.3131559,
								-7.8906423
							],
							[
								114.3132703,
								-7.8907639
							],
							[
								114.3134839,
								-7.8908836
							],
							[
								114.3138175,
								-7.8910166
							],
							[
								114.3139493,
								-7.8910691
							],
							[
								114.3140485,
								-7.8911063
							],
							[
								114.3146055,
								-7.8918011
							],
							[
								114.3149259,
								-7.8923322
							],
							[
								114.3159177,
								-7.8934953
							],
							[
								114.3167646,
								-7.8944484
							],
							[
								114.3176877,
								-7.8951442
							],
							[
								114.3186261,
								-7.8957159
							],
							[
								114.3189237,
								-7.8956372
							],
							[
								114.3192975,
								-7.8956062
							],
							[
								114.3195645,
								-7.8956334
							],
							[
								114.3200986,
								-7.895795
							],
							[
								114.3212888,
								-7.8963915
							],
							[
								114.3217771,
								-7.8967997
							],
							[
								114.3219983,
								-7.8969719
							],
							[
								114.3221433,
								-7.8970458
							],
							[
								114.3223111,
								-7.8970787
							],
							[
								114.3229062,
								-7.8969957
							],
							[
								114.3230893,
								-7.8969738
							],
							[
								114.3232114,
								-7.8969957
							],
							[
								114.3233716,
								-7.8970734
							],
							[
								114.3234708,
								-7.8971583
							],
							[
								114.3234937,
								-7.8972417
							],
							[
								114.3234098,
								-7.8975445
							],
							[
								114.3233258,
								-7.897783
							],
							[
								114.323303,
								-7.8980834
							],
							[
								114.323303,
								-7.8983738
							],
							[
								114.3233487,
								-7.8985674
							],
							[
								114.3235166,
								-7.898924
							],
							[
								114.3235929,
								-7.8990852
							],
							[
								114.3238065,
								-7.8990261
							],
							[
								114.3239591,
								-7.899017
							],
							[
								114.3241575,
								-7.8990585
							],
							[
								114.3244626,
								-7.899223
							],
							[
								114.3253629,
								-7.8999454
							],
							[
								114.3257291,
								-7.9002267
							],
							[
								114.3260801,
								-7.9004313
							],
							[
								114.326103,
								-7.9004451
							],
							[
								114.3273999,
								-7.900912
							],
							[
								114.3278653,
								-7.9010774
							],
							[
								114.328285,
								-7.9011771
							],
							[
								114.3288953,
								-7.9013087
							],
							[
								114.3295743,
								-7.9015414
							],
							[
								114.3298566,
								-7.9016659
							],
							[
								114.3300168,
								-7.9017774
							],
							[
								114.3301694,
								-7.9019562
							],
							[
								114.3303296,
								-7.9022786
							],
							[
								114.3303301,
								-7.9022797
							],
							[
								114.330467,
								-7.9025928
							],
							[
								114.3305814,
								-7.9028489
							],
							[
								114.3306729,
								-7.9032208
							],
							[
								114.3306958,
								-7.9038822
							],
							[
								114.3306272,
								-7.9040462
							],
							[
								114.3307569,
								-7.9041115
							],
							[
								114.3308713,
								-7.9042293
							],
							[
								114.3312528,
								-7.9044368
							],
							[
								114.3314817,
								-7.9045736
							],
							[
								114.3319852,
								-7.9048716
							],
							[
								114.3323667,
								-7.9051086
							],
							[
								114.3326718,
								-7.905358
							],
							[
								114.3327939,
								-7.9054781
							],
							[
								114.3328702,
								-7.9056179
							],
							[
								114.3328931,
								-7.9057146
							],
							[
								114.3327481,
								-7.9060194
							],
							[
								114.3326413,
								-7.9062573
							],
							[
								114.3326337,
								-7.9064022
							],
							[
								114.3326184,
								-7.9067785
							],
							[
								114.3326795,
								-7.9068409
							],
							[
								114.3328397,
								-7.9069153
							],
							[
								114.3329847,
								-7.9069378
							],
							[
								114.3331525,
								-7.9069072
							],
							[
								114.3336408,
								-7.9066788
							],
							[
								114.3340909,
								-7.90649
							],
							[
								114.3342893,
								-7.9064352
							],
							[
								114.3344571,
								-7.906428
							],
							[
								114.3346021,
								-7.90647
							],
							[
								114.3348844,
								-7.906696
							],
							[
								114.3351209,
								-7.906911
							],
							[
								114.3352887,
								-7.9070274
							],
							[
								114.3358152,
								-7.9070522
							],
							[
								114.3361356,
								-7.9070384
							],
							[
								114.3362195,
								-7.907026
							],
							[
								114.3375547,
								-7.9070121
							],
							[
								114.3382795,
								-7.9070121
							],
							[
								114.3385083,
								-7.9070078
							],
							[
								114.3386609,
								-7.9070479
							],
							[
								114.3389051,
								-7.9071857
							],
							[
								114.3391797,
								-7.9074351
							],
							[
								114.3393094,
								-7.9075529
							],
							[
								114.339401,
								-7.9075958
							],
							[
								114.3394238,
								-7.9076044
							],
							[
								114.3395307,
								-7.9075915
							],
							[
								114.3396146,
								-7.9075433
							],
							[
								114.3396985,
								-7.9074933
							],
							[
								114.3397977,
								-7.9073883
							],
							[
								114.3398435,
								-7.9072114
							],
							[
								114.339935,
								-7.9067122
							],
							[
								114.3399961,
								-7.906419
							],
							[
								114.3401105,
								-7.9061343
							],
							[
								114.3401868,
								-7.9060198
							],
							[
								114.3403013,
								-7.9059373
							],
							[
								114.3404233,
								-7.905904
							],
							[
								114.3405454,
								-7.9059207
							],
							[
								114.3406903,
								-7.905997
							],
							[
								114.3408277,
								-7.9061362
							],
							[
								114.3409192,
								-7.9063565
							],
							[
								114.3409955,
								-7.9066683
							],
							[
								114.341026,
								-7.9067809
							],
							[
								114.3410947,
								-7.9070293
							],
							[
								114.341171,
								-7.9072439
							],
							[
								114.3412244,
								-7.9073144
							],
							[
								114.3413388,
								-7.9073545
							],
							[
								114.3417966,
								-7.9073102
							],
							[
								114.3419263,
								-7.9071418
							],
							[
								114.342323,
								-7.9071743
							],
							[
								114.3426816,
								-7.9072744
							],
							[
								114.3431775,
								-7.9075252
							],
							[
								114.3435437,
								-7.9080164
							],
							[
								114.3437192,
								-7.9082257
							],
							[
								114.3442685,
								-7.9088794
							],
							[
								114.3445127,
								-7.9092857
							],
							[
								114.3446271,
								-7.9095737
							],
							[
								114.3446653,
								-7.9100863
							],
							[
								114.3446347,
								-7.9102742
							],
							[
								114.344505,
								-7.910484
							],
							[
								114.3444135,
								-7.9106151
							],
							[
								114.3442609,
								-7.9109651
							],
							[
								114.3442075,
								-7.9111606
							],
							[
								114.344238,
								-7.9112975
							],
							[
								114.3443753,
								-7.9114214
							],
							[
								114.3445585,
								-7.911482
							],
							[
								114.3447186,
								-7.9114806
							],
							[
								114.3450773,
								-7.9113075
							],
							[
								114.3456342,
								-7.9110295
							],
							[
								114.3462064,
								-7.9109546
							],
							[
								114.3472364,
								-7.910854
							],
							[
								114.3476941,
								-7.9108144
							],
							[
								114.3479993,
								-7.9108345
							],
							[
								114.3481748,
								-7.9108902
							],
							[
								114.3483426,
								-7.9110247
							],
							[
								114.3484952,
								-7.9112631
							],
							[
								114.3486478,
								-7.911832
							],
							[
								114.3487165,
								-7.91214
							],
							[
								114.3488004,
								-7.9122945
							],
							[
								114.3488538,
								-7.9123303
							],
							[
								114.3490369,
								-7.9123932
							],
							[
								114.3491742,
								-7.9124266
							],
							[
								114.3493802,
								-7.912428
							],
							[
								114.3496472,
								-7.9123713
							],
							[
								114.3498761,
								-7.9123269
							],
							[
								114.3501508,
								-7.9123093
							],
							[
								114.3503568,
								-7.9123627
							],
							[
								114.3505018,
								-7.9124676
							],
							[
								114.3506009,
								-7.9125921
							],
							[
								114.3506848,
								-7.9127685
							],
							[
								114.3508222,
								-7.9130298
							],
							[
								114.3509366,
								-7.9131872
							],
							[
								114.3511045,
								-7.9133507
							],
							[
								114.3513181,
								-7.913541
							],
							[
								114.351463,
								-7.913633
							],
							[
								114.3515775,
								-7.9136535
							],
							[
								114.351753,
								-7.9136416
							],
							[
								114.3518903,
								-7.9135772
							],
							[
								114.3520505,
								-7.9134871
							],
							[
								114.3521878,
								-7.9134099
							],
							[
								114.3526609,
								-7.9132844
							],
							[
								114.3532712,
								-7.913252
							],
							[
								114.3539502,
								-7.913293
							],
							[
								114.3548276,
								-7.9134194
							],
							[
								114.3555295,
								-7.9135572
							],
							[
								114.3562238,
								-7.9136339
							],
							[
								114.3564069,
								-7.9135867
							],
							[
								114.3566739,
								-7.9133583
							],
							[
								114.3569638,
								-7.9130575
							],
							[
								114.3572385,
								-7.9128658
							],
							[
								114.3574292,
								-7.9128429
							],
							[
								114.3579175,
								-7.9130274
							],
							[
								114.3584592,
								-7.9132487
							],
							[
								114.3589551,
								-7.9134456
							],
							[
								114.3598935,
								-7.9137494
							],
							[
								114.36007,
								-7.9138251
							],
							[
								114.360126,
								-7.9138491
							],
							[
								114.3607328,
								-7.9141094
							],
							[
								114.3615338,
								-7.914375
							],
							[
								114.3617627,
								-7.914478
							],
							[
								114.3619535,
								-7.9146387
							],
							[
								114.3620984,
								-7.9149004
							],
							[
								114.3621213,
								-7.9151761
							],
							[
								114.3621671,
								-7.9154373
							],
							[
								114.3624112,
								-7.9157435
							],
							[
								114.3626249,
								-7.9159476
							],
							[
								114.3630063,
								-7.9160954
							],
							[
								114.363342,
								-7.9162565
							],
							[
								114.3636472,
								-7.9164473
							],
							[
								114.3642957,
								-7.9167525
							],
							[
								114.3644635,
								-7.9168974
							],
							[
								114.3645856,
								-7.9172507
							],
							[
								114.3646619,
								-7.9175388
							],
							[
								114.3648145,
								-7.9177486
							],
							[
								114.3649823,
								-7.9179851
							],
							[
								114.3651273,
								-7.9181296
							],
							[
								114.3652875,
								-7.9182087
							],
							[
								114.3654706,
								-7.9182493
							],
							[
								114.3657529,
								-7.9181858
							],
							[
								114.3659818,
								-7.9180304
							],
							[
								114.3662412,
								-7.9179408
							],
							[
								114.3667676,
								-7.9179441
							],
							[
								114.3673322,
								-7.9179603
							],
							[
								114.3678052,
								-7.9180418
							],
							[
								114.3686063,
								-7.9183084
							],
							[
								114.3694379,
								-7.918614
							],
							[
								114.3704373,
								-7.9187247
							],
							[
								114.3708875,
								-7.918748
							],
							[
								114.3713987,
								-7.9186908
							],
							[
								114.3720929,
								-7.9185945
							],
							[
								114.3724057,
								-7.9185864
							],
							[
								114.3726499,
								-7.9186584
							],
							[
								114.3727796,
								-7.91881
							],
							[
								114.3729322,
								-7.9190227
							],
							[
								114.3730008,
								-7.9193055
							],
							[
								114.3731076,
								-7.9197894
							],
							[
								114.3732297,
								-7.9201428
							],
							[
								114.3733594,
								-7.9202949
							],
							[
								114.3734891,
								-7.9203058
							],
							[
								114.3736722,
								-7.9201456
							],
							[
								114.3738782,
								-7.9200059
							],
							[
								114.3740689,
								-7.9199163
							],
							[
								114.3742292,
								-7.9198872
							],
							[
								114.3745419,
								-7.9200102
							],
							[
								114.3749997,
								-7.9202152
							],
							[
								114.3750836,
								-7.9202477
							],
							[
								114.3757474,
								-7.9205128
							],
							[
								114.3760755,
								-7.9206573
							],
							[
								114.3764264,
								-7.9207784
							],
							[
								114.376846,
								-7.9208876
							],
							[
								114.3770978,
								-7.9209248
							],
							[
								114.3774411,
								-7.9209152
							],
							[
								114.3779981,
								-7.9209067
							],
							[
								114.3782727,
								-7.9209205
							],
							[
								114.3784787,
								-7.9209691
							],
							[
								114.3785703,
								-7.9210531
							],
							[
								114.3786313,
								-7.9211837
							],
							[
								114.3786847,
								-7.9215165
							],
							[
								114.3788297,
								-7.9217664
							],
							[
								114.379112,
								-7.9220415
							],
							[
								114.3794476,
								-7.9223281
							],
							[
								114.3801801,
								-7.9227248
							],
							[
								114.3809507,
								-7.9231449
							],
							[
								114.3812711,
								-7.9232775
							],
							[
								114.381622,
								-7.9233867
							],
							[
								114.3818891,
								-7.9234239
							],
							[
								114.3828809,
								-7.9235131
							],
							[
								114.3835752,
								-7.9235889
							],
							[
								114.383949,
								-7.9236742
							],
							[
								114.3843076,
								-7.9238306
							],
							[
								114.3847272,
								-7.9240352
							],
							[
								114.385185,
								-7.9243346
							],
							[
								114.3853757,
								-7.924462
							],
							[
								114.385513,
								-7.9245859
							],
							[
								114.3856498,
								-7.9247602
							],
							[
								114.3856504,
								-7.9247609
							],
							[
								114.3857343,
								-7.924892
							],
							[
								114.3857877,
								-7.9249674
							],
							[
								114.3859784,
								-7.9252535
							],
							[
								114.3861462,
								-7.9253613
							],
							[
								114.3867719,
								-7.9256974
							],
							[
								114.387428,
								-7.9260222
							],
							[
								114.3878552,
								-7.9261671
							],
							[
								114.3880612,
								-7.9261924
							],
							[
								114.3882291,
								-7.9261223
							],
							[
								114.3883664,
								-7.9259568
							],
							[
								114.3884809,
								-7.9258271
							],
							[
								114.3886106,
								-7.9258281
							],
							[
								114.3887784,
								-7.9259239
							],
							[
								114.3893201,
								-7.9264852
							],
							[
								114.3895337,
								-7.9265934
							],
							[
								114.3898084,
								-7.9267017
							],
							[
								114.3901059,
								-7.9268581
							],
							[
								114.3902814,
								-7.9269186
							],
							[
								114.3905103,
								-7.9269081
							],
							[
								114.3908917,
								-7.9267322
							],
							[
								114.391174,
								-7.9266511
							],
							[
								114.3919294,
								-7.9266678
							],
							[
								114.3928906,
								-7.9267093
							],
							[
								114.3933789,
								-7.9267007
							],
							[
								114.393974,
								-7.9267636
							],
							[
								114.3943555,
								-7.9267899
							],
							[
								114.3946454,
								-7.9267441
							],
							[
								114.3949429,
								-7.9266392
							],
							[
								114.3952176,
								-7.9266053
							],
							[
								114.3955304,
								-7.9266192
							],
							[
								114.3957898,
								-7.9266325
							],
							[
								114.3962552,
								-7.9267064
							],
							[
								114.3965299,
								-7.9268032
							],
							[
								114.3967282,
								-7.9269234
							],
							[
								114.3970487,
								-7.9272338
							],
							[
								114.3973538,
								-7.9275919
							],
							[
								114.3974607,
								-7.927652
							],
							[
								114.3979642,
								-7.9278446
							],
							[
								114.3983151,
								-7.9280368
							],
							[
								114.3986127,
								-7.9282642
							],
							[
								114.3988263,
								-7.9285031
							],
							[
								114.3989942,
								-7.9287768
							],
							[
								114.3992993,
								-7.9293605
							],
							[
								114.3995664,
								-7.9297777
							],
							[
								114.4000547,
								-7.9303743
							],
							[
								114.4002072,
								-7.9306956
							],
							[
								114.4002377,
								-7.9312058
							],
							[
								114.4003674,
								-7.9316817
							],
							[
								114.4005353,
								-7.932098
							],
							[
								114.4008405,
								-7.9325868
							],
							[
								114.400993,
								-7.9327537
							],
							[
								114.4017026,
								-7.9331857
							],
							[
								114.4019175,
								-7.9332907
							],
							[
								114.4025876,
								-7.9336182
							],
							[
								114.4031445,
								-7.9338947
							],
							[
								114.4035565,
								-7.9341465
							],
							[
								114.403793,
								-7.9343024
							],
							[
								114.4040219,
								-7.9345294
							],
							[
								114.4044721,
								-7.9349476
							],
							[
								114.4046704,
								-7.9351626
							],
							[
								114.4050595,
								-7.9356991
							],
							[
								114.4053189,
								-7.9360925
							],
							[
								114.4056775,
								-7.9365216
							],
							[
								114.4061124,
								-7.9369398
							],
							[
								114.4064786,
								-7.9373222
							],
							[
								114.4068143,
								-7.9375616
							],
							[
								114.4071957,
								-7.9377538
							],
							[
								114.4074323,
								-7.9378143
							],
							[
								114.4077527,
								-7.9378286
							],
							[
								114.4083097,
								-7.9378792
							],
							[
								114.4090039,
								-7.9379788
							],
							[
								114.4098813,
								-7.9381858
							],
							[
								114.4104917,
								-7.9383203
							],
							[
								114.410835,
								-7.9383579
							],
							[
								114.4110257,
								-7.9383827
							],
							[
								114.4113004,
								-7.9384676
							],
							[
								114.4115369,
								-7.9386354
							],
							[
								114.4117963,
								-7.938922
							],
							[
								114.4121472,
								-7.9395057
							],
							[
								114.41246,
								-7.9398871
							],
							[
								114.4126508,
								-7.9400431
							],
							[
								114.4128949,
								-7.9401394
							],
							[
								114.413223,
								-7.9401771
							],
							[
								114.4135434,
								-7.9401198
							],
							[
								114.4138486,
								-7.9399553
							],
							[
								114.4140927,
								-7.9396959
							],
							[
								114.4141767,
								-7.9395061
							],
							[
								114.4141538,
								-7.9392925
							],
							[
								114.4139554,
								-7.9390303
							],
							[
								114.413429,
								-7.9385758
							],
							[
								114.4132687,
								-7.9382902
							],
							[
								114.4132535,
								-7.9379812
							],
							[
								114.4133679,
								-7.9375311
							],
							[
								114.4136197,
								-7.9372598
							],
							[
								114.4137875,
								-7.937225
							],
							[
								114.413902,
								-7.9373208
							],
							[
								114.4140241,
								-7.9376064
							],
							[
								114.4141767,
								-7.937975
							],
							[
								114.414314,
								-7.9380594
							],
							[
								114.4144818,
								-7.9380838
							],
							[
								114.414642,
								-7.9379898
							],
							[
								114.4148328,
								-7.9377418
							],
							[
								114.4151074,
								-7.9372216
							],
							[
								114.4157483,
								-7.9364182
							],
							[
								114.4159619,
								-7.9362298
							],
							[
								114.4162976,
								-7.9361011
							],
							[
								114.4167249,
								-7.9359852
							],
							[
								114.4169995,
								-7.9359275
							],
							[
								114.4175107,
								-7.9358951
							],
							[
								114.4181211,
								-7.9358989
							],
							[
								114.4187772,
								-7.9358674
							],
							[
								114.4190747,
								-7.9357744
							],
							[
								114.4192044,
								-7.9356919
							],
							[
								114.4193265,
								-7.9355026
							],
							[
								114.4193646,
								-7.9351588
							],
							[
								114.4194104,
								-7.9346963
							],
							[
								114.4195249,
								-7.934507
							],
							[
								114.4197461,
								-7.9344135
							],
							[
								114.4201886,
								-7.9343925
							],
							[
								114.4208066,
								-7.9344674
							],
							[
								114.4214017,
								-7.9347445
							],
							[
								114.4219663,
								-7.9350301
							],
							[
								114.4225537,
								-7.9353157
							],
							[
								114.4228971,
								-7.9354654
							],
							[
								114.4232556,
								-7.935567
							],
							[
								114.4235608,
								-7.9355756
							],
							[
								114.4246049,
								-7.9361646
							],
							[
								114.4246064,
								-7.9360779
							],
							[
								114.4245883,
								-7.9360166
							],
							[
								114.4245098,
								-7.9359254
							],
							[
								114.4243392,
								-7.9358013
							],
							[
								114.4241777,
								-7.9356308
							],
							[
								114.4239135,
								-7.9352615
							],
							[
								114.4237081,
								-7.93481
							],
							[
								114.4235995,
								-7.934478
							],
							[
								114.4233609,
								-7.9337065
							],
							[
								114.4231496,
								-7.9330307
							],
							[
								114.4230167,
								-7.9324745
							],
							[
								114.4229201,
								-7.9320199
							],
							[
								114.422902,
								-7.9318091
							],
							[
								114.4228416,
								-7.9315504
							],
							[
								114.4227676,
								-7.9313426
							],
							[
								114.4226152,
								-7.9310002
							],
							[
								114.4224914,
								-7.9307011
							],
							[
								114.4223253,
								-7.9303318
							],
							[
								114.4221789,
								-7.9299819
							],
							[
								114.4220264,
								-7.9295618
							],
							[
								114.4219388,
								-7.9292119
							],
							[
								114.4218996,
								-7.9289173
							],
							[
								114.4218558,
								-7.9286347
							],
							[
								114.4217879,
								-7.9282116
							],
							[
								114.4218754,
								-7.9282041
							],
							[
								114.421815,
								-7.9278871
							],
							[
								114.4216354,
								-7.9279081
							],
							[
								114.4215659,
								-7.9278632
							],
							[
								114.4214769,
								-7.9276913
							],
							[
								114.421418,
								-7.9274131
							],
							[
								114.4213787,
								-7.9272322
							],
							[
								114.4213561,
								-7.9271066
							],
							[
								114.4213244,
								-7.9269332
							],
							[
								114.4212519,
								-7.9266222
							],
							[
								114.4211568,
								-7.92619
							],
							[
								114.4210934,
								-7.9259987
							],
							[
								114.4210074,
								-7.9259015
							],
							[
								114.4209409,
								-7.9258297
							],
							[
								114.4208957,
								-7.925731
							],
							[
								114.4208881,
								-7.9256248
							],
							[
								114.4208972,
								-7.9255127
							],
							[
								114.4209908,
								-7.9246185
							],
							[
								114.4210753,
								-7.9239487
							],
							[
								114.4211538,
								-7.9233566
							],
							[
								114.4212142,
								-7.922911
							],
							[
								114.4213138,
								-7.922283
							],
							[
								114.421489,
								-7.9214157
							],
							[
								114.4215566,
								-7.9211521
							],
							[
								114.4215633,
								-7.921126
							],
							[
								114.4216852,
								-7.9206502
							],
							[
								114.4219086,
								-7.9199863
							],
							[
								114.4222377,
								-7.9192536
							],
							[
								114.4225306,
								-7.9185747
							],
							[
								114.4228356,
								-7.9180125
							],
							[
								114.4231918,
								-7.917531
							],
							[
								114.4236598,
								-7.916906
							],
							[
								114.4241671,
								-7.9163259
							],
							[
								114.4249068,
								-7.915665
							],
							[
								114.4254231,
								-7.9152433
							],
							[
								114.4260028,
								-7.9148366
							],
							[
								114.4264698,
								-7.9145132
							],
							[
								114.4267758,
								-7.9143013
							],
							[
								114.4277269,
								-7.9136822
							],
							[
								114.4284364,
								-7.9132576
							],
							[
								114.4289829,
								-7.9129645
							],
							[
								114.4298253,
								-7.9125338
							],
							[
								114.4306737,
								-7.9120972
							],
							[
								114.4313198,
								-7.9117922
							],
							[
								114.4320022,
								-7.9114871
							],
							[
								114.4330107,
								-7.9111193
							],
							[
								114.4339919,
								-7.9107574
							],
							[
								114.4349098,
								-7.9104793
							],
							[
								114.4356193,
								-7.9102789
							],
							[
								114.4359394,
								-7.9101354
							],
							[
								114.4362232,
								-7.9099948
							],
							[
								114.4365855,
								-7.9097287
							],
							[
								114.4371018,
								-7.9092532
							],
							[
								114.4373554,
								-7.9089332
							],
							[
								114.4376393,
								-7.9084338
							],
							[
								114.4377932,
								-7.9079343
							],
							[
								114.4379865,
								-7.9070341
							],
							[
								114.4381042,
								-7.9064689
							],
							[
								114.4382763,
								-7.9056555
							],
							[
								114.4384756,
								-7.9049975
							],
							[
								114.4388241,
								-7.9043136
							],
							[
								114.4393572,
								-7.9033946
							],
							[
								114.4400215,
								-7.9024854
							],
							[
								114.4407341,
								-7.9015763
							],
							[
								114.4413379,
								-7.901026
							],
							[
								114.4423826,
								-7.9002006
							],
							[
								114.4439647,
								-7.899094
							],
							[
								114.4448826,
								-7.8985557
							],
							[
								114.4460903,
								-7.8979097
							],
							[
								114.446681,
								-7.89765
							],
							[
								114.4473074,
								-7.8973806
							],
							[
								114.4477107,
								-7.8971913
							],
							[
								114.4504079,
								-7.8961273
							],
							[
								114.4514285,
								-7.8957026
							],
							[
								114.452443,
								-7.8952241
							],
							[
								114.4535963,
								-7.8946558
							],
							[
								114.4556374,
								-7.8936629
							],
							[
								114.4575396,
								-7.8927657
							],
							[
								114.4587231,
								-7.8922633
							],
							[
								114.4594115,
								-7.8919463
							],
							[
								114.4603656,
								-7.8916771
							],
							[
								114.4611174,
								-7.8914648
							],
							[
								114.4614979,
								-7.8913451
							],
							[
								114.4616881,
								-7.8912853
							],
							[
								114.4618514,
								-7.891168
							],
							[
								114.4620263,
								-7.8909952
							],
							[
								114.462304,
								-7.8906444
							],
							[
								114.4625969,
								-7.8904838
							],
							[
								114.4629592,
								-7.8902894
							],
							[
								114.4632763,
								-7.890095
							],
							[
								114.4634544,
								-7.8899485
							],
							[
								114.4635842,
								-7.889763
							],
							[
								114.4636929,
								-7.889461
							],
							[
								114.4639375,
								-7.8887282
							],
							[
								114.4642485,
								-7.8877263
							],
							[
								114.4643813,
								-7.887188
							],
							[
								114.4645051,
								-7.8865689
							],
							[
								114.4646332,
								-7.8857429
							],
							[
								114.4646742,
								-7.8850616
							],
							[
								114.4646349,
								-7.8844574
							],
							[
								114.4645383,
								-7.8841314
							],
							[
								114.4643481,
								-7.8837337
							],
							[
								114.4641398,
								-7.8833359
							],
							[
								114.4639979,
								-7.8830518
							],
							[
								114.4639375,
								-7.8827676
							],
							[
								114.4639012,
								-7.8824267
							],
							[
								114.4639345,
								-7.8821097
							],
							[
								114.4640371,
								-7.8817986
							],
							[
								114.4641458,
								-7.8815085
							],
							[
								114.4641971,
								-7.8813231
							],
							[
								114.4642092,
								-7.8810898
							],
							[
								114.4641277,
								-7.8805156
							],
							[
								114.4640311,
								-7.8800909
							],
							[
								114.4639465,
								-7.879729
							],
							[
								114.4636265,
								-7.8787211
							],
							[
								114.4634695,
								-7.8782994
							],
							[
								114.4632944,
								-7.8780302
							],
							[
								114.4630679,
								-7.877776
							],
							[
								114.462772,
								-7.8772975
							],
							[
								114.4624731,
								-7.8769505
							],
							[
								114.4621651,
								-7.8765258
							],
							[
								114.4620081,
								-7.8762327
							],
							[
								114.4619115,
								-7.8759486
							],
							[
								114.4618964,
								-7.8756495
							],
							[
								114.4619357,
								-7.8754013
							],
							[
								114.4620987,
								-7.8749377
							],
							[
								114.4621833,
								-7.8746416
							],
							[
								114.4622648,
								-7.8741332
							],
							[
								114.462301,
								-7.8736157
							],
							[
								114.4623191,
								-7.8730535
							],
							[
								114.4623191,
								-7.87256
							],
							[
								114.4623191,
								-7.8721054
							],
							[
								114.4623372,
								-7.8715311
							],
							[
								114.4623523,
								-7.8711812
							],
							[
								114.4623523,
								-7.8708462
							],
							[
								114.4623312,
								-7.870251
							],
							[
								114.4623312,
								-7.8699011
							],
							[
								114.4622829,
								-7.8696229
							],
							[
								114.4622165,
								-7.8692999
							],
							[
								114.4620534,
								-7.8689231
							],
							[
								114.4617575,
								-7.8684696
							],
							[
								114.4616217,
								-7.8680378
							],
							[
								114.4616011,
								-7.8679686
							],
							[
								114.4615522,
								-7.8678045
							],
							[
								114.4615583,
								-7.8676071
							],
							[
								114.4615606,
								-7.8674122
							],
							[
								114.4615009,
								-7.8672362
							],
							[
								114.461365,
								-7.8669431
							],
							[
								114.4611114,
								-7.8665363
							],
							[
								114.4608557,
								-7.8658687
							],
							[
								114.4607159,
								-7.8651964
							],
							[
								114.4606555,
								-7.8649482
							],
							[
								114.460574,
								-7.8647209
							],
							[
								114.4604373,
								-7.8645615
							],
							[
								114.4601986,
								-7.8642958
							],
							[
								114.4600242,
								-7.8641975
							],
							[
								114.4598499,
								-7.8641842
							],
							[
								114.4596863,
								-7.8642161
							],
							[
								114.4595575,
								-7.8642852
							],
							[
								114.4593832,
								-7.8644977
							],
							[
								114.4593,
								-7.8645509
							],
							[
								114.4592303,
								-7.8645535
							],
							[
								114.4591364,
								-7.864519
							],
							[
								114.4590265,
								-7.8643144
							],
							[
								114.4588897,
								-7.8642108
							],
							[
								114.4587851,
								-7.8642055
							],
							[
								114.4587314,
								-7.8642586
							],
							[
								114.4587207,
								-7.8643941
							],
							[
								114.4587958,
								-7.8647448
							],
							[
								114.4588655,
								-7.8649707
							],
							[
								114.4588307,
								-7.8650517
							],
							[
								114.4587649,
								-7.8650796
							],
							[
								114.4586872,
								-7.8650623
							],
							[
								114.4586053,
								-7.864976
							],
							[
								114.4584015,
								-7.8646944
							],
							[
								114.458195,
								-7.8644393
							],
							[
								114.4580099,
								-7.8642028
							],
							[
								114.4578436,
								-7.8640301
							],
							[
								114.4576961,
								-7.8638282
							],
							[
								114.4574922,
								-7.8635014
							],
							[
								114.4573448,
								-7.8631867
							],
							[
								114.4572937,
								-7.8630311
							],
							[
								114.4572656,
								-7.8628523
							],
							[
								114.4572911,
								-7.8626564
							],
							[
								114.457334,
								-7.8624731
							],
							[
								114.4574386,
								-7.8622393
							],
							[
								114.4576371,
								-7.8619603
							],
							[
								114.4578007,
								-7.8616946
							],
							[
								114.4579133,
								-7.8614502
							],
							[
								114.4579804,
								-7.8612801
							],
							[
								114.4580662,
								-7.8611552
							],
							[
								114.4581601,
								-7.8610755
							],
							[
								114.4583103,
								-7.8609799
							],
							[
								114.458439,
								-7.8608736
							],
							[
								114.4585544,
								-7.8607833
							],
							[
								114.4587421,
								-7.8607009
							],
							[
								114.4589755,
								-7.860584
							],
							[
								114.4591257,
								-7.8604405
							],
							[
								114.4592357,
								-7.8602147
							],
							[
								114.4593161,
								-7.8599649
							],
							[
								114.4593671,
								-7.8598321
							],
							[
								114.4594315,
								-7.8597258
							],
							[
								114.4595656,
								-7.8595849
							],
							[
								114.4597104,
								-7.8594973
							],
							[
								114.4598579,
								-7.8594494
							],
							[
								114.4600618,
								-7.8594229
							],
							[
								114.4602764,
								-7.8593644
							],
							[
								114.460448,
								-7.8592369
							],
							[
								114.4608289,
								-7.8589738
							],
							[
								114.461242,
								-7.8587267
							],
							[
								114.4615048,
								-7.8585567
							],
							[
								114.4618363,
								-7.8584439
							],
							[
								114.4621432,
								-7.8583866
							],
							[
								114.4629344,
								-7.8583813
							],
							[
								114.4635299,
								-7.8584079
							],
							[
								114.4637901,
								-7.8584318
							],
							[
								114.4640288,
								-7.8584212
							],
							[
								114.4642407,
								-7.8583202
							],
							[
								114.4644679,
								-7.8580652
							],
							[
								114.4645733,
								-7.8577622
							],
							[
								114.4646698,
								-7.8574673
							],
							[
								114.4647288,
								-7.8571086
							],
							[
								114.4647235,
								-7.8568907
							],
							[
								114.4646296,
								-7.8565187
							],
							[
								114.4645679,
								-7.8562318
							],
							[
								114.4645679,
								-7.8560724
							],
							[
								114.4646215,
								-7.8559289
							],
							[
								114.4647235,
								-7.855719
							],
							[
								114.4647449,
								-7.8555622
							],
							[
								114.4647101,
								-7.8554294
							],
							[
								114.4643801,
								-7.8549484
							],
							[
								114.4639054,
								-7.8542709
							],
							[
								114.4635835,
								-7.853867
							],
							[
								114.4633958,
								-7.8537395
							],
							[
								114.4630766,
								-7.853604
							],
							[
								114.4628298,
								-7.8535429
							],
							[
								114.462508,
								-7.8534392
							],
							[
								114.462347,
								-7.8533462
							],
							[
								114.4623175,
								-7.8532665
							],
							[
								114.4623417,
								-7.8531656
							],
							[
								114.4624087,
								-7.8530088
							],
							[
								114.4624543,
								-7.8527909
							],
							[
								114.4624436,
								-7.8525411
							],
							[
								114.4623427,
								-7.8521418
							],
							[
								114.4622076,
								-7.8518025
							],
							[
								114.4619715,
								-7.8515208
							],
							[
								114.4616917,
								-7.8513059
							],
							[
								114.4612542,
								-7.8510295
							],
							[
								114.4609098,
								-7.8508964
							],
							[
								114.460735,
								-7.8509124
							],
							[
								114.4604507,
								-7.8510054
							],
							[
								114.4601476,
								-7.8510691
							],
							[
								114.4599438,
								-7.851109
							],
							[
								114.4596595,
								-7.8511568
							],
							[
								114.4595066,
								-7.8511914
							],
							[
								114.4593483,
								-7.8511834
							],
							[
								114.4591176,
								-7.8510691
							],
							[
								114.4589084,
								-7.850915
							],
							[
								114.4588575,
								-7.8507769
							],
							[
								114.4588709,
								-7.8505271
							],
							[
								114.4589299,
								-7.850272
							],
							[
								114.4591337,
								-7.8497486
							],
							[
								114.4591847,
								-7.8494218
							],
							[
								114.4591497,
								-7.8491938
							],
							[
								114.4589809,
								-7.848873
							],
							[
								114.4586503,
								-7.8485762
							],
							[
								114.4584216,
								-7.8484732
							],
							[
								114.4582821,
								-7.8484705
							],
							[
								114.4581641,
								-7.8485104
							],
							[
								114.45798,
								-7.8485979
							],
							[
								114.457917,
								-7.8486006
							],
							[
								114.4578419,
								-7.848574
							],
							[
								114.4578044,
								-7.8485156
							],
							[
								114.4578026,
								-7.8484952
							],
							[
								114.457795,
								-7.848408
							],
							[
								114.4578557,
								-7.8482788
							],
							[
								114.4579321,
								-7.8478169
							],
							[
								114.4579746,
								-7.8475889
							],
							[
								114.4580206,
								-7.8474529
							],
							[
								114.4580799,
								-7.847332
							],
							[
								114.4581547,
								-7.8472855
							],
							[
								114.4582459,
								-7.8472815
							],
							[
								114.458423,
								-7.8472881
							],
							[
								114.458718,
								-7.8473359
							],
							[
								114.4589433,
								-7.8474077
							],
							[
								114.459115,
								-7.8473971
							],
							[
								114.4593943,
								-7.8473239
							],
							[
								114.4596273,
								-7.8471951
							],
							[
								114.4597051,
								-7.8471433
							],
							[
								114.4597654,
								-7.8470769
							],
							[
								114.4597882,
								-7.8469839
							],
							[
								114.4597627,
								-7.8467341
							],
							[
								114.4597922,
								-7.8465521
							],
							[
								114.4598848,
								-7.8463276
							],
							[
								114.4599625,
								-7.8461721
							],
							[
								114.4600122,
								-7.8460961
							],
							[
								114.4600645,
								-7.8460751
							],
							[
								114.4601865,
								-7.8460619
							],
							[
								114.4603381,
								-7.8460459
							],
							[
								114.4605915,
								-7.845933
							],
							[
								114.46082,
								-7.8457981
							],
							[
								114.461014,
								-7.8456248
							],
							[
								114.461087,
								-7.8455286
							],
							[
								114.461132,
								-7.8453577
							],
							[
								114.4611695,
								-7.8451584
							],
							[
								114.4611762,
								-7.8450508
							],
							[
								114.4611467,
								-7.8449339
							],
							[
								114.4610193,
								-7.8448011
							],
							[
								114.4609563,
								-7.8447214
							],
							[
								114.4609276,
								-7.8446669
							],
							[
								114.4609081,
								-7.8445953
							],
							[
								114.4609818,
								-7.8444915
							],
							[
								114.4611561,
								-7.8442843
							],
							[
								114.4615893,
								-7.8438791
							],
							[
								114.4618508,
								-7.8436705
							],
							[
								114.4620332,
								-7.8435629
							],
							[
								114.4621874,
								-7.8434526
							],
							[
								114.4623148,
								-7.843329
							],
							[
								114.4624436,
								-7.8431058
							],
							[
								114.4625616,
								-7.8428826
							],
							[
								114.4626769,
								-7.8427073
							],
							[
								114.462795,
								-7.8425744
							],
							[
								114.4629398,
								-7.8424123
							],
							[
								114.463031,
								-7.8422635
							],
							[
								114.463083,
								-7.8420686
							],
							[
								114.4631329,
								-7.8417002
							],
							[
								114.4631839,
								-7.8413973
							],
							[
								114.4632402,
								-7.841028
							],
							[
								114.4632214,
								-7.8408154
							],
							[
								114.4631356,
								-7.8403477
							],
							[
								114.4631276,
								-7.8400528
							],
							[
								114.4631795,
								-7.8397449
							],
							[
								114.4632182,
								-7.839616
							],
							[
								114.463298,
								-7.8393488
							],
							[
								114.4635239,
								-7.8387673
							],
							[
								114.4637237,
								-7.8382862
							],
							[
								114.4639803,
								-7.8377283
							],
							[
								114.4643077,
								-7.8372203
							],
							[
								114.4646215,
								-7.8368483
							],
							[
								114.4651393,
								-7.8362474
							],
							[
								114.4654933,
								-7.8358997
							],
							[
								114.465858,
								-7.8356446
							],
							[
								114.466019,
								-7.8355569
							],
							[
								114.4661424,
								-7.8355144
							],
							[
								114.4662845,
								-7.8355197
							],
							[
								114.4664106,
								-7.8355861
							],
							[
								114.4664884,
								-7.8356844
							],
							[
								114.4665688,
								-7.8358545
							],
							[
								114.4666412,
								-7.8359369
							],
							[
								114.4667754,
								-7.835998
							],
							[
								114.4669443,
								-7.8359741
							],
							[
								114.4670543,
								-7.8358306
							],
							[
								114.4671771,
								-7.8355294
							],
							[
								114.4672282,
								-7.8352713
							],
							[
								114.4671844,
								-7.8348538
							],
							[
								114.467116,
								-7.8347252
							],
							[
								114.4670194,
								-7.8345711
							],
							[
								114.466821,
								-7.8343984
							],
							[
								114.4666305,
								-7.8343957
							],
							[
								114.466432,
								-7.8344302
							],
							[
								114.466137,
								-7.8345764
							],
							[
								114.46596,
								-7.8346694
							],
							[
								114.4658178,
								-7.83468
							],
							[
								114.4656918,
								-7.8346383
							],
							[
								114.4653715,
								-7.834437
							],
							[
								114.4648468,
								-7.8340662
							],
							[
								114.4646162,
								-7.8338935
							],
							[
								114.4643856,
								-7.8335818
							],
							[
								114.4641737,
								-7.8331837
							],
							[
								114.4639564,
								-7.8327004
							],
							[
								114.463833,
								-7.8324055
							],
							[
								114.4637391,
								-7.8321291
							],
							[
								114.4636828,
								-7.8317146
							],
							[
								114.4636908,
								-7.8313532
							],
							[
								114.4637257,
								-7.8307846
							],
							[
								114.4638133,
								-7.8302858
							],
							[
								114.4639691,
								-7.8298298
							],
							[
								114.4641503,
								-7.8295208
							],
							[
								114.4642953,
								-7.8293458
							],
							[
								114.4643738,
								-7.8292995
							],
							[
								114.4645444,
								-7.8293069
							],
							[
								114.4647225,
								-7.8293428
							],
							[
								114.4649067,
								-7.8294774
							],
							[
								114.4650395,
								-7.8295642
							],
							[
								114.4651105,
								-7.8295821
							],
							[
								114.4651467,
								-7.8295657
							],
							[
								114.4651875,
								-7.8295163
							],
							[
								114.4652192,
								-7.8294071
							],
							[
								114.4651996,
								-7.8291843
							],
							[
								114.465106,
								-7.828607
							],
							[
								114.4650359,
								-7.8279912
							],
							[
								114.4649775,
								-7.8274001
							],
							[
								114.4648765,
								-7.8269469
							],
							[
								114.4648342,
								-7.8261931
							],
							[
								114.4647753,
								-7.8254577
							],
							[
								114.4647406,
								-7.825218
							],
							[
								114.464644,
								-7.824877
							],
							[
								114.4644719,
								-7.824536
							],
							[
								114.4643632,
								-7.8243595
							],
							[
								114.4641851,
								-7.82421
							],
							[
								114.4639828,
								-7.8240933
							],
							[
								114.4637835,
								-7.823866
							],
							[
								114.4635027,
								-7.8232558
							],
							[
								114.463237,
								-7.8227054
							],
							[
								114.4631253,
								-7.8225139
							],
							[
								114.4630166,
								-7.8224003
							],
							[
								114.4628264,
								-7.8222717
							],
							[
								114.4626301,
								-7.8221729
							],
							[
								114.462449,
								-7.8220742
							],
							[
								114.4622406,
								-7.8218888
							],
							[
								114.4620927,
								-7.8216016
							],
							[
								114.4619236,
								-7.8213025
							],
							[
								114.4616911,
								-7.8208748
							],
							[
								114.4614647,
								-7.8203872
							],
							[
								114.4613137,
								-7.820121
							],
							[
								114.461205,
								-7.8198996
							],
							[
								114.4610872,
								-7.8196513
							],
							[
								114.4608397,
								-7.8193313
							],
							[
								114.4606283,
								-7.8189424
							],
							[
								114.460423,
								-7.8184399
							],
							[
								114.4602147,
								-7.8178566
							],
							[
								114.460109,
								-7.8174079
							],
							[
								114.4600245,
								-7.8168097
							],
							[
								114.4598735,
								-7.8161785
							],
							[
								114.4597829,
								-7.8158824
							],
							[
								114.4596289,
								-7.8155533
							],
							[
								114.4595021,
								-7.8154127
							],
							[
								114.4593693,
								-7.815335
							],
							[
								114.4591639,
								-7.8152721
							],
							[
								114.4589194,
								-7.8152213
							],
							[
								114.458705,
								-7.8151495
							],
							[
								114.4583729,
								-7.814988
							],
							[
								114.4579562,
								-7.8147098
							],
							[
								114.4577751,
								-7.8145512
							],
							[
								114.4576694,
								-7.8143927
							],
							[
								114.457615,
								-7.8142551
							],
							[
								114.457612,
								-7.8140577
							],
							[
								114.4576603,
								-7.8136299
							],
							[
								114.4577751,
								-7.812915
							],
							[
								114.4578324,
								-7.8123347
							],
							[
								114.4578596,
								-7.8119877
							],
							[
								114.4578898,
								-7.8118262
							],
							[
								114.4579925,
								-7.811545
							],
							[
								114.4580438,
								-7.8113476
							],
							[
								114.4580498,
								-7.8111442
							],
							[
								114.4580257,
								-7.8109467
							],
							[
								114.4579241,
								-7.8107751
							],
							[
								114.4577365,
								-7.8107268
							],
							[
								114.4575052,
								-7.8107847
							],
							[
								114.4572189,
								-7.8109512
							],
							[
								114.4570144,
								-7.8110633
							],
							[
								114.4568687,
								-7.8110913
							],
							[
								114.4564837,
								-7.8110223
							],
							[
								114.4561922,
								-7.8109749
							],
							[
								114.456029,
								-7.810906
							],
							[
								114.4559312,
								-7.8108025
							],
							[
								114.45578,
								-7.8105849
							],
							[
								114.4556843,
								-7.8104416
							],
							[
								114.4556114,
								-7.8103435
							],
							[
								114.4555027,
								-7.8102465
							],
							[
								114.4553221,
								-7.8101323
							],
							[
								114.4550611,
								-7.8099793
							],
							[
								114.454874,
								-7.8098241
							],
							[
								114.4546783,
								-7.8096323
							],
							[
								114.4544738,
								-7.809294
							],
							[
								114.4543911,
								-7.8090677
							],
							[
								114.4542758,
								-7.808738
							],
							[
								114.4541671,
								-7.808363
							],
							[
								114.4538408,
								-7.8078976
							],
							[
								114.4536102,
								-7.8075983
							],
							[
								114.4534983,
								-7.8073764
							],
							[
								114.4534515,
								-7.8071261
							],
							[
								114.4534819,
								-7.8069881
							],
							[
								114.4535276,
								-7.8068804
							],
							[
								114.4536205,
								-7.8067537
							],
							[
								114.4538307,
								-7.8066854
							],
							[
								114.4539805,
								-7.8067281
							],
							[
								114.4541801,
								-7.8067274
							],
							[
								114.4542584,
								-7.806667
							],
							[
								114.454278,
								-7.8065464
							],
							[
								114.4542519,
								-7.8063977
							],
							[
								114.4539496,
								-7.8057124
							],
							[
								114.4538152,
								-7.8053204
							],
							[
								114.4534483,
								-7.8046311
							],
							[
								114.4532606,
								-7.8041192
							],
							[
								114.4531056,
								-7.8037404
							],
							[
								114.4528834,
								-7.8033872
							],
							[
								114.4526819,
								-7.803174
							],
							[
								114.4524835,
								-7.8029733
							],
							[
								114.4522595,
								-7.8027276
							],
							[
								114.4520332,
								-7.8024971
							],
							[
								114.4518701,
								-7.8022557
							],
							[
								114.4517396,
								-7.802066
							],
							[
								114.45162,
								-7.8019798
							],
							[
								114.4514938,
								-7.8019798
							],
							[
								114.4514285,
								-7.8020402
							],
							[
								114.4514133,
								-7.8021393
							],
							[
								114.4514677,
								-7.8022449
							],
							[
								114.4517173,
								-7.8024994
							],
							[
								114.4518723,
								-7.8026759
							],
							[
								114.4520746,
								-7.8029604
							],
							[
								114.4522638,
								-7.8031867
							],
							[
								114.4523399,
								-7.803372
							],
							[
								114.4523312,
								-7.8035056
							],
							[
								114.4522529,
								-7.8036823
							],
							[
								114.4521529,
								-7.8038267
							],
							[
								114.4517069,
								-7.8041784
							],
							[
								114.4514981,
								-7.8043698
							],
							[
								114.4512893,
								-7.8045767
							],
							[
								114.451124,
								-7.8046801
							],
							[
								114.4509978,
								-7.804693
							],
							[
								114.4508608,
								-7.8046586
							],
							[
								114.4507281,
								-7.8045961
							],
							[
								114.4505693,
								-7.804568
							],
							[
								114.450428,
								-7.8045896
							],
							[
								114.4502387,
								-7.8047146
							],
							[
								114.4501104,
								-7.8048547
							],
							[
								114.4498776,
								-7.8052253
							],
							[
								114.4496782,
								-7.8055024
							],
							[
								114.4494861,
								-7.8057878
							],
							[
								114.4493099,
								-7.8060593
							],
							[
								114.4491968,
								-7.8062059
							],
							[
								114.4490793,
								-7.8063524
							],
							[
								114.4489793,
								-7.8064451
							],
							[
								114.4488836,
								-7.8064731
							],
							[
								114.4487857,
								-7.8064192
							],
							[
								114.4486748,
								-7.8062835
							],
							[
								114.448566,
								-7.8060442
							],
							[
								114.4484746,
								-7.8059322
							],
							[
								114.4483158,
								-7.8058546
							],
							[
								114.4480853,
								-7.8057641
							],
							[
								114.4478286,
								-7.8056434
							],
							[
								114.447685,
								-7.8054365
							],
							[
								114.4476372,
								-7.8050917
							],
							[
								114.4476047,
								-7.8043081
							],
							[
								114.4475959,
								-7.8040013
							],
							[
								114.4476198,
								-7.8037513
							],
							[
								114.447709,
								-7.8036047
							],
							[
								114.447883,
								-7.8033634
							],
							[
								114.448181,
								-7.8030897
							],
							[
								114.4484833,
								-7.8028311
							],
							[
								114.4485725,
								-7.8026867
							],
							[
								114.4486247,
								-7.8025229
							],
							[
								114.4486139,
								-7.8022643
							],
							[
								114.4485346,
								-7.8017965
							],
							[
								114.4483463,
								-7.8012342
							],
							[
								114.4481462,
								-7.8007515
							],
							[
								114.4478504,
								-7.800273
							],
							[
								114.4475545,
								-7.8000187
							],
							[
								114.4471891,
								-7.7998032
							],
							[
								114.4465344,
								-7.7996093
							],
							[
								114.4462016,
								-7.7995942
							],
							[
								114.4459471,
								-7.7996416
							],
							[
								114.4457535,
								-7.7997343
							],
							[
								114.4455816,
								-7.7998636
							],
							[
								114.445425,
								-7.7999347
							],
							[
								114.4452423,
								-7.7999455
							],
							[
								114.4450596,
								-7.7998765
							],
							[
								114.4447268,
								-7.7996351
							],
							[
								114.444109,
								-7.7990835
							],
							[
								114.4434543,
								-7.7984154
							],
							[
								114.4429584,
								-7.7979133
							],
							[
								114.4428448,
								-7.7978058
							],
							[
								114.442767,
								-7.7977322
							],
							[
								114.4425734,
								-7.797521
							],
							[
								114.4424537,
								-7.7973702
							],
							[
								114.4423885,
								-7.7971956
							],
							[
								114.4423646,
								-7.7970275
							],
							[
								114.442321,
								-7.7966137
							],
							[
								114.4423994,
								-7.7962345
							],
							[
								114.4426952,
								-7.7957646
							],
							[
								114.4428909,
								-7.7954586
							],
							[
								114.4430432,
								-7.7951375
							],
							[
								114.4430867,
								-7.7948595
							],
							[
								114.4430128,
								-7.7944953
							],
							[
								114.4428996,
								-7.7940901
							],
							[
								114.4427293,
								-7.7937682
							],
							[
								114.442532,
								-7.7935449
							],
							[
								114.4423431,
								-7.7933377
							],
							[
								114.4422707,
								-7.7932145
							],
							[
								114.4422081,
								-7.7929728
							],
							[
								114.4422112,
								-7.7927863
							],
							[
								114.442209,
								-7.7925449
							],
							[
								114.4421786,
								-7.7924038
							],
							[
								114.4421394,
								-7.7923531
							],
							[
								114.4420763,
								-7.7923316
							],
							[
								114.4420046,
								-7.7923499
							],
							[
								114.4419437,
								-7.7923898
							],
							[
								114.4419012,
								-7.7924372
							],
							[
								114.4418599,
								-7.7926053
							],
							[
								114.4418262,
								-7.7927174
							],
							[
								114.441786,
								-7.7927518
							],
							[
								114.4417033,
								-7.7927583
							],
							[
								114.4416326,
								-7.7927368
							],
							[
								114.4415956,
								-7.7926549
							],
							[
								114.4415967,
								-7.792532
							],
							[
								114.4415967,
								-7.7923855
							],
							[
								114.4415771,
								-7.7922368
							],
							[
								114.4415336,
								-7.7920924
							],
							[
								114.4414292,
								-7.7919243
							],
							[
								114.4413131,
								-7.7917857
							],
							[
								114.4409724,
								-7.7914243
							],
							[
								114.4403503,
								-7.7909114
							],
							[
								114.4398969,
								-7.7906005
							],
							[
								114.4396448,
								-7.7904411
							],
							[
								114.4392975,
								-7.7901312
							],
							[
								114.4389669,
								-7.7898037
							],
							[
								114.4387886,
								-7.7895666
							],
							[
								114.4386798,
								-7.7894524
							],
							[
								114.4385558,
								-7.7893856
							],
							[
								114.438223,
								-7.7893575
							],
							[
								114.4379389,
								-7.7893249
							],
							[
								114.4377994,
								-7.7892931
							],
							[
								114.4374682,
								-7.7891895
							],
							[
								114.4371021,
								-7.7891283
							],
							[
								114.4368579,
								-7.789125
							],
							[
								114.4366895,
								-7.7892045
							],
							[
								114.4366417,
								-7.7892994
							],
							[
								114.4366461,
								-7.7894312
							],
							[
								114.436748,
								-7.7896173
							],
							[
								114.436909,
								-7.7900053
							],
							[
								114.4369018,
								-7.7902186
							],
							[
								114.4368026,
								-7.7903963
							],
							[
								114.4365795,
								-7.7906388
							],
							[
								114.4363154,
								-7.7908812
							],
							[
								114.4359492,
								-7.791141
							],
							[
								114.4355039,
								-7.7914519
							],
							[
								114.4353108,
								-7.7915237
							],
							[
								114.43499,
								-7.7915975
							],
							[
								114.4348254,
								-7.7917325
							],
							[
								114.4341884,
								-7.7923563
							],
							[
								114.4339636,
								-7.792597
							],
							[
								114.4336029,
								-7.7927881
							],
							[
								114.4333363,
								-7.7928594
							],
							[
								114.4331161,
								-7.7928933
							],
							[
								114.4328119,
								-7.7928833
							],
							[
								114.4325893,
								-7.7928461
							],
							[
								114.4324361,
								-7.7927976
							],
							[
								114.4321975,
								-7.7926802
							],
							[
								114.4320783,
								-7.7926122
							],
							[
								114.4319898,
								-7.7925777
							],
							[
								114.4318879,
								-7.7925591
							],
							[
								114.4316888,
								-7.792532
							],
							[
								114.4315408,
								-7.7924824
							],
							[
								114.4314408,
								-7.79242
							],
							[
								114.431332,
								-7.792282
							],
							[
								114.4310536,
								-7.7921269
							],
							[
								114.4307012,
								-7.7920234
							],
							[
								114.4304402,
								-7.791907
							],
							[
								114.4302749,
								-7.7917519
							],
							[
								114.4301498,
								-7.7915147
							],
							[
								114.43004,
								-7.7912864
							],
							[
								114.4298138,
								-7.7909459
							],
							[
								114.4294918,
								-7.7907174
							],
							[
								114.4292482,
								-7.7904847
							],
							[
								114.4290785,
								-7.7902433
							],
							[
								114.4289524,
								-7.7898554
							],
							[
								114.4289176,
								-7.7895192
							],
							[
								114.4288741,
								-7.7891269
							],
							[
								114.4288001,
								-7.7888683
							],
							[
								114.428426,
								-7.788502
							],
							[
								114.4277343,
								-7.7880365
							],
							[
								114.4274863,
								-7.7877477
							],
							[
								114.4274102,
								-7.7876119
							],
							[
								114.4273297,
								-7.787502
							],
							[
								114.4272166,
								-7.7874761
							],
							[
								114.4271361,
								-7.7875128
							],
							[
								114.42706,
								-7.7876615
							],
							[
								114.4269121,
								-7.7878985
							],
							[
								114.4267641,
								-7.788058
							],
							[
								114.4265684,
								-7.7881442
							],
							[
								114.4263117,
								-7.7881442
							],
							[
								114.425881,
								-7.7880494
							],
							[
								114.4254347,
								-7.7878788
							],
							[
								114.4250616,
								-7.78781
							],
							[
								114.4246828,
								-7.787891
							],
							[
								114.4247674,
								-7.7880788
							],
							[
								114.4244541,
								-7.7881744
							],
							[
								114.4242105,
								-7.7881421
							],
							[
								114.4236754,
								-7.7879632
							],
							[
								114.4232578,
								-7.787752
							],
							[
								114.4230968,
								-7.7876701
							],
							[
								114.4227792,
								-7.7875171
							],
							[
								114.4223507,
								-7.787349
							],
							[
								114.4219586,
								-7.7871262
							],
							[
								114.4217679,
								-7.7869678
							],
							[
								114.4216177,
								-7.786819
							],
							[
								114.4215198,
								-7.7866981
							],
							[
								114.4213936,
								-7.7865667
							],
							[
								114.421274,
								-7.7864675
							],
							[
								114.4211174,
								-7.7863598
							],
							[
								114.4209499,
								-7.7862477
							],
							[
								114.4208398,
								-7.7861413
							],
							[
								114.420695,
								-7.7859579
							],
							[
								114.4205341,
								-7.7857081
							],
							[
								114.4204104,
								-7.7855042
							],
							[
								114.420293,
								-7.7853124
							],
							[
								114.4201886,
								-7.7852046
							],
							[
								114.4200245,
								-7.7850305
							],
							[
								114.4198231,
								-7.784862
							],
							[
								114.4196143,
								-7.7846874
							],
							[
								114.4194055,
								-7.7845322
							],
							[
								114.4191688,
								-7.7843236
							],
							[
								114.4189748,
								-7.784084
							],
							[
								114.4186072,
								-7.7836249
							],
							[
								114.4181439,
								-7.7830775
							],
							[
								114.4177197,
								-7.7825129
							],
							[
								114.4174674,
								-7.7821939
							],
							[
								114.4171847,
								-7.7817952
							],
							[
								114.4169519,
								-7.7814094
							],
							[
								114.416804,
								-7.7810797
							],
							[
								114.4166854,
								-7.7806864
							],
							[
								114.4166767,
								-7.7804741
							],
							[
								114.4166615,
								-7.7803631
							],
							[
								114.4166332,
								-7.7802866
							],
							[
								114.4165821,
								-7.7802596
							],
							[
								114.4165016,
								-7.7802543
							],
							[
								114.416332,
								-7.7802801
							],
							[
								114.4161688,
								-7.780278
							],
							[
								114.4160623,
								-7.7802349
							],
							[
								114.4159296,
								-7.7801594
							],
							[
								114.4152769,
								-7.7796357
							],
							[
								114.4149256,
								-7.7792876
							],
							[
								114.4143274,
								-7.7787242
							],
							[
								114.4140359,
								-7.7784553
							],
							[
								114.4139385,
								-7.7783654
							],
							[
								114.4136757,
								-7.7781688
							],
							[
								114.4134799,
								-7.7780678
							],
							[
								114.4133706,
								-7.7780614
							],
							[
								114.4132476,
								-7.7781099
							],
							[
								114.4131354,
								-7.7782597
							],
							[
								114.4130266,
								-7.7783761
							],
							[
								114.4129112,
								-7.7784452
							],
							[
								114.4128139,
								-7.7784745
							],
							[
								114.4126739,
								-7.7784686
							],
							[
								114.4124472,
								-7.7784292
							],
							[
								114.4121003,
								-7.7782964
							],
							[
								114.411774,
								-7.7781555
							],
							[
								114.4115809,
								-7.7780359
							],
							[
								114.4113595,
								-7.7779202
							],
							[
								114.4110811,
								-7.777737
							],
							[
								114.410881,
								-7.7775862
							],
							[
								114.4106352,
								-7.7773857
							],
							[
								114.410422,
								-7.7772349
							],
							[
								114.4101806,
								-7.7770668
							],
							[
								114.4099435,
								-7.776862
							],
							[
								114.4097651,
								-7.7766918
							],
							[
								114.4096389,
								-7.7765603
							],
							[
								114.4093409,
								-7.7762888
							],
							[
								114.4089668,
								-7.7759676
							],
							[
								114.408547,
								-7.7754849
							],
							[
								114.408125,
								-7.7750431
							],
							[
								114.4077792,
								-7.7746357
							],
							[
								114.4075725,
								-7.7742607
							],
							[
								114.4074638,
								-7.7740323
							],
							[
								114.4073028,
								-7.773681
							],
							[
								114.4070287,
								-7.7731163
							],
							[
								114.4069134,
								-7.772862
							],
							[
								114.4067677,
								-7.7726831
							],
							[
								114.4066307,
								-7.7725193
							],
							[
								114.4064469,
								-7.7722555
							],
							[
								114.4061383,
								-7.7716725
							],
							[
								114.4059694,
								-7.7714503
							],
							[
								114.4057628,
								-7.7712693
							],
							[
								114.4056105,
								-7.7711766
							],
							[
								114.4053892,
								-7.7710446
							],
							[
								114.4051838,
								-7.7709455
							],
							[
								114.4049692,
								-7.7707994
							],
							[
								114.4047773,
								-7.7706578
							],
							[
								114.404338,
								-7.7702908
							],
							[
								114.4040487,
								-7.770112
							],
							[
								114.4037408,
								-7.7699569
							],
							[
								114.4034522,
								-7.7698779
							],
							[
								114.4031721,
								-7.7698663
							],
							[
								114.4028067,
								-7.7698749
							],
							[
								114.4024869,
								-7.7699309
							],
							[
								114.4020889,
								-7.7699934
							],
							[
								114.4016014,
								-7.7701084
							],
							[
								114.400785,
								-7.7704167
							],
							[
								114.4005515,
								-7.7705003
							],
							[
								114.40005,
								-7.7706293
							],
							[
								114.399731,
								-7.7707305
							],
							[
								114.3993329,
								-7.7708555
							],
							[
								114.39875,
								-7.7709956
							],
							[
								114.3984433,
								-7.7710603
							],
							[
								114.3982062,
								-7.7710775
							],
							[
								114.3980409,
								-7.7711034
							],
							[
								114.3978734,
								-7.771168
							],
							[
								114.3976298,
								-7.7712715
							],
							[
								114.3974134,
								-7.7713415
							],
							[
								114.3966227,
								-7.7714956
							],
							[
								114.3962352,
								-7.7715581
							],
							[
								114.3958417,
								-7.7715887
							],
							[
								114.3954685,
								-7.771598
							],
							[
								114.3950638,
								-7.7715727
							],
							[
								114.3947527,
								-7.7715329
							],
							[
								114.3943126,
								-7.771431
							],
							[
								114.3938577,
								-7.771288
							],
							[
								114.3934099,
								-7.7709999
							],
							[
								114.3930293,
								-7.7707628
							],
							[
								114.3927748,
								-7.7705904
							],
							[
								114.3924702,
								-7.77039
							],
							[
								114.3922788,
								-7.7702564
							],
							[
								114.3919177,
								-7.7700042
							],
							[
								114.3915132,
								-7.7697456
							],
							[
								114.3913065,
								-7.7695753
							],
							[
								114.3911999,
								-7.7694891
							],
							[
								114.3910585,
								-7.7693576
							],
							[
								114.3909237,
								-7.7692111
							],
							[
								114.3907518,
								-7.768974
							],
							[
								114.3905797,
								-7.7687442
							],
							[
								114.3902868,
								-7.7682773
							],
							[
								114.3900159,
								-7.7678255
							],
							[
								114.3898731,
								-7.7676054
							],
							[
								114.3894032,
								-7.7671744
							],
							[
								114.3890421,
								-7.7667649
							],
							[
								114.3887985,
								-7.7664071
							],
							[
								114.388481,
								-7.7658037
							],
							[
								114.3881982,
								-7.7652131
							],
							[
								114.3878937,
								-7.7647131
							],
							[
								114.3874847,
								-7.7642476
							],
							[
								114.3869213,
								-7.76367
							],
							[
								114.3866756,
								-7.7634717
							],
							[
								114.3865168,
								-7.7633747
							],
							[
								114.3860021,
								-7.7631857
							],
							[
								114.3854879,
								-7.7629803
							],
							[
								114.3848179,
								-7.7626656
							],
							[
								114.3844242,
								-7.7624264
							],
							[
								114.3840066,
								-7.7621721
							],
							[
								114.3836172,
								-7.7619738
							],
							[
								114.3832235,
								-7.7618014
							],
							[
								114.3827232,
								-7.7616031
							],
							[
								114.3819706,
								-7.7613121
							],
							[
								114.381553,
								-7.7611096
							],
							[
								114.3812115,
								-7.7609199
							],
							[
								114.3809722,
								-7.7607065
							],
							[
								114.3808069,
								-7.7605039
							],
							[
								114.3805894,
								-7.7601569
							],
							[
								114.3803189,
								-7.7597174
							],
							[
								114.3802631,
								-7.7596267
							],
							[
								114.3799629,
								-7.7591612
							],
							[
								114.3798716,
								-7.7589414
							],
							[
								114.379802,
								-7.7585836
							],
							[
								114.3797585,
								-7.7581999
							],
							[
								114.3796758,
								-7.7576396
							],
							[
								114.3794539,
								-7.7567947
							],
							[
								114.3794061,
								-7.7565447
							],
							[
								114.379306,
								-7.7562516
							],
							[
								114.3791494,
								-7.7559843
							],
							[
								114.3789493,
								-7.7557084
							],
							[
								114.3787818,
								-7.7553614
							],
							[
								114.378734,
								-7.7550597
							],
							[
								114.3787383,
								-7.7547731
							],
							[
								114.3787927,
								-7.7545403
							],
							[
								114.3788601,
								-7.7544411
							],
							[
								114.3790124,
								-7.7543388
							],
							[
								114.3791146,
								-7.7542385
							],
							[
								114.3791364,
								-7.7541879
							],
							[
								114.3791255,
								-7.7541383
							],
							[
								114.3790624,
								-7.7540909
							],
							[
								114.3789232,
								-7.7540187
							],
							[
								114.3788514,
								-7.7539627
							],
							[
								114.378734,
								-7.7537428
							],
							[
								114.3786274,
								-7.7535122
							],
							[
								114.378536,
								-7.7533592
							],
							[
								114.3783903,
								-7.753204
							],
							[
								114.3780705,
								-7.7529173
							],
							[
								114.3777051,
								-7.7525466
							],
							[
								114.3775702,
								-7.7524281
							],
							[
								114.377455,
								-7.7523785
							],
							[
								114.3773767,
								-7.7524044
							],
							[
								114.3773049,
								-7.7525165
							],
							[
								114.3772875,
								-7.7526889
							],
							[
								114.377306,
								-7.7528257
							],
							[
								114.377344,
								-7.7529141
							],
							[
								114.3773995,
								-7.7530057
							],
							[
								114.3774473,
								-7.7530283
							],
							[
								114.3775028,
								-7.7530305
							],
							[
								114.3776029,
								-7.7530133
							],
							[
								114.3776931,
								-7.7530089
							],
							[
								114.3777638,
								-7.7530262
							],
							[
								114.3778704,
								-7.7531113
							],
							[
								114.3779879,
								-7.7532881
							],
							[
								114.3781793,
								-7.7535575
							],
							[
								114.378312,
								-7.7537773
							],
							[
								114.378399,
								-7.7538948
							],
							[
								114.3785077,
								-7.7540015
							],
							[
								114.3785458,
								-7.754065
							],
							[
								114.378548,
								-7.7541372
							],
							[
								114.3785077,
								-7.7541997
							],
							[
								114.3783707,
								-7.754314
							],
							[
								114.3781597,
								-7.7544358
							],
							[
								114.3780303,
								-7.7544724
							],
							[
								114.3778334,
								-7.7544735
							],
							[
								114.3777366,
								-7.7544595
							],
							[
								114.3776725,
								-7.7544282
							],
							[
								114.377592,
								-7.7543635
							],
							[
								114.3775126,
								-7.7542946
							],
							[
								114.3774365,
								-7.7542741
							],
							[
								114.3773875,
								-7.7542795
							],
							[
								114.3773527,
								-7.7542978
							],
							[
								114.3773364,
								-7.7543366
							],
							[
								114.3773375,
								-7.7543786
							],
							[
								114.3774028,
								-7.7544562
							],
							[
								114.3775702,
								-7.7545845
							],
							[
								114.3777334,
								-7.7547019
							],
							[
								114.3778487,
								-7.7548636
							],
							[
								114.37789,
								-7.7550511
							],
							[
								114.3778943,
								-7.755286
							],
							[
								114.3778465,
								-7.7554972
							],
							[
								114.3777464,
								-7.7558507
							],
							[
								114.3777573,
								-7.7559886
							],
							[
								114.3777965,
								-7.7560684
							],
							[
								114.37789,
								-7.7561718
							],
							[
								114.378051,
								-7.7562624
							],
							[
								114.3784186,
								-7.7564111
							],
							[
								114.3785708,
								-7.7564865
							],
							[
								114.3786209,
								-7.7565684
							],
							[
								114.3786361,
								-7.7567085
							],
							[
								114.3785752,
								-7.7569262
							],
							[
								114.3784773,
								-7.7570771
							],
							[
								114.3782837,
								-7.7572107
							],
							[
								114.3780401,
								-7.7572171
							],
							[
								114.3777421,
								-7.7571546
							],
							[
								114.3775398,
								-7.7571115
							],
							[
								114.3773005,
								-7.7570059
							],
							[
								114.377046,
								-7.7568464
							],
							[
								114.3767654,
								-7.7567236
							],
							[
								114.3764805,
								-7.7566783
							],
							[
								114.3761478,
								-7.7567049
							],
							[
								114.3758257,
								-7.7567861
							],
							[
								114.3756126,
								-7.7568141
							],
							[
								114.3754538,
								-7.7567861
							],
							[
								114.3752754,
								-7.7566956
							],
							[
								114.3750527,
								-7.7565573
							],
							[
								114.3747077,
								-7.7563431
							],
							[
								114.3743249,
								-7.7559757
							],
							[
								114.3740116,
								-7.7556524
							],
							[
								114.3738376,
								-7.7553679
							],
							[
								114.3737593,
								-7.7550748
							],
							[
								114.3737202,
								-7.754661
							],
							[
								114.373718,
								-7.7539239
							],
							[
								114.3737528,
								-7.7535402
							],
							[
								114.3738376,
								-7.7532169
							],
							[
								114.3739681,
								-7.7527859
							],
							[
								114.3740518,
								-7.7526304
							],
							[
								114.3740921,
								-7.7524464
							],
							[
								114.3741182,
								-7.7522902
							],
							[
								114.3742096,
								-7.7522018
							],
							[
								114.3742966,
								-7.7521845
							],
							[
								114.374371,
								-7.7522103
							],
							[
								114.3744402,
								-7.7523483
							],
							[
								114.3744445,
								-7.7525639
							],
							[
								114.374488,
								-7.7527385
							],
							[
								114.3745815,
								-7.7528333
							],
							[
								114.3747229,
								-7.7529001
							],
							[
								114.3748469,
								-7.7528979
							],
							[
								114.3749513,
								-7.752857
							],
							[
								114.3751166,
								-7.7527212
							],
							[
								114.3754125,
								-7.7524626
							],
							[
								114.3757787,
								-7.7521507
							],
							[
								114.3758444,
								-7.7520471
							],
							[
								114.3759867,
								-7.7519281
							],
							[
								114.3760389,
								-7.7517923
							],
							[
								114.376015,
								-7.7516328
							],
							[
								114.3759149,
								-7.7514237
							],
							[
								114.37573,
								-7.7512319
							],
							[
								114.375469,
								-7.7511047
							],
							[
								114.3751427,
								-7.7510746
							],
							[
								114.3749296,
								-7.7511392
							],
							[
								114.3747121,
								-7.7513375
							],
							[
								114.3743901,
								-7.7517513
							],
							[
								114.3742526,
								-7.7518571
							],
							[
								114.3741576,
								-7.7519045
							],
							[
								114.3739246,
								-7.7519755
							],
							[
								114.3736462,
								-7.7518677
							],
							[
								114.3733955,
								-7.7517206
							],
							[
								114.3728302,
								-7.7511182
							],
							[
								114.3723194,
								-7.7507901
							],
							[
								114.3719017,
								-7.7505875
							],
							[
								114.3713753,
								-7.7504237
							],
							[
								114.3707358,
								-7.75029
							],
							[
								114.3704139,
								-7.7502621
							],
							[
								114.3695438,
								-7.7502599
							],
							[
								114.3688913,
								-7.7502383
							],
							[
								114.3684606,
								-7.7501607
							],
							[
								114.3680647,
								-7.7499969
							],
							[
								114.3677602,
								-7.7498029
							],
							[
								114.3675166,
								-7.7496133
							],
							[
								114.3670728,
								-7.7493374
							],
							[
								114.3664551,
								-7.749083
							],
							[
								114.3656198,
								-7.7488546
							],
							[
								114.3650151,
								-7.7488244
							],
							[
								114.364654,
								-7.7488804
							],
							[
								114.3643125,
								-7.7490744
							],
							[
								114.3638884,
								-7.7494042
							],
							[
								114.363834,
								-7.749527
							],
							[
								114.3638448,
								-7.7496693
							],
							[
								114.3639145,
								-7.7498288
							],
							[
								114.3640711,
								-7.7499818
							],
							[
								114.3642451,
								-7.7500939
							],
							[
								114.3643821,
								-7.7501844
							],
							[
								114.3644887,
								-7.7503051
							],
							[
								114.3645822,
								-7.750484
							],
							[
								114.3647019,
								-7.7507814
							],
							[
								114.364915,
								-7.7513418
							],
							[
								114.3651587,
								-7.7521005
							],
							[
								114.3653109,
								-7.7523634
							],
							[
								114.3654414,
								-7.7524971
							],
							[
								114.3655872,
								-7.7525445
							],
							[
								114.3657699,
								-7.7525596
							],
							[
								114.3659744,
								-7.7526005
							],
							[
								114.3661679,
								-7.7526997
							],
							[
								114.366429,
								-7.7530402
							],
							[
								114.3665899,
								-7.7532859
							],
							[
								114.3666552,
								-7.7535488
							],
							[
								114.3666769,
								-7.7537773
							],
							[
								114.3667161,
								-7.7538657
							],
							[
								114.3667726,
								-7.7538829
							],
							[
								114.3668488,
								-7.7538635
							],
							[
								114.3670445,
								-7.7536674
							],
							[
								114.3672686,
								-7.7535165
							],
							[
								114.3676057,
								-7.7534605
							],
							[
								114.3679168,
								-7.7534928
							],
							[
								114.3683496,
								-7.7535855
							],
							[
								114.3697091,
								-7.7538247
							],
							[
								114.3705792,
								-7.7538937
							],
							[
								114.3714536,
								-7.7540359
							],
							[
								114.3719887,
								-7.7542342
							],
							[
								114.3723542,
								-7.754536
							],
							[
								114.3725195,
								-7.7549756
							],
							[
								114.3724064,
								-7.7556136
							],
							[
								114.3720409,
								-7.7562602
							],
							[
								114.3714754,
								-7.7568378
							],
							[
								114.3710142,
								-7.756993
							],
							[
								114.3702747,
								-7.7568637
							],
							[
								114.3685345,
								-7.7561567
							],
							[
								114.3670032,
								-7.7557257
							],
							[
								114.3663332,
								-7.7554843
							],
							[
								114.365684,
								-7.7551153
							],
							[
								114.3648367,
								-7.754286
							],
							[
								114.3643147,
								-7.7540101
							],
							[
								114.3637056,
								-7.7538721
							],
							[
								114.3630531,
								-7.7539152
							],
							[
								114.3608605,
								-7.7542084
							],
							[
								114.3598107,
								-7.7543083
							],
							[
								114.358868,
								-7.754398
							],
							[
								114.3564666,
								-7.7544411
							],
							[
								114.3541696,
								-7.7541566
							],
							[
								114.3520293,
								-7.7537342
							],
							[
								114.351194,
								-7.7536566
							],
							[
								114.349915,
								-7.7536997
							],
							[
								114.3488491,
								-7.754092
							],
							[
								114.348549,
								-7.754467
							],
							[
								114.348388,
								-7.754855
							],
							[
								114.3483619,
								-7.755177
							],
							[
								114.3483488,
								-7.7553377
							],
							[
								114.348314,
								-7.7557774
							],
							[
								114.3480791,
								-7.7560274
							],
							[
								114.3478703,
								-7.7561395
							],
							[
								114.3474527,
								-7.7561912
							],
							[
								114.3464608,
								-7.7560791
							],
							[
								114.3453036,
								-7.7558636
							],
							[
								114.3444422,
								-7.7558378
							],
							[
								114.3434851,
								-7.7559757
							],
							[
								114.3416319,
								-7.756243
							],
							[
								114.340814,
								-7.7562688
							],
							[
								114.3404399,
								-7.7562343
							],
							[
								114.3395002,
								-7.7560835
							],
							[
								114.3385823,
								-7.7559024
							],
							[
								114.3380341,
								-7.7558119
							],
							[
								114.3375687,
								-7.7558766
							],
							[
								114.3370727,
								-7.7560533
							],
							[
								114.3366116,
								-7.7563593
							],
							[
								114.3360025,
								-7.7568443
							],
							[
								114.3356582,
								-7.7570675
							],
							[
								114.3355936,
								-7.7571094
							],
							[
								114.3352717,
								-7.757243
							],
							[
								114.3348432,
								-7.75734
							],
							[
								114.3340296,
								-7.7574305
							],
							[
								114.3330116,
								-7.7575447
							],
							[
								114.3326201,
								-7.7575706
							],
							[
								114.3322264,
								-7.7576137
							],
							[
								114.3315042,
								-7.7577603
							],
							[
								114.3304689,
								-7.7579672
							],
							[
								114.3294378,
								-7.7582129
							],
							[
								114.3287635,
								-7.7583336
							],
							[
								114.3282545,
								-7.7583336
							],
							[
								114.327876,
								-7.7582387
							],
							[
								114.3273627,
								-7.7581137
							],
							[
								114.3268233,
								-7.7579866
							],
							[
								114.3265862,
								-7.7579672
							],
							[
								114.3263012,
								-7.7579586
							],
							[
								114.325827,
								-7.7580038
							],
							[
								114.3252006,
								-7.7580146
							],
							[
								114.3248351,
								-7.7579521
							],
							[
								114.3244153,
								-7.7578896
							],
							[
								114.3240477,
								-7.7577538
							],
							[
								114.3237232,
								-7.7576369
							],
							[
								114.3235454,
								-7.7576242
							],
							[
								114.323319,
								-7.7575851
							],
							[
								114.3231806,
								-7.7575618
							],
							[
								114.3229733,
								-7.7574896
							],
							[
								114.3226219,
								-7.7573532
							],
							[
								114.3223159,
								-7.7572666
							],
							[
								114.3220082,
								-7.7571895
							],
							[
								114.3217297,
								-7.7571061
							],
							[
								114.3214511,
								-7.756981
							],
							[
								114.3212325,
								-7.7568783
							],
							[
								114.321069,
								-7.7568462
							],
							[
								114.3208892,
								-7.7568462
							],
							[
								114.3206609,
								-7.7568382
							],
							[
								114.320337,
								-7.75679
							],
							[
								114.3199775,
								-7.7566777
							],
							[
								114.3195338,
								-7.7564739
							],
							[
								114.3191889,
								-7.7563022
							],
							[
								114.3188067,
								-7.7560864
							],
							[
								114.3185598,
								-7.755918
							],
							[
								114.3183112,
								-7.7557543
							],
							[
								114.3179448,
								-7.7555228
							],
							[
								114.3179323,
								-7.7555128
							],
							[
								114.3178084,
								-7.7553949
							],
							[
								114.3176246,
								-7.7551967
							],
							[
								114.317359,
								-7.7549015
							],
							[
								114.3170594,
								-7.7545742
							],
							[
								114.3167242,
								-7.7542372
							],
							[
								114.3164651,
								-7.7539307
							],
							[
								114.3160797,
								-7.7535152
							],
							[
								114.3158271,
								-7.7532135
							],
							[
								114.3155956,
								-7.7528765
							],
							[
								114.3153105,
								-7.7524481
							],
							[
								114.3151421,
								-7.7521433
							],
							[
								114.3148992,
								-7.7517164
							],
							[
								114.3147179,
								-7.7513474
							],
							[
								114.3145138,
								-7.7510329
							],
							[
								114.3143438,
								-7.7507826
							],
							[
								114.3141916,
								-7.7505949
							],
							[
								114.3140345,
								-7.7504184
							],
							[
								114.313879,
								-7.7502563
							],
							[
								114.3136637,
								-7.7500381
							],
							[
								114.3134985,
								-7.749852
							],
							[
								114.3133333,
								-7.749592
							],
							[
								114.3132621,
								-7.7494235
							],
							[
								114.3131908,
								-7.7492133
							],
							[
								114.3131196,
								-7.748971
							],
							[
								114.3130807,
								-7.7489037
							],
							[
								114.3130111,
								-7.7488539
							],
							[
								114.3128605,
								-7.7487801
							],
							[
								114.3127504,
								-7.7487336
							],
							[
								114.3126888,
								-7.7486935
							],
							[
								114.3125617,
								-7.7485788
							],
							[
								114.3124119,
								-7.7483934
							],
							[
								114.312352,
								-7.7483019
							],
							[
								114.3123099,
								-7.7482586
							],
							[
								114.3122386,
								-7.7482201
							],
							[
								114.3120913,
								-7.7481607
							],
							[
								114.3120022,
								-7.748119
							],
							[
								114.3118856,
								-7.7480179
							],
							[
								114.3116573,
								-7.7478174
							],
							[
								114.3113253,
								-7.7475029
							],
							[
								114.311144,
								-7.7473199
							],
							[
								114.3109792,
								-7.7471914
							],
							[
								114.310833,
								-7.7470889
							],
							[
								114.3105286,
								-7.7468947
							],
							[
								114.3101788,
								-7.7466589
							],
							[
								114.3099473,
								-7.7465096
							],
							[
								114.3095635,
								-7.7462898
							],
							[
								114.309442,
								-7.746232
							],
							[
								114.3093708,
								-7.7462176
							],
							[
								114.3091764,
								-7.7462802
							],
							[
								114.3089692,
								-7.7463492
							],
							[
								114.3088445,
								-7.7464936
							],
							[
								114.3087246,
								-7.7465161
							],
							[
								114.3084898,
								-7.7464968
							],
							[
								114.3077919,
								-7.7463845
							],
							[
								114.3072705,
								-7.746277
							],
							[
								114.3068316,
								-7.7461486
							],
							[
								114.3066033,
								-7.7460844
							],
							[
								114.306409,
								-7.7460443
							],
							[
								114.3062163,
								-7.7460539
							],
							[
								114.3060916,
								-7.7460636
							],
							[
								114.3060138,
								-7.7460604
							],
							[
								114.3059426,
								-7.7460315
							],
							[
								114.3058454,
								-7.7459416
							],
							[
								114.3055653,
								-7.7455854
							],
							[
								114.3053774,
								-7.7453848
							],
							[
								114.3051621,
								-7.7452388
							],
							[
								114.3049564,
								-7.7451457
							],
							[
								114.3048301,
								-7.7451233
							],
							[
								114.3046925,
								-7.7451746
							],
							[
								114.304469,
								-7.7453158
							],
							[
								114.3043686,
								-7.7453495
							],
							[
								114.3042552,
								-7.7453993
							],
							[
								114.3041678,
								-7.74551
							],
							[
								114.3040981,
								-7.745672
							],
							[
								114.3040496,
								-7.7458967
							],
							[
								114.3040415,
								-7.7459769
							],
							[
								114.3040107,
								-7.7460539
							],
							[
								114.30392,
								-7.7461454
							],
							[
								114.3038018,
								-7.7462369
							],
							[
								114.3036366,
								-7.7463652
							],
							[
								114.3035087,
								-7.7464647
							],
							[
								114.3032901,
								-7.7466444
							],
							[
								114.3029921,
								-7.7468626
							],
							[
								114.3026974,
								-7.7470279
							],
							[
								114.302414,
								-7.7471643
							],
							[
								114.3019655,
								-7.7473119
							],
							[
								114.3016805,
								-7.7473841
							],
							[
								114.3012805,
								-7.7474756
							],
							[
								114.3007267,
								-7.7476296
							],
							[
								114.3000239,
								-7.7477965
							],
							[
								114.2996384,
								-7.747835
							],
							[
								114.2991719,
								-7.7478396
							],
							[
								114.2987801,
								-7.7478551
							],
							[
								114.2983837,
								-7.7479189
							],
							[
								114.2980456,
								-7.7479675
							],
							[
								114.2978606,
								-7.7480167
							],
							[
								114.297702,
								-7.7480826
							],
							[
								114.2975615,
								-7.748119
							],
							[
								114.2973,
								-7.7481549
							],
							[
								114.2968038,
								-7.7481775
							],
							[
								114.2962056,
								-7.7481934
							],
							[
								114.2957497,
								-7.7481853
							],
							[
								114.2957315,
								-7.7481813
							],
							[
								114.2957146,
								-7.7481775
							],
							[
								114.2953902,
								-7.7481217
							],
							[
								114.2948833,
								-7.7480087
							],
							[
								114.2945286,
								-7.7479157
							],
							[
								114.2941289,
								-7.7477883
							],
							[
								114.2937591,
								-7.7476455
							],
							[
								114.2933438,
								-7.7474747
							],
							[
								114.2930037,
								-7.747324
							],
							[
								114.2924868,
								-7.7471104
							],
							[
								114.2921152,
								-7.7469125
							],
							[
								114.2918895,
								-7.7467495
							],
							[
								114.2916748,
								-7.746588
							],
							[
								114.2911488,
								-7.74621
							],
							[
								114.2907565,
								-7.7458411
							],
							[
								114.2903584,
								-7.7454358
							],
							[
								114.2900811,
								-7.7451284
							],
							[
								114.289595,
								-7.7445393
							],
							[
								114.2892796,
								-7.7441557
							],
							[
								114.2890938,
								-7.7439575
							],
							[
								114.2888838,
								-7.7437712
							],
							[
								114.2887036,
								-7.7436594
							],
							[
								114.2884136,
								-7.7434171
							],
							[
								114.2880642,
								-7.7431485
							],
							[
								114.2876473,
								-7.7427075
							],
							[
								114.287341,
								-7.7423718
							],
							[
								114.28693,
								-7.7418715
							],
							[
								114.2865572,
								-7.7413218
							],
							[
								114.2861609,
								-7.7407924
							],
							[
								114.285794,
								-7.7402281
							],
							[
								114.2853977,
								-7.73937
							],
							[
								114.2849398,
								-7.7382211
							],
							[
								114.2847654,
								-7.7376359
							],
							[
								114.2846035,
								-7.7371096
							],
							[
								114.2844444,
								-7.7363045
							],
							[
								114.2843507,
								-7.7351785
							],
							[
								114.2843126,
								-7.7347537
							],
							[
								114.2842219,
								-7.7345494
							],
							[
								114.2840817,
								-7.7343832
							],
							[
								114.2839168,
								-7.7342606
							],
							[
								114.2837931,
								-7.7342252
							],
							[
								114.2835429,
								-7.7342742
							],
							[
								114.2833312,
								-7.7343015
							],
							[
								114.2830343,
								-7.7342579
							],
							[
								114.282457,
								-7.73404
							],
							[
								114.2821381,
								-7.7339337
							],
							[
								114.2818769,
								-7.7339119
							],
							[
								114.2816707,
								-7.7339828
							],
							[
								114.2814398,
								-7.7340699
							],
							[
								114.2812116,
								-7.734119
							],
							[
								114.2809422,
								-7.7341026
							],
							[
								114.280637,
								-7.7339964
							],
							[
								114.2801367,
								-7.7336749
							],
							[
								114.2796446,
								-7.7333644
							],
							[
								114.2789105,
								-7.7328795
							],
							[
								114.2782782,
								-7.7323946
							],
							[
								114.2777037,
								-7.7319505
							],
							[
								114.2769614,
								-7.7313539
							],
							[
								114.2764995,
								-7.7309317
							],
							[
								114.2758562,
								-7.7303324
							],
							[
								114.2753064,
								-7.7298447
							],
							[
								114.2747868,
								-7.7293707
							],
							[
								114.2740748,
								-7.7287142
							],
							[
								114.273404,
								-7.7281176
							],
							[
								114.2729119,
								-7.7277035
							],
							[
								114.2725352,
								-7.7273984
							],
							[
								114.2721614,
								-7.7271778
							],
							[
								114.2718342,
								-7.7270307
							],
							[
								114.2715043,
								-7.7268509
							],
							[
								114.2712926,
								-7.7266847
							],
							[
								114.2709875,
								-7.7263905
							],
							[
								114.2705888,
								-7.7260527
							],
							[
								114.2698727,
								-7.7255037
							],
							[
								114.2695978,
								-7.7252899
							],
							[
								114.2691125,
								-7.7249466
							],
							[
								114.2685902,
								-7.7245952
							],
							[
								114.2681888,
								-7.7242928
							],
							[
								114.2678699,
								-7.7240177
							],
							[
								114.2674232,
								-7.7236622
							],
							[
								114.2670933,
								-7.7234061
							],
							[
								114.2669833,
								-7.7233108
							],
							[
								114.2668362,
								-7.7232236
							],
							[
								114.2666493,
								-7.7231092
							],
							[
								114.2663661,
								-7.7229552
							],
							[
								114.2656788,
								-7.722612
							],
							[
								114.2650823,
								-7.722266
							],
							[
								114.2645984,
								-7.7219418
							],
							[
								114.2642355,
								-7.7217375
							],
							[
								114.2635977,
								-7.7213752
							],
							[
								114.2631469,
								-7.7211654
							],
							[
								114.2625888,
								-7.720893
							],
							[
								114.2619317,
								-7.7204244
							],
							[
								114.2610602,
								-7.7198251
							],
							[
								114.2602492,
								-7.719223
							],
							[
								114.2594742,
								-7.71863
							],
							[
								114.2583032,
								-7.717756
							],
							[
								114.2576304,
								-7.7172227
							],
							[
								114.2567733,
								-7.7162696
							],
							[
								114.2555474,
								-7.714808
							],
							[
								114.2541422,
								-7.7130994
							],
							[
								114.2529227,
								-7.7117583
							],
							[
								114.25193,
								-7.7106955
							],
							[
								114.2508725,
								-7.7095388
							],
							[
								114.2498749,
								-7.7081102
							],
							[
								114.2495192,
								-7.7075973
							],
							[
								114.2490369,
								-7.70689
							],
							[
								114.2482837,
								-7.705871
							],
							[
								114.2473539,
								-7.7042139
							],
							[
								114.2465823,
								-7.7028614
							],
							[
								114.2461628,
								-7.7021207
							],
							[
								114.2457722,
								-7.7013752
							],
							[
								114.2455407,
								-7.7009929
							],
							[
								114.2451452,
								-7.7006105
							],
							[
								114.2443399,
								-7.6999941
							],
							[
								114.2435828,
								-7.6994254
							],
							[
								114.2428498,
								-7.6988901
							],
							[
								114.2423289,
								-7.6985556
							],
							[
								114.2416876,
								-7.6983358
							],
							[
								114.2407424,
								-7.6980873
							],
							[
								114.2400624,
								-7.6978961
							],
							[
								114.2394644,
								-7.6976954
							],
							[
								114.2391751,
								-7.6975855
							],
							[
								114.2386494,
								-7.6975329
							],
							[
								114.238008,
								-7.6975998
							],
							[
								114.23714,
								-7.697791
							],
							[
								114.2361659,
								-7.6981446
							],
							[
								114.2354907,
								-7.6985221
							],
							[
								114.2352352,
								-7.6987372
							],
							[
								114.2349024,
								-7.6990813
							],
							[
								114.2342032,
								-7.6996165
							],
							[
								114.2330988,
								-7.7003716
							],
							[
								114.2317228,
								-7.7013331
							],
							[
								114.2290092,
								-7.7033846
							],
							[
								114.227418,
								-7.704744
							],
							[
								114.2262177,
								-7.7058615
							],
							[
								114.2248083,
								-7.7071055
							],
							[
								114.2238189,
								-7.7079796
							],
							[
								114.2230699,
								-7.7086386
							],
							[
								114.2223955,
								-7.709226
							],
							[
								114.2219732,
								-7.7095728
							],
							[
								114.2213455,
								-7.7101
							],
							[
								114.2207435,
								-7.710618
							],
							[
								114.2200061,
								-7.7112099
							],
							[
								114.2195231,
								-7.71161
							],
							[
								114.2191101,
								-7.7119268
							],
							[
								114.2186107,
								-7.7123823
							],
							[
								114.2180787,
								-7.7127962
							],
							[
								114.2176353,
								-7.7130667
							],
							[
								114.2170473,
								-7.7134945
							],
							[
								114.2166156,
								-7.7137997
							],
							[
								114.216177,
								-7.7141026
							],
							[
								114.2158153,
								-7.714357
							],
							[
								114.2151946,
								-7.7147154
							],
							[
								114.2144946,
								-7.7150946
							],
							[
								114.2141119,
								-7.7152842
							],
							[
								114.2135285,
								-7.7155363
							],
							[
								114.2130782,
								-7.7156542
							],
							[
								114.2127818,
								-7.7157051
							],
							[
								114.2125158,
								-7.7157051
							],
							[
								114.2122241,
								-7.7156912
							],
							[
								114.2120118,
								-7.7156218
							],
							[
								114.2117901,
								-7.7151871
							],
							[
								114.2113304,
								-7.7153883
							],
							[
								114.2114331,
								-7.7156288
							],
							[
								114.2113258,
								-7.7156681
							],
							[
								114.2106164,
								-7.7160057
							],
							[
								114.2109617,
								-7.716771
							],
							[
								114.2105021,
								-7.7169144
							],
							[
								114.210131,
								-7.7170069
							],
							[
								114.2098604,
								-7.7171225
							],
							[
								114.2093657,
								-7.7173376
							],
							[
								114.208815,
								-7.717511
							],
							[
								114.2082783,
								-7.7177006
							],
							[
								114.2076623,
								-7.7177885
							],
							[
								114.2068082,
								-7.7177283
							],
							[
								114.2058609,
								-7.7174971
							],
							[
								114.2048948,
								-7.7171734
							],
							[
								114.2038914,
								-7.7167942
							],
							[
								114.2030794,
								-7.7163178
							],
							[
								114.2024774,
								-7.7158554
							],
							[
								114.2017587,
								-7.7149998
							],
							[
								114.20076,
								-7.7139639
							],
							[
								114.1999573,
								-7.713187
							],
							[
								114.1986319,
								-7.7116978
							],
							[
								114.1973998,
								-7.7104307
							],
							[
								114.1964385,
								-7.7096445
							],
							[
								114.1950664,
								-7.708775
							],
							[
								114.1939277,
								-7.7082756
							],
							[
								114.1929523,
								-7.708123
							],
							[
								114.1922896,
								-7.7081785
							],
							[
								114.1914916,
								-7.7083912
							],
							[
								114.1912956,
								-7.7085669
							],
							[
								114.1912396,
								-7.7086779
							],
							[
								114.1911836,
								-7.7090063
							],
							[
								114.1912583,
								-7.7095705
							],
							[
								114.1912349,
								-7.7097832
							],
							[
								114.1911089,
								-7.7100006
							],
							[
								114.1908802,
								-7.7101486
							],
							[
								114.1906516,
								-7.7102919
							],
							[
								114.1904229,
								-7.7104307
							],
							[
								114.1901335,
								-7.7106712
							],
							[
								114.1897695,
								-7.7109602
							],
							[
								114.1894685,
								-7.7111776
							],
							[
								114.1892468,
								-7.7113764
							],
							[
								114.1890602,
								-7.7115475
							],
							[
								114.1888058,
								-7.7117348
							],
							[
								114.1880008,
								-7.7121187
							],
							[
								114.1872961,
								-7.7124216
							],
							[
								114.1865634,
								-7.7127129
							],
							[
								114.185994,
								-7.7128771
							],
							[
								114.1851727,
								-7.7130482
							],
							[
								114.1844703,
								-7.7131315
							],
							[
								114.1840083,
								-7.7131107
							],
							[
								114.1834623,
								-7.7130135
							],
							[
								114.1829652,
								-7.7128817
							],
							[
								114.1826619,
								-7.7127684
							],
							[
								114.1821288,
								-7.7124336
							],
							[
								114.1817192,
								-7.7121256
							],
							[
								114.1816305,
								-7.7120886
							],
							[
								114.1815349,
								-7.7120932
							],
							[
								114.1814205,
								-7.7121626
							],
							[
								114.1812175,
								-7.7123245
							],
							[
								114.1810028,
								-7.7124308
							],
							[
								114.1805781,
								-7.7125048
							],
							[
								114.1802748,
								-7.7124933
							],
							[
								114.1798851,
								-7.7123892
							],
							[
								114.1794907,
								-7.7121895
							],
							[
								114.179225,
								-7.7120172
							],
							[
								114.1790179,
								-7.7119303
							],
							[
								114.1787086,
								-7.7119302
							],
							[
								114.1785698,
								-7.7119815
							],
							[
								114.1784089,
								-7.712086
							],
							[
								114.1782961,
								-7.7121996
							],
							[
								114.1782054,
								-7.7123939
							],
							[
								114.1781555,
								-7.7125754
							],
							[
								114.1781222,
								-7.7127917
							],
							[
								114.1780963,
								-7.7129859
							],
							[
								114.1780778,
								-7.7131894
							],
							[
								114.1780223,
								-7.7135358
							],
							[
								114.177989,
								-7.7137448
							],
							[
								114.1779372,
								-7.7141297
							],
							[
								114.1778468,
								-7.7144539
							],
							[
								114.1776493,
								-7.7147545
							],
							[
								114.1774341,
								-7.7149106
							],
							[
								114.1770974,
								-7.7150755
							],
							[
								114.1767497,
								-7.7151635
							],
							[
								114.1760764,
								-7.7151269
							],
							[
								114.1755363,
								-7.7150572
							],
							[
								114.1749629,
								-7.7149582
							],
							[
								114.1744783,
								-7.7149032
							],
							[
								114.1740195,
								-7.7149142
							],
							[
								114.1735053,
								-7.7149106
							],
							[
								114.1729948,
								-7.7148702
							],
							[
								114.172266,
								-7.7148116
							],
							[
								114.1716852,
								-7.7148299
							],
							[
								114.1710563,
								-7.7148373
							],
							[
								114.1705162,
								-7.7148519
							],
							[
								114.1699502,
								-7.7149399
							],
							[
								114.1687552,
								-7.7151159
							],
							[
								114.1672126,
								-7.7152442
							],
							[
								114.1660378,
								-7.7153138
							],
							[
								114.1656033,
								-7.7153285
							],
							[
								114.1648375,
								-7.7152992
							],
							[
								114.1643899,
								-7.7152662
							],
							[
								114.163798,
								-7.7151195
							],
							[
								114.1632098,
								-7.7149179
							],
							[
								114.1627141,
								-7.7147126
							],
							[
								114.1621074,
								-7.7143863
							],
							[
								114.1618299,
								-7.7142544
							],
							[
								114.1613675,
								-7.7141994
							],
							[
								114.1611418,
								-7.7141994
							],
							[
								114.1608718,
								-7.7142947
							],
							[
								114.1605536,
								-7.714544
							],
							[
								114.1601948,
								-7.7148336
							],
							[
								114.1598544,
								-7.7149802
							],
							[
								114.1594586,
								-7.7150169
							],
							[
								114.1589591,
								-7.7149876
							],
							[
								114.1586003,
								-7.7149472
							],
							[
								114.1578863,
								-7.7148886
							],
							[
								114.1571094,
								-7.7148373
							],
							[
								114.1564398,
								-7.7148006
							],
							[
								114.1557739,
								-7.7147163
							],
							[
								114.1551117,
								-7.7146466
							],
							[
								114.1543386,
								-7.7145476
							],
							[
								114.153806,
								-7.7145
							],
							[
								114.1531222,
								-7.7144148
							],
							[
								114.1525834,
								-7.7143191
							],
							[
								114.1520446,
								-7.7142304
							],
							[
								114.151402,
								-7.7140902
							],
							[
								114.1509294,
								-7.7139962
							],
							[
								114.1503495,
								-7.7138809
							],
							[
								114.1495064,
								-7.7137692
							],
							[
								114.1488995,
								-7.7137035
							],
							[
								114.1478327,
								-7.7136095
							],
							[
								114.1476626,
								-7.7136131
							],
							[
								114.1475588,
								-7.7136432
							],
							[
								114.1474836,
								-7.7137301
							],
							[
								114.147421,
								-7.713833
							],
							[
								114.1473153,
								-7.7139572
							],
							[
								114.1470755,
								-7.7141133
							],
							[
								114.1464955,
								-7.7142587
							],
							[
								114.1458869,
								-7.7143687
							],
							[
								114.1452103,
								-7.7144574
							],
							[
								114.1448308,
								-7.7145461
							],
							[
								114.1445854,
								-7.7146007
							],
							[
								114.1442544,
								-7.714649
							],
							[
								114.1435813,
								-7.7147128
							],
							[
								114.1428367,
								-7.7147412
							],
							[
								114.1421743,
								-7.7147625
							],
							[
								114.1412972,
								-7.7147093
							],
							[
								114.1402506,
								-7.7146114
							],
							[
								114.1394821,
								-7.7145071
							],
							[
								114.1381539,
								-7.7143368
							],
							[
								114.1376026,
								-7.7142162
							],
							[
								114.1371658,
								-7.7140778
							],
							[
								114.1368114,
								-7.713982
							],
							[
								114.1363495,
								-7.7139465
							],
							[
								114.1358018,
								-7.7139146
							],
							[
								114.1354581,
								-7.7139253
							],
							[
								114.1349748,
								-7.7139075
							],
							[
								114.1344986,
								-7.7138082
							],
							[
								114.1342767,
								-7.7137053
							],
							[
								114.1337576,
								-7.7134463
							],
							[
								114.1334282,
								-7.7132193
							],
							[
								114.1327802,
								-7.7128539
							],
							[
								114.1323577,
								-7.7125594
							],
							[
								114.131699,
								-7.7120485
							],
							[
								114.1312078,
								-7.7117032
							],
							[
								114.1308302,
								-7.7113736
							],
							[
								114.1304542,
								-7.7110629
							],
							[
								114.130174,
								-7.7108597
							],
							[
								114.1298133,
								-7.7106338
							],
							[
								114.1293283,
								-7.7103969
							],
							[
								114.1290649,
								-7.710287
							],
							[
								114.1281565,
								-7.7099851
							],
							[
								114.1277726,
								-7.709875
							],
							[
								114.1272322,
								-7.7096896
							],
							[
								114.1268822,
								-7.7095489
							],
							[
								114.1267229,
								-7.7094871
							],
							[
								114.1264111,
								-7.7092193
							],
							[
								114.1261408,
								-7.708924
							],
							[
								114.1258359,
								-7.7086287
							],
							[
								114.1256038,
								-7.7084845
							],
							[
								114.1249317,
								-7.7080657
							],
							[
								114.1247896,
								-7.7079644
							],
							[
								114.1245038,
								-7.7078339
							],
							[
								114.12414,
								-7.7076726
							],
							[
								114.1238386,
								-7.7075988
							],
							[
								114.123428,
								-7.7075524
							],
							[
								114.1230972,
								-7.707549
							],
							[
								114.1227767,
								-7.7076159
							],
							[
								114.1223973,
								-7.7077344
							],
							[
								114.1222449,
								-7.707791
							],
							[
								114.1221046,
								-7.7078597
							],
							[
								114.1219348,
								-7.7079301
							],
							[
								114.1216749,
								-7.7080348
							],
							[
								114.1214861,
								-7.7081137
							],
							[
								114.1213406,
								-7.7081824
							],
							[
								114.121157,
								-7.7083258
							],
							[
								114.1210886,
								-7.7083764
							],
							[
								114.1210331,
								-7.7084124
							],
							[
								114.1209552,
								-7.7084579
							],
							[
								114.1208547,
								-7.7085017
							],
							[
								114.1207386,
								-7.7085644
							],
							[
								114.1206451,
								-7.7086236
							],
							[
								114.1205542,
								-7.7086794
							],
							[
								114.1204416,
								-7.7087601
							],
							[
								114.1203688,
								-7.7088313
							],
							[
								114.1202198,
								-7.7089669
							],
							[
								114.1200942,
								-7.7091034
							],
							[
								114.1199886,
								-7.7091901
							],
							[
								114.119882,
								-7.7092536
							],
							[
								114.1197417,
								-7.7093077
							],
							[
								114.1196248,
								-7.7093274
							],
							[
								114.1194706,
								-7.7093557
							],
							[
								114.1193675,
								-7.7093703
							],
							[
								114.1193121,
								-7.7093875
							],
							[
								114.1192766,
								-7.7094235
							],
							[
								114.1192601,
								-7.7094682
							],
							[
								114.1191233,
								-7.7095145
							],
							[
								114.1189293,
								-7.7095746
							],
							[
								114.1187162,
								-7.709621
							],
							[
								114.1183229,
								-7.7096948
							],
							[
								114.118096,
								-7.7097377
							],
							[
								114.1179444,
								-7.7097566
							],
							[
								114.1178292,
								-7.7097686
							],
							[
								114.1176647,
								-7.709754
							],
							[
								114.117475,
								-7.7097231
							],
							[
								114.1173572,
								-7.7097016
							],
							[
								114.1172203,
								-7.7096622
							],
							[
								114.1170636,
								-7.7096047
							],
							[
								114.1168436,
								-7.7095111
							],
							[
								114.1166573,
								-7.709439
							],
							[
								114.116504,
								-7.7093703
							],
							[
								114.1163932,
								-7.7093334
							],
							[
								114.1162762,
								-7.7092948
							],
							[
								114.1161593,
								-7.7092605
							],
							[
								114.1160597,
								-7.709227
							],
							[
								114.1159739,
								-7.709197
							],
							[
								114.1157713,
								-7.7091283
							],
							[
								114.1155928,
								-7.7090682
							],
							[
								114.1152984,
								-7.7089892
							],
							[
								114.1149779,
								-7.7089223
							],
							[
								114.1146453,
								-7.7088656
							],
							[
								114.1144443,
								-7.7088124
							],
							[
								114.1141325,
								-7.7086974
							],
							[
								114.1139246,
								-7.7086116
							],
							[
								114.113644,
								-7.7084948
							],
							[
								114.1134413,
								-7.7084399
							],
							[
								114.113159,
								-7.7083609
							],
							[
								114.1129216,
								-7.7082974
							],
							[
								114.1127553,
								-7.7082648
							],
							[
								114.1124868,
								-7.7082236
							],
							[
								114.1121248,
								-7.7081498
							],
							[
								114.1118008,
								-7.7080777
							],
							[
								114.1114197,
								-7.7079816
							],
							[
								114.1109312,
								-7.7078322
							],
							[
								114.1104947,
								-7.7077069
							],
							[
								114.1101205,
								-7.7075919
							],
							[
								114.1097151,
								-7.7074614
							],
							[
								114.1092474,
								-7.7073086
							],
							[
								114.1089373,
								-7.7071868
							],
							[
								114.1084298,
								-7.7069842
							],
							[
								114.1080556,
								-7.7068348
							],
							[
								114.1078815,
								-7.7067739
							],
							[
								114.1077776,
								-7.7067593
							],
							[
								114.1076788,
								-7.7067507
							],
							[
								114.107555,
								-7.7067473
							],
							[
								114.1074588,
								-7.7067387
							],
							[
								114.1073739,
								-7.7067147
							],
							[
								114.1072639,
								-7.7066623
							],
							[
								114.1071851,
								-7.7066117
							],
							[
								114.107134,
								-7.7065533
							],
							[
								114.1070829,
								-7.7064889
							],
							[
								114.1069954,
								-7.7064263
							],
							[
								114.1068127,
								-7.7063181
							],
							[
								114.1066161,
								-7.7062005
							],
							[
								114.106448,
								-7.7060915
							],
							[
								114.1063337,
								-7.7060126
							],
							[
								114.1062263,
								-7.7059516
							],
							[
								114.1060687,
								-7.7058873
							],
							[
								114.1059535,
								-7.7058418
							],
							[
								114.1058097,
								-7.7057551
							],
							[
								114.1056481,
								-7.7056615
							],
							[
								114.1056022,
								-7.7056272
							],
							[
								114.1055602,
								-7.705601
							],
							[
								114.1055135,
								-7.7055722
							],
							[
								114.1054182,
								-7.7055276
							],
							[
								114.1052294,
								-7.7054444
							],
							[
								114.1051653,
								-7.7054126
							],
							[
								114.105102,
								-7.705386
							],
							[
								114.1050561,
								-7.7053602
							],
							[
								114.1049548,
								-7.7053036
							],
							[
								114.1048318,
								-7.7052212
							],
							[
								114.1047036,
								-7.7051405
							],
							[
								114.1044524,
								-7.7049791
							],
							[
								114.1041458,
								-7.7047594
							],
							[
								114.1037006,
								-7.7044504
							],
							[
								114.1032952,
								-7.7041208
							],
							[
								114.1028916,
								-7.7037552
							],
							[
								114.1024984,
								-7.7033809
							],
							[
								114.1020705,
								-7.7029998
							],
							[
								114.1017102,
								-7.7026651
							],
							[
								114.1014451,
								-7.7024299
							],
							[
								114.1012286,
								-7.7022067
							],
							[
								114.1010384,
								-7.7019547
							],
							[
								114.1008354,
								-7.7016625
							],
							[
								114.1003226,
								-7.7008694
							],
							[
								114.0997406,
								-7.6998944
							],
							[
								114.0991585,
								-7.6987751
							],
							[
								114.0986665,
								-7.6977451
							],
							[
								114.0981053,
								-7.6964575
							],
							[
								114.0976522,
								-7.6953895
							],
							[
								114.097292,
								-7.6945181
							],
							[
								114.0969453,
								-7.6936239
							],
							[
								114.0967991,
								-7.6932542
							],
							[
								114.0963868,
								-7.6922242
							],
							[
								114.0960915,
								-7.6913476
							],
							[
								114.0957086,
								-7.6901675
							],
							[
								114.0954068,
								-7.6892061
							],
							[
								114.0950598,
								-7.6883939
							],
							[
								114.0948054,
								-7.6879243
							],
							[
								114.0944789,
								-7.6873347
							],
							[
								114.0940733,
								-7.686833
							],
							[
								114.093632,
								-7.686325
							],
							[
								114.0931112,
								-7.6857477
							],
							[
								114.0929196,
								-7.6855392
							],
							[
								114.0925428,
								-7.6851254
							],
							[
								114.0921849,
								-7.6847068
							],
							[
								114.0918551,
								-7.6843241
							],
							[
								114.0915977,
								-7.6839398
							],
							[
								114.0912899,
								-7.6835306
							],
							[
								114.0908315,
								-7.6828802
							],
							[
								114.0903652,
								-7.6822796
							],
							[
								114.0900434,
								-7.6818253
							],
							[
								114.0898157,
								-7.6814565
							],
							[
								114.0896326,
								-7.6812111
							],
							[
								114.0893416,
								-7.6807237
							],
							[
								114.0888658,
								-7.6799597
							],
							[
								114.0883606,
								-7.6791225
							],
							[
								114.0876273,
								-7.6777828
							],
							[
								114.0874772,
								-7.6775316
							],
							[
								114.0870373,
								-7.676806
							],
							[
								114.0867734,
								-7.6763702
							],
							[
								114.0865256,
								-7.6759371
							],
							[
								114.0861551,
								-7.6753798
							],
							[
								114.0856141,
								-7.6746693
							],
							[
								114.0852223,
								-7.6739799
							],
							[
								114.0849532,
								-7.6734781
							],
							[
								114.0847613,
								-7.6729947
							],
							[
								114.084514,
								-7.6723982
							],
							[
								114.0842742,
								-7.6717515
							],
							[
								114.0841246,
								-7.6713451
							],
							[
								114.0840163,
								-7.671069
							],
							[
								114.0838074,
								-7.6706651
							],
							[
								114.0831832,
								-7.6695405
							],
							[
								114.0828015,
								-7.6687276
							],
							[
								114.0825229,
								-7.6681448
							],
							[
								114.0822654,
								-7.6675083
							],
							[
								114.0820857,
								-7.6671446
							],
							[
								114.0819359,
								-7.6667761
							],
							[
								114.0818286,
								-7.6665114
							],
							[
								114.0817338,
								-7.6662863
							],
							[
								114.0816189,
								-7.6660117
							],
							[
								114.0814243,
								-7.6655491
							],
							[
								114.0812558,
								-7.6650766
							],
							[
								114.0811322,
								-7.6647526
							],
							[
								114.0810149,
								-7.664431
							],
							[
								114.0808564,
								-7.6640501
							],
							[
								114.0806231,
								-7.6635158
							],
							[
								114.0804209,
								-7.6630099
							],
							[
								114.0802624,
								-7.6625906
							],
							[
								114.0800315,
								-7.6620983
							],
							[
								114.0798481,
								-7.661684
							],
							[
								114.0796783,
								-7.6613352
							],
							[
								114.0795298,
								-7.6610446
							],
							[
								114.0794687,
								-7.6608479
							],
							[
								114.0794325,
								-7.6606389
							],
							[
								114.0791692,
								-7.6606141
							],
							[
								114.0790581,
								-7.6603544
							],
							[
								114.0788135,
								-7.6597236
							],
							[
								114.0785289,
								-7.6589469
							],
							[
								114.0783569,
								-7.6584614
							],
							[
								114.0782784,
								-7.6583082
							],
							[
								114.0781588,
								-7.6581466
							],
							[
								114.078032,
								-7.658003
							],
							[
								114.0779112,
								-7.6578594
							],
							[
								114.0778134,
								-7.6577301
							],
							[
								114.0777518,
								-7.6575685
							],
							[
								114.0777011,
								-7.6574464
							],
							[
								114.0776298,
								-7.6573423
							],
							[
								114.0775791,
								-7.6572741
							],
							[
								114.0775103,
								-7.6571795
							],
							[
								114.0774317,
								-7.6570359
							],
							[
								114.0771612,
								-7.6565212
							],
							[
								114.0768979,
								-7.6559418
							],
							[
								114.0766057,
								-7.655262
							],
							[
								114.0764366,
								-7.6549436
							],
							[
								114.0762216,
								-7.6546252
							],
							[
								114.0761371,
								-7.6544839
							],
							[
								114.0759366,
								-7.6540004
							],
							[
								114.0757627,
								-7.653433
							],
							[
								114.0755574,
								-7.6528058
							],
							[
								114.0753424,
								-7.652157
							],
							[
								114.0751926,
								-7.6517357
							],
							[
								114.0749921,
								-7.6513096
							],
							[
								114.0748955,
								-7.6511779
							],
							[
								114.0747651,
								-7.6510415
							],
							[
								114.0745936,
								-7.6508811
							],
							[
								114.0744269,
								-7.6507015
							],
							[
								114.0742554,
								-7.6503688
							],
							[
								114.0740255,
								-7.6497844
							],
							[
								114.0738128,
								-7.6492701
							],
							[
								114.0736562,
								-7.6488531
							],
							[
								114.0735907,
								-7.6486932
							],
							[
								114.0734996,
								-7.6485496
							],
							[
								114.0732822,
								-7.6483179
							],
							[
								114.0730695,
								-7.6480515
							],
							[
								114.0729385,
								-7.6477827
							],
							[
								114.0726534,
								-7.6470923
							],
							[
								114.0722513,
								-7.6460127
							],
							[
								114.0719615,
								-7.6452574
							],
							[
								114.0716248,
								-7.6441917
							],
							[
								114.0711573,
								-7.6427739
							],
							[
								114.070802,
								-7.641583
							],
							[
								114.0706142,
								-7.6409511
							],
							[
								114.0703563,
								-7.640265
							],
							[
								114.0702183,
								-7.6397852
							],
							[
								114.0701278,
								-7.6395431
							],
							[
								114.0700238,
								-7.639339
							],
							[
								114.0698541,
								-7.6391148
							],
							[
								114.0696913,
								-7.638866
							],
							[
								114.0694356,
								-7.6384826
							],
							[
								114.069275,
								-7.6382471
							],
							[
								114.0690918,
								-7.6379512
							],
							[
								114.0688249,
								-7.6375543
							],
							[
								114.0685195,
								-7.6370566
							],
							[
								114.068395,
								-7.6369333
							],
							[
								114.0682344,
								-7.6368459
							],
							[
								114.0680716,
								-7.6367472
							],
							[
								114.0677164,
								-7.6363862
							],
							[
								114.0674223,
								-7.6360409
							],
							[
								114.0671192,
								-7.6356822
							],
							[
								114.0667753,
								-7.6352697
							],
							[
								114.0663953,
								-7.6347002
							],
							[
								114.0660701,
								-7.6340133
							],
							[
								114.0658905,
								-7.6337204
							],
							[
								114.06563,
								-7.6334405
							],
							[
								114.0652316,
								-7.6331216
							],
							[
								114.0649361,
								-7.6328916
							],
							[
								114.0646186,
								-7.632527
							],
							[
								114.064426,
								-7.6321669
							],
							[
								114.0642903,
								-7.6318522
							],
							[
								114.0640524,
								-7.6313725
							],
							[
								114.0636664,
								-7.6307717
							],
							[
								114.0633599,
								-7.6302336
							],
							[
								114.0629833,
								-7.6295479
							],
							[
								114.0624317,
								-7.6287581
							],
							[
								114.0619238,
								-7.6279423
							],
							[
								114.0613283,
								-7.6269702
							],
							[
								114.0606803,
								-7.6258506
							],
							[
								114.0601793,
								-7.6249018
							],
							[
								114.0597513,
								-7.6241081
							],
							[
								114.0594632,
								-7.6237385
							],
							[
								114.0592429,
								-7.6234277
							],
							[
								114.0589929,
								-7.623033
							],
							[
								114.0588192,
								-7.6227222
							],
							[
								114.0584887,
								-7.6223988
							],
							[
								114.0580607,
								-7.6220334
							],
							[
								114.0576285,
								-7.6217143
							],
							[
								114.0570438,
								-7.6211977
							],
							[
								114.0561794,
								-7.6205173
							],
							[
								114.0547473,
								-7.6192154
							],
							[
								114.0531202,
								-7.6177203
							],
							[
								114.0516288,
								-7.6159229
							],
							[
								114.0500695,
								-7.6137726
							],
							[
								114.0489659,
								-7.6121622
							],
							[
								114.0482358,
								-7.6111448
							],
							[
								114.0476185,
								-7.6102848
							],
							[
								114.0464701,
								-7.6088344
							],
							[
								114.0457484,
								-7.6081923
							],
							[
								114.0452564,
								-7.6076477
							],
							[
								114.0444199,
								-7.6070217
							],
							[
								114.0437884,
								-7.606534
							],
							[
								114.0429929,
								-7.6060057
							],
							[
								114.0420991,
								-7.6055748
							],
							[
								114.0407844,
								-7.6050151
							],
							[
								114.0388597,
								-7.6045344
							],
							[
								114.0375968,
								-7.60433
							],
							[
								114.0366365,
								-7.6042592
							],
							[
								114.0357079,
								-7.6042042
							],
							[
								114.0350413,
								-7.6042356
							],
							[
								114.0347358,
								-7.6043143
							],
							[
								114.0343905,
								-7.6045228
							],
							[
								114.0340255,
								-7.604806
							],
							[
								114.0336247,
								-7.6051324
							],
							[
								114.0333112,
								-7.6053881
							],
							[
								114.0326525,
								-7.6060646
							],
							[
								114.0321208,
								-7.6066113
							],
							[
								114.0313589,
								-7.6073862
							],
							[
								114.0305256,
								-7.6081964
							],
							[
								114.0297359,
								-7.6089673
							],
							[
								114.0289105,
								-7.6097736
							],
							[
								114.0280217,
								-7.6105288
							],
							[
								114.0267995,
								-7.6115435
							],
							[
								114.0262598,
								-7.6119919
							],
							[
								114.0255106,
								-7.6127123
							],
							[
								114.0250037,
								-7.6131271
							],
							[
								114.02442,
								-7.6135535
							],
							[
								114.0238516,
								-7.6139684
							],
							[
								114.0225268,
								-7.6150532
							],
							[
								114.0216934,
								-7.615921
							],
							[
								114.0210291,
								-7.6167432
							],
							[
								114.0204511,
								-7.6174074
							],
							[
								114.0198482,
								-7.6180392
							],
							[
								114.0193835,
								-7.6184713
							],
							[
								114.01894,
								-7.6188443
							],
							[
								114.0186405,
								-7.6191355
							],
							[
								114.0184964,
								-7.6192706
							],
							[
								114.0182968,
								-7.6194799
							],
							[
								114.017859,
								-7.6200281
							],
							[
								114.0175345,
								-7.6204163
							],
							[
								114.0173194,
								-7.6206504
							],
							[
								114.016968,
								-7.6210615
							],
							[
								114.0167011,
								-7.6214155
							],
							[
								114.0163882,
								-7.6217361
							],
							[
								114.0162499,
								-7.6218456
							],
							[
								114.0160118,
								-7.6220302
							],
							[
								114.0159101,
								-7.6221101
							],
							[
								114.0158601,
								-7.6221662
							],
							[
								114.0157756,
								-7.622288
							],
							[
								114.0155894,
								-7.622603
							],
							[
								114.0153167,
								-7.6229132
							],
							[
								114.0151036,
								-7.6231264
							],
							[
								114.0148694,
								-7.6233452
							],
							[
								114.014634,
								-7.6234867
							],
							[
								114.0145375,
								-7.6235373
							],
							[
								114.0144369,
								-7.6235825
							],
							[
								114.0143256,
								-7.6236263
							],
							[
								114.0142491,
								-7.6236622
							],
							[
								114.0141231,
								-7.6237247
							],
							[
								114.0140714,
								-7.6237513
							],
							[
								114.0140463,
								-7.623776
							],
							[
								114.0140313,
								-7.6238047
							],
							[
								114.0140169,
								-7.6238326
							],
							[
								114.0144121,
								-7.6240032
							],
							[
								114.0143799,
								-7.6240224
							],
							[
								114.014337,
								-7.6240444
							],
							[
								114.0142974,
								-7.624071
							],
							[
								114.0142612,
								-7.6240989
							],
							[
								114.0142165,
								-7.6241446
							],
							[
								114.0138882,
								-7.6240418
							],
							[
								114.0137154,
								-7.6245081
							],
							[
								114.0135301,
								-7.624451
							],
							[
								114.0132853,
								-7.6243501
							],
							[
								114.0131413,
								-7.6242911
							],
							[
								114.013076,
								-7.6242645
							],
							[
								114.0130404,
								-7.6242549
							],
							[
								114.0129358,
								-7.6245537
							],
							[
								114.0127726,
								-7.6249857
							],
							[
								114.0126103,
								-7.6254492
							],
							[
								114.0126612,
								-7.625472
							],
							[
								114.0126929,
								-7.6255358
							],
							[
								114.0127198,
								-7.6255833
							],
							[
								114.0127582,
								-7.6256452
							],
							[
								114.0128033,
								-7.625679
							],
							[
								114.0130616,
								-7.6257708
							],
							[
								114.0131028,
								-7.625846
							],
							[
								114.0131355,
								-7.6259754
							],
							[
								114.0131441,
								-7.6260601
							],
							[
								114.0131297,
								-7.6261048
							],
							[
								114.0130769,
								-7.6261333
							],
							[
								114.0130251,
								-7.6261333
							],
							[
								114.0129617,
								-7.6261143
							],
							[
								114.0128993,
								-7.6261029
							],
							[
								114.0127428,
								-7.6261343
							],
							[
								114.0125911,
								-7.6261828
							],
							[
								114.0124894,
								-7.6262485
							],
							[
								114.0123943,
								-7.6263236
							],
							[
								114.0123358,
								-7.6264179
							],
							[
								114.0122906,
								-7.6265035
							],
							[
								114.0122484,
								-7.6265587
							],
							[
								114.0121975,
								-7.6265796
							],
							[
								114.0121486,
								-7.626573
							],
							[
								114.0121159,
								-7.6265444
							],
							[
								114.0120833,
								-7.6264331
							],
							[
								114.0120439,
								-7.6263208
							],
							[
								114.0119988,
								-7.6261828
							],
							[
								114.0119719,
								-7.6261181
							],
							[
								114.0119466,
								-7.6261025
							],
							[
								114.0119191,
								-7.6261095
							],
							[
								114.011898,
								-7.6261333
							],
							[
								114.0116839,
								-7.6264797
							],
							[
								114.0113325,
								-7.6270525
							],
							[
								114.0111597,
								-7.627378
							],
							[
								114.0110752,
								-7.6275283
							],
							[
								114.0108813,
								-7.6277301
							],
							[
								114.0103878,
								-7.6283143
							],
							[
								114.010023,
								-7.6286664
							],
							[
								114.0097926,
								-7.6288643
							],
							[
								114.0096793,
								-7.6289442
							],
							[
								114.0095679,
								-7.6290413
							],
							[
								114.009399,
								-7.6292526
							],
							[
								114.0088613,
								-7.6299396
							],
							[
								114.0084658,
								-7.6304173
							],
							[
								114.0079665,
								-7.6310757
							],
							[
								114.007644,
								-7.6315096
							],
							[
								114.007354,
								-7.6319455
							],
							[
								114.0071582,
								-7.6322157
							],
							[
								114.0067711,
								-7.6325947
							],
							[
								114.0065361,
								-7.6328608
							],
							[
								114.006346,
								-7.6330493
							],
							[
								114.0062288,
								-7.6332091
							],
							[
								114.0059255,
								-7.6336126
							],
							[
								114.0056144,
								-7.6339532
							],
							[
								114.0053245,
								-7.6342159
							],
							[
								114.0049789,
								-7.6345375
							],
							[
								114.0047484,
								-7.634762
							],
							[
								114.0045084,
								-7.6350094
							],
							[
								114.0042338,
								-7.6352778
							],
							[
								114.0037999,
								-7.6356812
							],
							[
								114.0034389,
								-7.6359838
							],
							[
								114.0032469,
								-7.6361056
							],
							[
								114.0030626,
								-7.6362046
							],
							[
								114.0028053,
								-7.6363759
							],
							[
								114.002427,
								-7.6366499
							],
							[
								114.0020065,
								-7.6368802
							],
							[
								114.0017377,
								-7.6369982
							],
							[
								114.0013959,
								-7.6371295
							],
							[
								114.0011847,
								-7.6371771
							],
							[
								114.0009005,
								-7.6371866
							],
							[
								114.0005492,
								-7.6371809
							],
							[
								114.0002112,
								-7.6371828
							],
							[
								114,
								-7.6371828
							],
							[
								113.9997679,
								-7.6371393
							],
							[
								113.9995353,
								-7.6371028
							],
							[
								113.9993548,
								-7.6370857
							],
							[
								113.9992204,
								-7.6370933
							],
							[
								113.9990476,
								-7.6371066
							],
							[
								113.9989305,
								-7.6371181
							],
							[
								113.9987404,
								-7.637139
							],
							[
								113.9985542,
								-7.6371504
							],
							[
								113.9983717,
								-7.63712
							],
							[
								113.9981068,
								-7.6370115
							],
							[
								113.9978725,
								-7.6369182
							],
							[
								113.9977458,
								-7.6368992
							],
							[
								113.9976075,
								-7.6369144
							],
							[
								113.9974923,
								-7.6369106
							],
							[
								113.9973694,
								-7.6368707
							],
							[
								113.9971813,
								-7.6367907
							],
							[
								113.9969528,
								-7.6366651
							],
							[
								113.9967819,
								-7.6365852
							],
							[
								113.9965726,
								-7.6365053
							],
							[
								113.9964478,
								-7.6364919
							],
							[
								113.9963671,
								-7.6365433
							],
							[
								113.9962577,
								-7.6366613
							],
							[
								113.9961886,
								-7.6368459
							],
							[
								113.9961483,
								-7.637021
							],
							[
								113.9960849,
								-7.6372437
							],
							[
								113.9960177,
								-7.6374245
							],
							[
								113.9959044,
								-7.6376033
							],
							[
								113.9958007,
								-7.6377156
							],
							[
								113.995697,
								-7.6378146
							],
							[
								113.9955645,
								-7.6379231
							],
							[
								113.9954301,
								-7.6380563
							],
							[
								113.9952631,
								-7.6381724
							],
							[
								113.9951172,
								-7.6382409
							],
							[
								113.9949827,
								-7.6382808
							],
							[
								113.9947888,
								-7.6383094
							],
							[
								113.9945258,
								-7.6383551
							],
							[
								113.9943376,
								-7.6383912
							],
							[
								113.9937749,
								-7.6386031
							],
							[
								113.9935273,
								-7.6386862
							],
							[
								113.9932546,
								-7.638808
							],
							[
								113.9929551,
								-7.6389755
							],
							[
								113.9926805,
								-7.6391011
							],
							[
								113.9922235,
								-7.6392457
							],
							[
								113.9917819,
								-7.6393256
							],
							[
								113.9910753,
								-7.6394474
							],
							[
								113.9907604,
								-7.6395426
							],
							[
								113.9905377,
								-7.6397177
							],
							[
								113.9903188,
								-7.6400183
							],
							[
								113.9897312,
								-7.6412401
							],
							[
								113.9895031,
								-7.6416054
							],
							[
								113.9894125,
								-7.6417311
							],
							[
								113.9893088,
								-7.6418833
							],
							[
								113.9893011,
								-7.6420622
							],
							[
								113.9893126,
								-7.6422868
							],
							[
								113.989305,
								-7.6424752
							],
							[
								113.9892397,
								-7.6426484
							],
							[
								113.9890477,
								-7.6428577
							],
							[
								113.9888806,
								-7.6429909
							],
							[
								113.9885734,
								-7.6432555
							],
							[
								113.9879878,
								-7.6437103
							],
							[
								113.9876841,
								-7.6439177
							],
							[
								113.9873714,
								-7.6440528
							],
							[
								113.9870335,
								-7.6440947
							],
							[
								113.9867589,
								-7.6440719
							],
							[
								113.9866111,
								-7.6440205
							],
							[
								113.9865362,
								-7.6439463
							],
							[
								113.9865093,
								-7.6438587
							],
							[
								113.9865016,
								-7.6436722
							],
							[
								113.9864517,
								-7.6436075
							],
							[
								113.9863845,
								-7.643558
							],
							[
								113.9862942,
								-7.6435428
							],
							[
								113.9862232,
								-7.6435637
							],
							[
								113.986156,
								-7.643697
							],
							[
								113.9860177,
								-7.6439824
							],
							[
								113.9859313,
								-7.6441975
							],
							[
								113.9858584,
								-7.6445
							],
							[
								113.9858974,
								-7.6447143
							],
							[
								113.9857544,
								-7.6447867
							],
							[
								113.9854148,
								-7.6451813
							],
							[
								113.9850961,
								-7.6455962
							],
							[
								113.9848177,
								-7.6460415
							],
							[
								113.9846295,
								-7.6463251
							],
							[
								113.9844509,
								-7.6465001
							],
							[
								113.9841514,
								-7.6466866
							],
							[
								113.9839325,
								-7.6468465
							],
							[
								113.9837597,
								-7.6469835
							],
							[
								113.9835926,
								-7.6471339
							],
							[
								113.9834256,
								-7.6472423
							],
							[
								113.9831184,
								-7.6474022
							],
							[
								113.9830492,
								-7.6474383
							],
							[
								113.9829993,
								-7.6475126
							],
							[
								113.9829936,
								-7.6476363
							],
							[
								113.9830147,
								-7.6478608
							],
							[
								113.9829897,
								-7.6481101
							],
							[
								113.9829148,
								-7.6483118
							],
							[
								113.9828284,
								-7.6484679
							],
							[
								113.9826499,
								-7.6486867
							],
							[
								113.9825193,
								-7.6488428
							],
							[
								113.9824137,
								-7.6489265
							],
							[
								113.9823196,
								-7.6489513
							],
							[
								113.9821583,
								-7.648976
							],
							[
								113.9819529,
								-7.6489931
							],
							[
								113.9816975,
								-7.6490711
							],
							[
								113.9814459,
								-7.6491815
							],
							[
								113.9809832,
								-7.6493547
							],
							[
								113.9800016,
								-7.6496761
							],
							[
								113.9792211,
								-7.6498382
							],
							[
								113.9783812,
								-7.6499413
							],
							[
								113.9775451,
								-7.6500223
							],
							[
								113.9770322,
								-7.650096
							],
							[
								113.9766346,
								-7.6502212
							],
							[
								113.9757984,
								-7.650468
							],
							[
								113.9751703,
								-7.650619
							],
							[
								113.9743862,
								-7.6507074
							],
							[
								113.9736429,
								-7.650759
							],
							[
								113.9733531,
								-7.6507995
							],
							[
								113.9729554,
								-7.65098
							],
							[
								113.9726655,
								-7.6511752
							],
							[
								113.9718851,
								-7.6519192
							],
							[
								113.9709226,
								-7.6528989
							],
							[
								113.9703466,
								-7.6535582
							],
							[
								113.969804,
								-7.6541291
							],
							[
								113.9694138,
								-7.6546116
							],
							[
								113.9691016,
								-7.6550683
							],
							[
								113.9685731,
								-7.6560542
							],
							[
								113.9683509,
								-7.6564587
							],
							[
								113.9682896,
								-7.6566153
							],
							[
								113.9682282,
								-7.6568197
							],
							[
								113.9681465,
								-7.6572046
							],
							[
								113.9679291,
								-7.6580572
							],
							[
								113.9677786,
								-7.6580241
							],
							[
								113.9677042,
								-7.6583777
							],
							[
								113.9677786,
								-7.6584164
							],
							[
								113.9677247,
								-7.6586908
							],
							[
								113.9673698,
								-7.6599633
							],
							[
								113.9671039,
								-7.6607661
							],
							[
								113.9669636,
								-7.6610423
							],
							[
								113.9668396,
								-7.6613239
							],
							[
								113.9667281,
								-7.661536
							],
							[
								113.9665752,
								-7.6616999
							],
							[
								113.9663541,
								-7.6618122
							],
							[
								113.9661796,
								-7.6618407
							],
							[
								113.9659818,
								-7.6618496
							],
							[
								113.9658362,
								-7.6618336
							],
							[
								113.9657373,
								-7.6618158
							],
							[
								113.9656599,
								-7.6618282
							],
							[
								113.9655808,
								-7.6618977
							],
							[
								113.9654028,
								-7.6621116
							],
							[
								113.9652913,
								-7.6622613
							],
							[
								113.9651079,
								-7.6626142
							],
							[
								113.9648148,
								-7.6631684
							],
							[
								113.9646421,
								-7.6634719
							],
							[
								113.9644541,
								-7.6638651
							],
							[
								113.9642645,
								-7.6642877
							],
							[
								113.9641548,
								-7.6645395
							],
							[
								113.9639199,
								-7.6652655
							],
							[
								113.9637337,
								-7.6657726
							],
							[
								113.9636101,
								-7.6660934
							],
							[
								113.9634413,
								-7.6663598
							],
							[
								113.9633813,
								-7.6664133
							],
							[
								113.9633187,
								-7.66644
							],
							[
								113.9631986,
								-7.6664556
							],
							[
								113.9631412,
								-7.6664556
							],
							[
								113.9631116,
								-7.6664633
							],
							[
								113.9630846,
								-7.6664883
							],
							[
								113.9625345,
								-7.667297
							],
							[
								113.9622178,
								-7.6677359
							],
							[
								113.9620461,
								-7.6679796
							],
							[
								113.9616453,
								-7.6686072
							],
							[
								113.9614117,
								-7.6689948
							],
							[
								113.961199,
								-7.6694266
							],
							[
								113.9610727,
								-7.669707
							],
							[
								113.9609464,
								-7.6700809
							],
							[
								113.9608285,
								-7.6705165
							],
							[
								113.9606833,
								-7.6708933
							],
							[
								113.9606045,
								-7.6710489
							],
							[
								113.9605296,
								-7.6711649
							],
							[
								113.9604883,
								-7.6712876
							],
							[
								113.9604647,
								-7.6713785
							],
							[
								113.9604461,
								-7.671456
							],
							[
								113.9604331,
								-7.6715245
							],
							[
								113.9603864,
								-7.6716448
							],
							[
								113.9602724,
								-7.6719299
							],
							[
								113.9602071,
								-7.6718966
							],
							[
								113.9599101,
								-7.672313
							],
							[
								113.9595197,
								-7.6728924
							],
							[
								113.9590304,
								-7.6736013
							],
							[
								113.9589232,
								-7.6735607
							],
							[
								113.9588749,
								-7.6736271
							],
							[
								113.9589426,
								-7.673705
							],
							[
								113.958528,
								-7.6743417
							],
							[
								113.9583468,
								-7.6746231
							],
							[
								113.9582123,
								-7.6748619
							],
							[
								113.958061,
								-7.6751025
							],
							[
								113.9577865,
								-7.6754246
							],
							[
								113.957596,
								-7.6756189
							],
							[
								113.9574335,
								-7.6757892
							],
							[
								113.957314,
								-7.675978
							],
							[
								113.957172,
								-7.6761946
							],
							[
								113.9569983,
								-7.6764444
							],
							[
								113.956748,
								-7.6767684
							],
							[
								113.9564473,
								-7.6770997
							],
							[
								113.956215,
								-7.677332
							],
							[
								113.9558739,
								-7.6776069
							],
							[
								113.9553192,
								-7.6780011
							],
							[
								113.9547944,
								-7.6783547
							],
							[
								113.954292,
								-7.6787026
							],
							[
								113.9535748,
								-7.6791931
							],
							[
								113.9530854,
								-7.6795263
							],
							[
								113.9526391,
								-7.6798188
							],
							[
								113.9522599,
								-7.6800076
							],
							[
								113.9518258,
								-7.6801832
							],
							[
								113.9516641,
								-7.6802556
							],
							[
								113.9514923,
								-7.6803611
							],
							[
								113.9513279,
								-7.6804777
							],
							[
								113.9512364,
								-7.6805295
							],
							[
								113.9511299,
								-7.6805851
							],
							[
								113.9510422,
								-7.6806239
							],
							[
								113.9509749,
								-7.6806665
							],
							[
								113.9509058,
								-7.680722
							],
							[
								113.9507881,
								-7.6808072
							],
							[
								113.9506817,
								-7.6808886
							],
							[
								113.9505584,
								-7.6809497
							],
							[
								113.9503567,
								-7.6809978
							],
							[
								113.950084,
								-7.681033
							],
							[
								113.9498898,
								-7.6810367
							],
							[
								113.9497684,
								-7.6810386
							],
							[
								113.9496806,
								-7.6810126
							],
							[
								113.9496077,
								-7.6808905
							],
							[
								113.9495349,
								-7.6806536
							],
							[
								113.9494975,
								-7.6804
							],
							[
								113.9494434,
								-7.6802334
							],
							[
								113.9494116,
								-7.6800927
							],
							[
								113.9493668,
								-7.6799632
							],
							[
								113.9492734,
								-7.6798206
							],
							[
								113.9490661,
								-7.6796874
							],
							[
								113.9489167,
								-7.6795652
							],
							[
								113.9487897,
								-7.6794245
							],
							[
								113.9487336,
								-7.6793745
							],
							[
								113.9486066,
								-7.6793338
							],
							[
								113.9483788,
								-7.6793116
							],
							[
								113.9481939,
								-7.6792857
							],
							[
								113.9479156,
								-7.6792709
							],
							[
								113.9477008,
								-7.6792468
							],
							[
								113.9474636,
								-7.6792283
							],
							[
								113.9472469,
								-7.6792172
							],
							[
								113.9471218,
								-7.6791913
							],
							[
								113.9470471,
								-7.6791432
							],
							[
								113.9471517,
								-7.6786342
							],
							[
								113.9469051,
								-7.6785083
							],
							[
								113.9469743,
								-7.6783269
							],
							[
								113.946761,
								-7.6781683
							],
							[
								113.9465447,
								-7.6780659
							],
							[
								113.9460721,
								-7.6779104
							],
							[
								113.9458928,
								-7.6778734
							],
							[
								113.9458024,
								-7.6778183
							],
							[
								113.9457602,
								-7.6777198
							],
							[
								113.945749,
								-7.6775217
							],
							[
								113.945749,
								-7.6772885
							],
							[
								113.9457472,
								-7.6770849
							],
							[
								113.9457079,
								-7.6768369
							],
							[
								113.9456239,
								-7.6765981
							],
							[
								113.9454595,
								-7.676413
							],
							[
								113.9451047,
								-7.6761113
							],
							[
								113.9448264,
								-7.6758799
							],
							[
								113.9444491,
								-7.6756245
							],
							[
								113.9441017,
								-7.6754616
							],
							[
								113.9438701,
								-7.6753949
							],
							[
								113.9436572,
								-7.6754283
							],
							[
								113.9431604,
								-7.6756319
							],
							[
								113.9426449,
								-7.675854
							],
							[
								113.9423498,
								-7.6759317
							],
							[
								113.941782,
								-7.6760983
							],
							[
								113.9411507,
								-7.6763167
							],
							[
								113.9406203,
								-7.6765685
							],
							[
								113.9402318,
								-7.6768683
							],
							[
								113.9399031,
								-7.677146
							],
							[
								113.939735,
								-7.6773052
							],
							[
								113.9395781,
								-7.6776383
							],
							[
								113.93941,
								-7.6780566
							],
							[
								113.9392195,
								-7.6784972
							],
							[
								113.9387015,
								-7.6793562
							],
							[
								113.9382202,
								-7.6799446
							],
							[
								113.9378037,
								-7.6802778
							],
							[
								113.9376132,
								-7.6803389
							],
							[
								113.9374051,
								-7.680361
							],
							[
								113.9372677,
								-7.6803815
							],
							[
								113.937152,
								-7.6804434
							],
							[
								113.9370327,
								-7.6805975
							],
							[
								113.9370219,
								-7.68073
							],
							[
								113.9370508,
								-7.6808053
							],
							[
								113.9371719,
								-7.6809217
							],
							[
								113.9372189,
								-7.6810113
							],
							[
								113.9372442,
								-7.6810972
							],
							[
								113.937255,
								-7.6812316
							],
							[
								113.9372478,
								-7.6813695
							],
							[
								113.9372677,
								-7.6814788
							],
							[
								113.9373002,
								-7.6816257
							],
							[
								113.9373328,
								-7.6818066
							],
							[
								113.9373617,
								-7.6819982
							],
							[
								113.9373635,
								-7.6822365
							],
							[
								113.9373707,
								-7.6824783
							],
							[
								113.9373617,
								-7.6827649
							],
							[
								113.9373545,
								-7.6834205
							],
							[
								113.9372822,
								-7.684137
							],
							[
								113.9373291,
								-7.6846815
							],
							[
								113.9373129,
								-7.6851813
							],
							[
								113.9373382,
								-7.6855413
							],
							[
								113.9373761,
								-7.6857795
							],
							[
								113.937378,
								-7.6860017
							],
							[
								113.9373906,
								-7.6861575
							],
							[
								113.9374484,
								-7.6864728
							],
							[
								113.937481,
								-7.6866805
							],
							[
								113.9374611,
								-7.6868615
							],
							[
								113.9374286,
								-7.6870585
							],
							[
								113.9373201,
								-7.6874579
							],
							[
								113.9372858,
								-7.6877499
							],
							[
								113.9372948,
								-7.687886
							],
							[
								113.9373255,
								-7.6879774
							],
							[
								113.9374358,
								-7.6880884
							],
							[
								113.9375081,
								-7.6882174
							],
							[
								113.9375659,
								-7.6883643
							],
							[
								113.9375768,
								-7.6884574
							],
							[
								113.9375226,
								-7.6886312
							],
							[
								113.9374249,
								-7.6887978
							],
							[
								113.9373111,
								-7.6889643
							],
							[
								113.9372297,
								-7.6890754
							],
							[
								113.9371358,
								-7.6892133
							],
							[
								113.9370201,
								-7.6894354
							],
							[
								113.9368601,
								-7.6898483
							],
							[
								113.9367562,
								-7.6900946
							],
							[
								113.9366875,
								-7.6903328
							],
							[
								113.9366504,
								-7.6904546
							],
							[
								113.9366035,
								-7.6907368
							],
							[
								113.9365104,
								-7.6910619
							],
							[
								113.9364326,
								-7.6913529
							],
							[
								113.9362953,
								-7.6917389
							],
							[
								113.9362103,
								-7.6919772
							],
							[
								113.9361525,
								-7.692073
							],
							[
								113.9360721,
								-7.6921706
							],
							[
								113.9359934,
								-7.6922235
							],
							[
								113.9359437,
								-7.6922566
							],
							[
								113.9359304,
								-7.692281
							],
							[
								113.9359103,
								-7.6923274
							],
							[
								113.9359672,
								-7.6923677
							],
							[
								113.9360838,
								-7.6924715
							],
							[
								113.9361913,
								-7.6925835
							],
							[
								113.9362022,
								-7.6926193
							],
							[
								113.9362013,
								-7.6926668
							],
							[
								113.9361218,
								-7.6928943
							],
							[
								113.9360088,
								-7.6932131
							],
							[
								113.9358904,
								-7.6934916
							],
							[
								113.9357603,
								-7.6937979
							],
							[
								113.935807,
								-7.6938304
							],
							[
								113.935838,
								-7.6938758
							],
							[
								113.9358561,
								-7.6939224
							],
							[
								113.9358552,
								-7.6939717
							],
							[
								113.9358,
								-7.6941051
							],
							[
								113.9357295,
								-7.6942565
							],
							[
								113.9356455,
								-7.6944141
							],
							[
								113.9355216,
								-7.6946136
							],
							[
								113.9354769,
								-7.6946841
							],
							[
								113.9354295,
								-7.6947517
							],
							[
								113.9353832,
								-7.6948186
							],
							[
								113.9353334,
								-7.6948817
							],
							[
								113.935211,
								-7.6950533
							],
							[
								113.9350807,
								-7.6952336
							],
							[
								113.9349757,
								-7.6953558
							],
							[
								113.9349399,
								-7.6953445
							],
							[
								113.9348568,
								-7.6954451
							],
							[
								113.9346373,
								-7.6957519
							],
							[
								113.9344685,
								-7.6959816
							],
							[
								113.9342769,
								-7.6962017
							],
							[
								113.9340102,
								-7.6965016
							],
							[
								113.9336717,
								-7.6968535
							],
							[
								113.9336341,
								-7.6969115
							],
							[
								113.9336184,
								-7.6969791
							],
							[
								113.9336324,
								-7.6971681
							],
							[
								113.9336297,
								-7.6972357
							],
							[
								113.9336026,
								-7.6973041
							],
							[
								113.9335536,
								-7.6973691
							],
							[
								113.9335014,
								-7.697428
							],
							[
								113.9334644,
								-7.6974881
							],
							[
								113.9334393,
								-7.6975358
							],
							[
								113.9334802,
								-7.6975668
							],
							[
								113.9339367,
								-7.6978484
							],
							[
								113.9341449,
								-7.6979897
							],
							[
								113.9341676,
								-7.6980218
							],
							[
								113.9341702,
								-7.6980634
							],
							[
								113.9341615,
								-7.6981084
							],
							[
								113.9341352,
								-7.6981717
							],
							[
								113.9340801,
								-7.6982393
							],
							[
								113.9338598,
								-7.6984387
							],
							[
								113.9336638,
								-7.6985669
							],
							[
								113.9334793,
								-7.6986744
							],
							[
								113.933356,
								-7.6987342
							],
							[
								113.9332554,
								-7.6987949
							],
							[
								113.9331758,
								-7.6988694
							],
							[
								113.9331059,
								-7.6989569
							],
							[
								113.9330753,
								-7.6989743
							],
							[
								113.9330429,
								-7.6989266
							],
							[
								113.9329388,
								-7.6989743
							],
							[
								113.9329537,
								-7.6990263
							],
							[
								113.9327167,
								-7.6991433
							],
							[
								113.9323397,
								-7.6993054
							],
							[
								113.932087,
								-7.6994172
							],
							[
								113.9320634,
								-7.6993851
							],
							[
								113.9320214,
								-7.699399
							],
							[
								113.9319164,
								-7.6994553
							],
							[
								113.9317739,
								-7.6995524
							],
							[
								113.9315955,
								-7.6996824
							],
							[
								113.9314354,
								-7.6997933
							],
							[
								113.9313654,
								-7.6998886
							],
							[
								113.9313296,
								-7.6999822
							],
							[
								113.9313095,
								-7.700075
							],
							[
								113.9313173,
								-7.7001304
							],
							[
								113.9313357,
								-7.7001773
							],
							[
								113.9313646,
								-7.7002085
							],
							[
								113.9314275,
								-7.7002232
							],
							[
								113.9315211,
								-7.700218
							],
							[
								113.9316103,
								-7.7002215
							],
							[
								113.9316497,
								-7.7002449
							],
							[
								113.9316593,
								-7.7002778
							],
							[
								113.9316576,
								-7.7003203
							],
							[
								113.9316436,
								-7.7003671
							],
							[
								113.9315876,
								-7.7004416
							],
							[
								113.9314739,
								-7.700556
							],
							[
								113.9312675,
								-7.7007033
							],
							[
								113.9310453,
								-7.700816
							],
							[
								113.9308494,
								-7.7008489
							],
							[
								113.9307218,
								-7.7008507
							],
							[
								113.9305154,
								-7.7007969
							],
							[
								113.9303719,
								-7.7006791
							],
							[
								113.9299871,
								-7.7002735
							],
							[
								113.9297842,
								-7.7001209
							],
							[
								113.9294973,
								-7.7000308
							],
							[
								113.929207,
								-7.7000204
							],
							[
								113.9289621,
								-7.7000065
							],
							[
								113.9287347,
								-7.699899
							],
							[
								113.9285773,
								-7.6996598
							],
							[
								113.9284618,
								-7.6993929
							],
							[
								113.9283184,
								-7.6992161
							],
							[
								113.9282309,
								-7.6991363
							],
							[
								113.9281365,
								-7.699067
							],
							[
								113.928014,
								-7.699015
							],
							[
								113.9279056,
								-7.6989907
							],
							[
								113.9276607,
								-7.699015
							],
							[
								113.9274613,
								-7.6989873
							],
							[
								113.9272427,
								-7.6988711
							],
							[
								113.9270608,
								-7.6987463
							],
							[
								113.9268928,
								-7.6986163
							],
							[
								113.9267844,
								-7.698521
							],
							[
								113.9266042,
								-7.6984343
							],
							[
								113.9265133,
								-7.6984066
							],
							[
								113.9264101,
								-7.6983945
							],
							[
								113.9262719,
								-7.698417
							],
							[
								113.9261634,
								-7.6984101
							],
							[
								113.9260113,
								-7.6983598
							],
							[
								113.925957,
								-7.6983165
							],
							[
								113.9258993,
								-7.6982263
							],
							[
								113.9258626,
								-7.6981362
							],
							[
								113.9257961,
								-7.6980148
							],
							[
								113.9257087,
								-7.697923
							],
							[
								113.925455,
								-7.6977739
							],
							[
								113.9251279,
								-7.697611
							],
							[
								113.9247956,
								-7.6974896
							],
							[
								113.9245997,
								-7.6974532
							],
							[
								113.9244213,
								-7.6974342
							],
							[
								113.9242446,
								-7.6973752
							],
							[
								113.9241187,
								-7.6973353
							],
							[
								113.9239403,
								-7.6972608
							],
							[
								113.9237583,
								-7.6971689
							],
							[
								113.9235974,
								-7.6971169
							],
							[
								113.9234225,
								-7.6971031
							],
							[
								113.9232091,
								-7.6971256
							],
							[
								113.9230429,
								-7.6971689
							],
							[
								113.9228628,
								-7.6972071
							],
							[
								113.9225881,
								-7.6972643
							],
							[
								113.922331,
								-7.6972972
							],
							[
								113.9222261,
								-7.6973249
							],
							[
								113.9221582,
								-7.6973668
							],
							[
								113.9221491,
								-7.6974158
							],
							[
								113.9221788,
								-7.6975451
							],
							[
								113.9223957,
								-7.6980443
							],
							[
								113.9226441,
								-7.6984811
							],
							[
								113.9227491,
								-7.6986805
							],
							[
								113.9227806,
								-7.6987775
							],
							[
								113.9227876,
								-7.6989301
							],
							[
								113.9227701,
								-7.6990878
							],
							[
								113.9227351,
								-7.6992109
							],
							[
								113.9226861,
								-7.6993322
							],
							[
								113.9226144,
								-7.699477
							],
							[
								113.922582,
								-7.6995676
							],
							[
								113.9225164,
								-7.6997101
							],
							[
								113.9224552,
								-7.6997985
							],
							[
								113.9223608,
								-7.6998904
							],
							[
								113.9222016,
								-7.6999441
							],
							[
								113.9220319,
								-7.6999926
							],
							[
								113.921787,
								-7.7000498
							],
							[
								113.9213952,
								-7.7002336
							],
							[
								113.9210261,
								-7.7003896
							],
							[
								113.9205679,
								-7.7005629
							],
							[
								113.9201827,
								-7.70065
							],
							[
								113.9199766,
								-7.7006739
							],
							[
								113.9197195,
								-7.7006964
							],
							[
								113.9195149,
								-7.7006825
							],
							[
								113.9191703,
								-7.7006167
							],
							[
								113.9189254,
								-7.7005335
							],
							[
								113.9185633,
								-7.7003792
							],
							[
								113.9183972,
								-7.7002683
							],
							[
								113.91828,
								-7.700166
							],
							[
								113.918133,
								-7.699977
							],
							[
								113.9179861,
								-7.6997924
							],
							[
								113.9179161,
								-7.699704
							],
							[
								113.917868,
								-7.6996217
							],
							[
								113.9177876,
								-7.699503
							],
							[
								113.9176704,
								-7.6993374
							],
							[
								113.9175217,
								-7.6991675
							],
							[
								113.9175479,
								-7.6991173
							],
							[
								113.9174246,
								-7.6990549
							],
							[
								113.9172654,
								-7.6990011
							],
							[
								113.9170191,
								-7.6989297
							],
							[
								113.9167737,
								-7.6988516
							],
							[
								113.9167127,
								-7.6988105
							],
							[
								113.9166515,
								-7.6987411
							],
							[
								113.916443,
								-7.6984927
							],
							[
								113.9161769,
								-7.6982253
							],
							[
								113.9159588,
								-7.6979715
							],
							[
								113.9157192,
								-7.6977479
							],
							[
								113.9153991,
								-7.697474
							],
							[
								113.9152102,
								-7.6973111
							],
							[
								113.9150842,
								-7.6972383
							],
							[
								113.9148673,
								-7.6971568
							],
							[
								113.9145875,
								-7.6970719
							],
							[
								113.9143881,
								-7.6970441
							],
							[
								113.9141904,
								-7.6970095
							],
							[
								113.9139193,
								-7.6969661
							],
							[
								113.9134785,
								-7.6968379
							],
							[
								113.9131217,
								-7.6967373
							],
							[
								113.9128593,
								-7.6967269
							],
							[
								113.9125443,
								-7.6967644
							],
							[
								113.912138,
								-7.6968651
							],
							[
								113.9118367,
								-7.6969556
							],
							[
								113.9116878,
								-7.6970362
							],
							[
								113.9115794,
								-7.6970664
							],
							[
								113.9114276,
								-7.6970731
							],
							[
								113.9112874,
								-7.6970327
							],
							[
								113.910683,
								-7.6969057
							],
							[
								113.9103635,
								-7.6969202
							],
							[
								113.9102435,
								-7.6969798
							],
							[
								113.9101304,
								-7.6970529
							],
							[
								113.9097716,
								-7.6973884
							],
							[
								113.9095955,
								-7.6975797
							],
							[
								113.9094096,
								-7.6977123
							],
							[
								113.9092751,
								-7.6977492
							],
							[
								113.9090614,
								-7.6977792
							],
							[
								113.9087892,
								-7.6977806
							],
							[
								113.9084411,
								-7.697791
							],
							[
								113.908177,
								-7.6978313
							],
							[
								113.90794,
								-7.6978883
							],
							[
								113.9077674,
								-7.697942
							],
							[
								113.9075722,
								-7.6980329
							],
							[
								113.9073825,
								-7.6981636
							],
							[
								113.9072189,
								-7.6983278
							],
							[
								113.9069515,
								-7.6985258
							],
							[
								113.9066423,
								-7.6986645
							],
							[
								113.9061627,
								-7.6987807
							],
							[
								113.9057462,
								-7.6988613
							],
							[
								113.9053603,
								-7.6990022
							],
							[
								113.9050861,
								-7.6991431
							],
							[
								113.9049202,
								-7.6992035
							],
							[
								113.904734,
								-7.6992471
							],
							[
								113.9045681,
								-7.6992035
							],
							[
								113.9043683,
								-7.6991397
							],
							[
								113.9039824,
								-7.6990122
							],
							[
								113.903654,
								-7.6989317
							],
							[
								113.9034407,
								-7.6988277
							],
							[
								113.9032748,
								-7.6986801
							],
							[
								113.9030819,
								-7.6984285
							],
							[
								113.9027433,
								-7.6981165
							],
							[
								113.9022118,
								-7.6978514
							],
							[
								113.9015212,
								-7.6975629
							],
							[
								113.9009659,
								-7.6973415
							],
							[
								113.9007521,
								-7.6973117
							],
							[
								113.900387,
								-7.6972609
							],
							[
								113.8999503,
								-7.6972643
							],
							[
								113.8996964,
								-7.6973448
							],
							[
								113.8995034,
								-7.6973683
							],
							[
								113.89928,
								-7.6973348
							],
							[
								113.8989617,
								-7.6972106
							],
							[
								113.8984911,
								-7.6969154
							],
							[
								113.8978919,
								-7.6966201
							],
							[
								113.8976109,
								-7.6964994
							],
							[
								113.8973841,
								-7.6964792
							],
							[
								113.8970523,
								-7.6965329
							],
							[
								113.8968644,
								-7.6965581
							],
							[
								113.896776,
								-7.6965543
							],
							[
								113.8965868,
								-7.6965463
							],
							[
								113.8963431,
								-7.6965178
							],
							[
								113.8960942,
								-7.6964709
							],
							[
								113.89593,
								-7.6964407
							],
							[
								113.8957472,
								-7.6964121
							],
							[
								113.8956423,
								-7.6963803
							],
							[
								113.8955678,
								-7.69634
							],
							[
								113.895193,
								-7.6960731
							],
							[
								113.8947316,
								-7.6957764
							],
							[
								113.8943473,
								-7.695513
							],
							[
								113.8941126,
								-7.6953686
							],
							[
								113.8938683,
								-7.6952278
							],
							[
								113.8931927,
								-7.6949191
							],
							[
								113.8930449,
								-7.6948391
							],
							[
								113.8926983,
								-7.6946514
							],
							[
								113.8925818,
								-7.6945652
							],
							[
								113.8924988,
								-7.6944562
							],
							[
								113.8924311,
								-7.6942515
							],
							[
								113.8923804,
								-7.6939261
							],
							[
								113.8922483,
								-7.6934832
							],
							[
								113.8920113,
								-7.6931544
							],
							[
								113.8916829,
								-7.6928357
							],
							[
								113.8912496,
								-7.6925941
							],
							[
								113.8905928,
								-7.6922955
							],
							[
								113.8900274,
								-7.6920708
							],
							[
								113.8896855,
								-7.6919802
							],
							[
								113.8894485,
								-7.6919299
							],
							[
								113.8891764,
								-7.6918199
							],
							[
								113.8888979,
								-7.6916641
							],
							[
								113.8886292,
								-7.6914725
							],
							[
								113.8884327,
								-7.691281
							],
							[
								113.8882426,
								-7.6910634
							],
							[
								113.8879461,
								-7.690703
							],
							[
								113.8878003,
								-7.6904741
							],
							[
								113.8876627,
								-7.690216
							],
							[
								113.8873728,
								-7.6898686
							],
							[
								113.8871664,
								-7.689604
							],
							[
								113.8869419,
								-7.6892842
							],
							[
								113.8867061,
								-7.6888475
							],
							[
								113.8865062,
								-7.6885074
							],
							[
								113.8864194,
								-7.6883832
							],
							[
								113.8862539,
								-7.6882679
							],
							[
								113.885864,
								-7.6881218
							],
							[
								113.8854152,
								-7.6879481
							],
							[
								113.8851564,
								-7.687841
							],
							[
								113.8849762,
								-7.6877793
							],
							[
								113.8846748,
								-7.6876997
							],
							[
								113.8844372,
								-7.6876786
							],
							[
								113.8843127,
								-7.6876624
							],
							[
								113.8841571,
								-7.6876056
							],
							[
								113.8841227,
								-7.6875617
							],
							[
								113.8841473,
								-7.6874806
							],
							[
								113.8835035,
								-7.6874026
							],
							[
								113.8830956,
								-7.6873491
							],
							[
								113.8828925,
								-7.6873215
							],
							[
								113.8826009,
								-7.687263
							],
							[
								113.8824076,
								-7.6872241
							],
							[
								113.8822732,
								-7.687203
							],
							[
								113.8821848,
								-7.6872224
							],
							[
								113.8820161,
								-7.6873085
							],
							[
								113.8817949,
								-7.6874335
							],
							[
								113.8815377,
								-7.6875763
							],
							[
								113.8812723,
								-7.6877208
							],
							[
								113.8810004,
								-7.6878101
							],
							[
								113.8808366,
								-7.6878377
							],
							[
								113.8806695,
								-7.6878491
							],
							[
								113.8802616,
								-7.6878507
							],
							[
								113.8801109,
								-7.6878669
							],
							[
								113.8799798,
								-7.6878994
							],
							[
								113.8796096,
								-7.6880049
							],
							[
								113.8792394,
								-7.6880829
							],
							[
								113.878748,
								-7.6881413
							],
							[
								113.8782672,
								-7.6881251
							],
							[
								113.878015,
								-7.6880956
							],
							[
								113.8777568,
								-7.688024
							],
							[
								113.8775241,
								-7.6879421
							],
							[
								113.8773109,
								-7.6878402
							],
							[
								113.8770778,
								-7.6877624
							],
							[
								113.8767601,
								-7.687679
							],
							[
								113.8765254,
								-7.6875924
							],
							[
								113.8763198,
								-7.6874708
							],
							[
								113.8761587,
								-7.6873278
							],
							[
								113.8759531,
								-7.6871439
							],
							[
								113.8758381,
								-7.6870268
							],
							[
								113.8757169,
								-7.6869599
							],
							[
								113.8756512,
								-7.6869425
							],
							[
								113.8755052,
								-7.6869037
							],
							[
								113.8753073,
								-7.6868808
							],
							[
								113.875114,
								-7.6868672
							],
							[
								113.8749145,
								-7.6868504
							],
							[
								113.8746967,
								-7.6867851
							],
							[
								113.8745218,
								-7.6866878
							],
							[
								113.874341,
								-7.6865553
							],
							[
								113.8741398,
								-7.6863715
							],
							[
								113.8738575,
								-7.686107
							],
							[
								113.8734417,
								-7.6857299
							],
							[
								113.8733528,
								-7.6856235
							],
							[
								113.8731947,
								-7.6854502
							],
							[
								113.8730076,
								-7.6851765
							],
							[
								113.8729263,
								-7.685029
							],
							[
								113.8727959,
								-7.6847265
							],
							[
								113.8727222,
								-7.6845881
							],
							[
								113.872624,
								-7.6844999
							],
							[
								113.8725089,
								-7.6844416
							],
							[
								113.8721208,
								-7.6843555
							],
							[
								113.8718554,
								-7.6843084
							],
							[
								113.8715302,
								-7.6842156
							],
							[
								113.8712632,
								-7.6841457
							],
							[
								113.8708347,
								-7.6839189
							],
							[
								113.8703765,
								-7.6836136
							],
							[
								113.8699224,
								-7.6832791
							],
							[
								113.8694561,
								-7.6829189
							],
							[
								113.8692535,
								-7.6827431
							],
							[
								113.8690902,
								-7.6825592
							],
							[
								113.8689402,
								-7.682362
							],
							[
								113.8687977,
								-7.6821972
							],
							[
								113.8686967,
								-7.6820898
							],
							[
								113.8686477,
								-7.6820133
							],
							[
								113.8685839,
								-7.681822
							],
							[
								113.8685008,
								-7.681644
							],
							[
								113.8684562,
								-7.6814233
							],
							[
								113.8684947,
								-7.6811831
							],
							[
								113.8685572,
								-7.6809436
							],
							[
								113.8686163,
								-7.6806987
							],
							[
								113.8686365,
								-7.6804803
							],
							[
								113.8686047,
								-7.6802845
							],
							[
								113.8685304,
								-7.6801521
							],
							[
								113.8684267,
								-7.6800728
							],
							[
								113.8681832,
								-7.6800486
							],
							[
								113.8680211,
								-7.6800676
							],
							[
								113.8678314,
								-7.6801345
							],
							[
								113.8676342,
								-7.6802395
							],
							[
								113.8675383,
								-7.680331
							],
							[
								113.8674578,
								-7.6804521
							],
							[
								113.867432,
								-7.6805446
							],
							[
								113.8673185,
								-7.6810159
							],
							[
								113.8672581,
								-7.6812551
							],
							[
								113.8672222,
								-7.6813719
							],
							[
								113.8672208,
								-7.6814986
							],
							[
								113.8672294,
								-7.6816125
							],
							[
								113.8672179,
								-7.6816823
							],
							[
								113.8671691,
								-7.6817449
							],
							[
								113.8669869,
								-7.6818709
							],
							[
								113.8668041,
								-7.6819685
							],
							[
								113.8664478,
								-7.6821863
							],
							[
								113.8660757,
								-7.6824326
							],
							[
								113.865784,
								-7.6826206
							],
							[
								113.8655427,
								-7.6827388
							],
							[
								113.8653817,
								-7.6828057
							],
							[
								113.865228,
								-7.6829168
							],
							[
								113.8650139,
								-7.6831403
							],
							[
								113.8648142,
								-7.6833368
							],
							[
								113.8646318,
								-7.6834678
							],
							[
								113.8644349,
								-7.6835746
							],
							[
								113.8642151,
								-7.6836572
							],
							[
								113.8639809,
								-7.6837412
							],
							[
								113.8636634,
								-7.6838892
							],
							[
								113.8632008,
								-7.6841199
							],
							[
								113.8628013,
								-7.6842765
							],
							[
								113.862422,
								-7.6844389
							],
							[
								113.8621174,
								-7.6845841
							],
							[
								113.8617267,
								-7.6847037
							],
							[
								113.8611951,
								-7.6847948
							],
							[
								113.8606663,
								-7.6848859
							],
							[
								113.8603186,
								-7.6849344
							],
							[
								113.8599393,
								-7.6849998
							],
							[
								113.8596549,
								-7.6850226
							],
							[
								113.8591405,
								-7.6850169
							],
							[
								113.858468,
								-7.684989
							],
							[
								113.8581565,
								-7.684989
							],
							[
								113.8578298,
								-7.6849752
							],
							[
								113.8575183,
								-7.6849422
							],
							[
								113.8572096,
								-7.6848981
							],
							[
								113.856837,
								-7.6848733
							],
							[
								113.8563712,
								-7.6848264
							],
							[
								113.8561057,
								-7.6848002
							],
							[
								113.8557414,
								-7.6847685
							],
							[
								113.8555217,
								-7.6847727
							],
							[
								113.8553757,
								-7.6847989
							],
							[
								113.8552283,
								-7.6848071
							],
							[
								113.8550476,
								-7.6847892
							],
							[
								113.8548265,
								-7.6847465
							],
							[
								113.8546471,
								-7.6847231
							],
							[
								113.8545373,
								-7.6847245
							],
							[
								113.8544066,
								-7.6847534
							],
							[
								113.8542495,
								-7.6847906
							],
							[
								113.8541452,
								-7.6847961
							],
							[
								113.8539575,
								-7.6847617
							],
							[
								113.853678,
								-7.6846928
							],
							[
								113.8534097,
								-7.6846184
							],
							[
								113.8531747,
								-7.6845371
							],
							[
								113.8529828,
								-7.6844833
							],
							[
								113.852784,
								-7.6844461
							],
							[
								113.8524572,
								-7.6844172
							],
							[
								113.8520665,
								-7.6843841
							],
							[
								113.8516953,
								-7.6843593
							],
							[
								113.8513393,
								-7.6843207
							],
							[
								113.8510626,
								-7.6842821
							],
							[
								113.8508666,
								-7.6842573
							],
							[
								113.8505899,
								-7.6842008
							],
							[
								113.8502784,
								-7.6841237
							],
							[
								113.8500296,
								-7.6840878
							],
							[
								113.849828,
								-7.684063
							],
							[
								113.8497417,
								-7.6840741
							],
							[
								113.849682,
								-7.6841099
							],
							[
								113.8496124,
								-7.6841609
							],
							[
								113.849504,
								-7.6842146
							],
							[
								113.8493872,
								-7.6842408
							],
							[
								113.8492203,
								-7.6842298
							],
							[
								113.848888,
								-7.6841705
							],
							[
								113.8487615,
								-7.684165
							],
							[
								113.8486684,
								-7.6841815
							],
							[
								113.8485516,
								-7.6842298
							],
							[
								113.8483958,
								-7.6843138
							],
							[
								113.8481344,
								-7.684431
							],
							[
								113.8479996,
								-7.6844613
							],
							[
								113.8477701,
								-7.684475
							],
							[
								113.8476228,
								-7.6844737
							],
							[
								113.8473266,
								-7.684453
							],
							[
								113.8470026,
								-7.6844186
							],
							[
								113.8468163,
								-7.6844227
							],
							[
								113.8466773,
								-7.6844461
							],
							[
								113.8463756,
								-7.684493
							],
							[
								113.8459418,
								-7.6845371
							],
							[
								113.8456998,
								-7.6845357
							],
							[
								113.8454843,
								-7.6845591
							],
							[
								113.8452799,
								-7.6846156
							],
							[
								113.8450908,
								-7.684701
							],
							[
								113.844917,
								-7.6847754
							],
							[
								113.8446528,
								-7.6848829
							],
							[
								113.844422,
								-7.6849546
							],
							[
								113.8441996,
								-7.6849766
							],
							[
								113.843681,
								-7.684989
							],
							[
								113.8432833,
								-7.6849801
							],
							[
								113.8430295,
								-7.6849739
							],
							[
								113.8427855,
								-7.6849594
							],
							[
								113.8424162,
								-7.684926
							],
							[
								113.8424048,
								-7.6849248
							],
							[
								113.8423919,
								-7.6849243
							],
							[
								113.8422314,
								-7.6848822
							],
							[
								113.8420507,
								-7.6848436
							],
							[
								113.8418373,
								-7.6848071
							],
							[
								113.8416982,
								-7.6847692
							],
							[
								113.8415912,
								-7.6847196
							],
							[
								113.8414758,
								-7.684639
							],
							[
								113.8413798,
								-7.6845811
							],
							[
								113.8412853,
								-7.6845646
							],
							[
								113.8411393,
								-7.6845687
							],
							[
								113.8409238,
								-7.6846046
							],
							[
								113.8407625,
								-7.6846624
							],
							[
								113.8406095,
								-7.684701
							],
							[
								113.8404024,
								-7.6847479
							],
							[
								113.8402341,
								-7.6847685
							],
							[
								113.8400186,
								-7.6847699
							],
							[
								113.8398316,
								-7.6847947
							],
							[
								113.8397092,
								-7.6848195
							],
							[
								113.8396119,
								-7.6848636
							],
							[
								113.8394993,
								-7.6849367
							],
							[
								113.8394133,
								-7.6849919
							],
							[
								113.8391374,
								-7.6851569
							],
							[
								113.8389398,
								-7.6852831
							],
							[
								113.8386492,
								-7.6854498
							],
							[
								113.8383227,
								-7.6855792
							],
							[
								113.8380909,
								-7.6856488
							],
							[
								113.8377709,
								-7.6857346
							],
							[
								113.8374443,
								-7.6858494
							],
							[
								113.8371444,
								-7.6859835
							],
							[
								113.8369448,
								-7.6860727
							],
							[
								113.8361546,
								-7.6864384
							],
							[
								113.8357497,
								-7.6866001
							],
							[
								113.8355407,
								-7.6866649
							],
							[
								113.8353546,
								-7.6867005
							],
							[
								113.8350836,
								-7.6867102
							],
							[
								113.8347309,
								-7.6867021
							],
							[
								113.8345775,
								-7.6867247
							],
							[
								113.8344746,
								-7.6867619
							],
							[
								113.8343603,
								-7.6868428
							],
							[
								113.834264,
								-7.6869448
							],
							[
								113.8341481,
								-7.6871033
							],
							[
								113.8340142,
								-7.6872538
							],
							[
								113.8338053,
								-7.6874447
							],
							[
								113.8335979,
								-7.6875725
							],
							[
								113.8333514,
								-7.687689
							],
							[
								113.833162,
								-7.6877359
							],
							[
								113.8330053,
								-7.6877473
							],
							[
								113.8327735,
								-7.687723
							],
							[
								113.8325367,
								-7.6877036
							],
							[
								113.8323767,
								-7.6877084
							],
							[
								113.8322037,
								-7.6877537
							],
							[
								113.8320747,
								-7.687812
							],
							[
								113.83202,
								-7.6878646
							],
							[
								113.831962,
								-7.6879576
							],
							[
								113.8318616,
								-7.6880822
							],
							[
								113.8317735,
								-7.6881671
							],
							[
								113.8316706,
								-7.6882343
							],
							[
								113.8315661,
								-7.688269
							],
							[
								113.831447,
								-7.6882909
							],
							[
								113.831287,
								-7.6883232
							],
							[
								113.8311964,
								-7.6883475
							],
							[
								113.8310951,
								-7.6883977
							],
							[
								113.8310176,
								-7.6884632
							],
							[
								113.8309598,
								-7.6885147
							],
							[
								113.8309428,
								-7.6885295
							],
							[
								113.8309323,
								-7.6885434
							],
							[
								113.8308527,
								-7.6886375
							],
							[
								113.8308078,
								-7.6887035
							],
							[
								113.8305817,
								-7.6891107
							],
							[
								113.83046,
								-7.689383
							],
							[
								113.8301956,
								-7.6898198
							],
							[
								113.8298364,
								-7.6903246
							],
							[
								113.8295784,
								-7.6906773
							],
							[
								113.829327,
								-7.6911206
							],
							[
								113.8291605,
								-7.6915025
							],
							[
								113.829007,
								-7.6919134
							],
							[
								113.8289042,
								-7.6922532
							],
							[
								113.8288095,
								-7.6925007
							],
							[
								113.828674,
								-7.6928324
							],
							[
								113.8284062,
								-7.6933113
							],
							[
								113.8281233,
								-7.6937805
							],
							[
								113.8277122,
								-7.6943127
							],
							[
								113.8273319,
								-7.6948355
							],
							[
								113.8269626,
								-7.6952191
							],
							[
								113.8265912,
								-7.6955481
							],
							[
								113.8262185,
								-7.6957899
							],
							[
								113.8256504,
								-7.695997
							],
							[
								113.8251214,
								-7.696107
							],
							[
								113.8246937,
								-7.6961928
							],
							[
								113.8242937,
								-7.6962753
							],
							[
								113.8239851,
								-7.6963449
							],
							[
								113.8234268,
								-7.6964322
							],
							[
								113.8228146,
								-7.6965358
							],
							[
								113.8222676,
								-7.6966118
							],
							[
								113.8219656,
								-7.6966458
							],
							[
								113.821613,
								-7.6966782
							],
							[
								113.8213028,
								-7.6967299
							],
							[
								113.8211787,
								-7.6967591
							],
							[
								113.8210807,
								-7.6967413
							],
							[
								113.8210171,
								-7.696696
							],
							[
								113.820906,
								-7.6965956
							],
							[
								113.8207885,
								-7.6965212
							],
							[
								113.8206318,
								-7.6965115
							],
							[
								113.8204652,
								-7.6965568
							],
							[
								113.8203346,
								-7.696628
							],
							[
								113.8202138,
								-7.6967639
							],
							[
								113.8200244,
								-7.6969419
							],
							[
								113.8198514,
								-7.6970713
							],
							[
								113.819613,
								-7.6972072
							],
							[
								113.8192636,
								-7.6974305
							],
							[
								113.8188881,
								-7.6976861
							],
							[
								113.8187118,
								-7.6978317
							],
							[
								113.8186073,
								-7.6980064
							],
							[
								113.8183788,
								-7.6984206
							],
							[
								113.8180359,
								-7.6988672
							],
							[
								113.8178302,
								-7.6991098
							],
							[
								113.8176212,
								-7.6991875
							],
							[
								113.8173176,
								-7.6992134
							],
							[
								113.8170825,
								-7.6992555
							],
							[
								113.8169062,
								-7.6993493
							],
							[
								113.816818,
								-7.699482
							],
							[
								113.8167886,
								-7.6996729
							],
							[
								113.8167527,
								-7.7002391
							],
							[
								113.8167429,
								-7.7006112
							],
							[
								113.8167102,
								-7.701226
							],
							[
								113.8164882,
								-7.7018667
							],
							[
								113.8158678,
								-7.7028569
							],
							[
								113.8149495,
								-7.7042055
							],
							[
								113.8143073,
								-7.7051206
							],
							[
								113.8136926,
								-7.7061601
							],
							[
								113.8133349,
								-7.7067692
							],
							[
								113.8130872,
								-7.7072328
							],
							[
								113.8128272,
								-7.7078571
							],
							[
								113.8128762,
								-7.7078874
							],
							[
								113.8128242,
								-7.7081056
							],
							[
								113.8126682,
								-7.7085571
							],
							[
								113.8124022,
								-7.7089995
							],
							[
								113.812026,
								-7.7095965
							],
							[
								113.8116071,
								-7.7103329
							],
							[
								113.8113227,
								-7.7108935
							],
							[
								113.8109038,
								-7.7115571
							],
							[
								113.8102035,
								-7.7123905
							],
							[
								113.8097478,
								-7.7129117
							],
							[
								113.8094573,
								-7.7132662
							],
							[
								113.8089344,
								-7.7139723
							],
							[
								113.8081944,
								-7.714842
							],
							[
								113.8078183,
								-7.7152359
							],
							[
								113.8073918,
								-7.7157148
							],
							[
								113.8067434,
								-7.7164905
							],
							[
								113.8068321,
								-7.7165617
							],
							[
								113.806777,
								-7.7167268
							],
							[
								113.8067189,
								-7.7168389
							],
							[
								113.8066562,
								-7.7169147
							],
							[
								113.8065767,
								-7.7170026
							],
							[
								113.806362,
								-7.7172782
							],
							[
								113.806143,
								-7.7175216
							],
							[
								113.8059077,
								-7.7177591
							],
							[
								113.8056621,
								-7.7179967
							],
							[
								113.805412,
								-7.7181917
							],
							[
								113.80523,
								-7.7183559
							],
							[
								113.805014,
								-7.7185465
							],
							[
								113.8047684,
								-7.7187738
							],
							[
								113.8045657,
								-7.7189512
							],
							[
								113.8044088,
								-7.7190685
							],
							[
								113.8041765,
								-7.7191785
							],
							[
								113.8039265,
								-7.7193178
							],
							[
								113.8037378,
								-7.7194483
							],
							[
								113.8035891,
								-7.719578
							],
							[
								113.8037319,
								-7.7197687
							],
							[
								113.8033035,
								-7.7201242
							],
							[
								113.8031378,
								-7.7202621
							],
							[
								113.802978,
								-7.72035
							],
							[
								113.8027945,
								-7.7204277
							],
							[
								113.8025178,
								-7.7205289
							],
							[
								113.8022145,
								-7.7206491
							],
							[
								113.8018949,
								-7.7208383
							],
							[
								113.8015752,
								-7.7210315
							],
							[
								113.8014129,
								-7.7211946
							],
							[
								113.8012804,
								-7.7214014
							],
							[
								113.8012321,
								-7.7214187
							],
							[
								113.8010792,
								-7.7211821
							],
							[
								113.8010551,
								-7.7211994
							],
							[
								113.8009505,
								-7.7210997
							],
							[
								113.8005951,
								-7.7205721
							],
							[
								113.800575,
								-7.7205761
							],
							[
								113.8002478,
								-7.7200857
							],
							[
								113.8002759,
								-7.7200459
							],
							[
								113.8001659,
								-7.7198585
							],
							[
								113.8001069,
								-7.7198173
							],
							[
								113.8000345,
								-7.7198173
							],
							[
								113.7998025,
								-7.7199356
							],
							[
								113.799718,
								-7.7200153
							],
							[
								113.7995879,
								-7.7200871
							],
							[
								113.7995692,
								-7.7201336
							],
							[
								113.7995826,
								-7.7201881
							],
							[
								113.7997207,
								-7.7204459
							],
							[
								113.8001941,
								-7.7201655
							],
							[
								113.8005052,
								-7.720616
							],
							[
								113.8002866,
								-7.7207755
							],
							[
								113.8002196,
								-7.7207941
							],
							[
								113.8001995,
								-7.7208286
							],
							[
								113.8002075,
								-7.7208526
							],
							[
								113.8002478,
								-7.7208751
							],
							[
								113.8003054,
								-7.7208565
							],
							[
								113.8005844,
								-7.7212725
							],
							[
								113.800689,
								-7.7213748
							],
							[
								113.8008097,
								-7.7215635
							],
							[
								113.8010846,
								-7.7213762
							],
							[
								113.8011248,
								-7.7213815
							],
							[
								113.801222,
								-7.7215247
							],
							[
								113.8011878,
								-7.7217033
							],
							[
								113.8010694,
								-7.7218291
							],
							[
								113.8008961,
								-7.721979
							],
							[
								113.80076,
								-7.7220524
							],
							[
								113.8005395,
								-7.7221433
							],
							[
								113.8004019,
								-7.7222576
							],
							[
								113.8003042,
								-7.7223617
							],
							[
								113.8002628,
								-7.7223969
							],
							[
								113.8001918,
								-7.7224482
							],
							[
								113.8001222,
								-7.722501
							],
							[
								113.8000394,
								-7.7225993
							],
							[
								113.7999876,
								-7.7227019
							],
							[
								113.7999343,
								-7.7228075
							],
							[
								113.7999313,
								-7.7229996
							],
							[
								113.7999402,
								-7.7231916
							],
							[
								113.7999417,
								-7.7233529
							],
							[
								113.7998973,
								-7.7235523
							],
							[
								113.799844,
								-7.7237165
							],
							[
								113.7997421,
								-7.7239381
							],
							[
								113.7995315,
								-7.7242265
							],
							[
								113.7993735,
								-7.7244489
							],
							[
								113.7992654,
								-7.7245835
							],
							[
								113.799034,
								-7.7247717
							],
							[
								113.7989058,
								-7.7249104
							],
							[
								113.7988885,
								-7.7249646
							],
							[
								113.7988802,
								-7.7250216
							],
							[
								113.7988774,
								-7.7250978
							],
							[
								113.7988767,
								-7.7251301
							],
							[
								113.7988656,
								-7.7251507
							],
							[
								113.7988358,
								-7.7251713
							],
							[
								113.7986764,
								-7.7252399
							],
							[
								113.7985725,
								-7.7253017
							],
							[
								113.7984741,
								-7.7253855
							],
							[
								113.798384,
								-7.7254706
							],
							[
								113.7982565,
								-7.725634
							],
							[
								113.7981332,
								-7.7257508
							],
							[
								113.7980057,
								-7.725851
							],
							[
								113.7977674,
								-7.7260309
							],
							[
								113.7972186,
								-7.7264374
							],
							[
								113.7968001,
								-7.7267464
							],
							[
								113.7964314,
								-7.7270361
							],
							[
								113.7961307,
								-7.7272709
							],
							[
								113.7957926,
								-7.727503
							],
							[
								113.7954822,
								-7.7276966
							],
							[
								113.7951413,
								-7.7279026
							],
							[
								113.795065,
								-7.7279479
							],
							[
								113.7950082,
								-7.7280221
							],
							[
								113.7949403,
								-7.7281058
							],
							[
								113.7947671,
								-7.7282363
							],
							[
								113.794634,
								-7.7282995
							],
							[
								113.794526,
								-7.728305
							],
							[
								113.7943181,
								-7.728272
							],
							[
								113.7941199,
								-7.7282514
							],
							[
								113.7939827,
								-7.7282706
							],
							[
								113.7938483,
								-7.7283489
							],
							[
								113.7937845,
								-7.7284203
							],
							[
								113.7937721,
								-7.7285398
							],
							[
								113.7938095,
								-7.7286922
							],
							[
								113.7938372,
								-7.7288117
							],
							[
								113.7938247,
								-7.7288831
							],
							[
								113.7937554,
								-7.7289669
							],
							[
								113.7934492,
								-7.729155
							],
							[
								113.793075,
								-7.7294118
							],
							[
								113.7927923,
								-7.7295876
							],
							[
								113.7925124,
								-7.7297029
							],
							[
								113.7921659,
								-7.7298279
							],
							[
								113.7918624,
								-7.7299611
							],
							[
								113.7917516,
								-7.729799
							],
							[
								113.7912693,
								-7.7300819
							],
							[
								113.7911196,
								-7.7301561
							],
							[
								113.7910121,
								-7.7302077
							],
							[
								113.790945,
								-7.7302625
							],
							[
								113.7907974,
								-7.7303813
							],
							[
								113.7908321,
								-7.7304877
							],
							[
								113.7907621,
								-7.7305268
							],
							[
								113.7903838,
								-7.7307644
							],
							[
								113.790029,
								-7.7309951
							],
							[
								113.7896077,
								-7.7312588
							],
							[
								113.7891601,
								-7.7314867
							],
							[
								113.7885684,
								-7.7317613
							],
							[
								113.7881651,
								-7.7319714
							],
							[
								113.7877868,
								-7.7321156
							],
							[
								113.7873807,
								-7.7322324
							],
							[
								113.7868804,
								-7.732393
							],
							[
								113.7864425,
								-7.7325386
							],
							[
								113.7861903,
								-7.7326278
							],
							[
								113.7859935,
								-7.7327185
							],
							[
								113.7857746,
								-7.7328228
							],
							[
								113.7854448,
								-7.7329492
							],
							[
								113.7851911,
								-7.7329931
							],
							[
								113.7849029,
								-7.7330165
							],
							[
								113.784519,
								-7.7329945
							],
							[
								113.7843929,
								-7.7330027
							],
							[
								113.7843042,
								-7.7330165
							],
							[
								113.7841296,
								-7.733048
							],
							[
								113.7839592,
								-7.7330577
							],
							[
								113.7838289,
								-7.7330549
							],
							[
								113.7837236,
								-7.7330494
							],
							[
								113.7836695,
								-7.7330309
							],
							[
								113.7836134,
								-7.7329519
							],
							[
								113.7835836,
								-7.7329183
							],
							[
								113.783568,
								-7.7329128
							],
							[
								113.7835493,
								-7.7329169
							],
							[
								113.7834256,
								-7.732967
							],
							[
								113.7831942,
								-7.7330577
							],
							[
								113.7831339,
								-7.7331002
							],
							[
								113.783082,
								-7.7331325
							],
							[
								113.7829489,
								-7.7331758
							],
							[
								113.7826191,
								-7.7332403
							],
							[
								113.7820731,
								-7.7333501
							],
							[
								113.7814578,
								-7.7334188
							],
							[
								113.7810005,
								-7.7334133
							],
							[
								113.7804406,
								-7.7334161
							],
							[
								113.7800193,
								-7.7333831
							],
							[
								113.7797532,
								-7.7333529
							],
							[
								113.7794484,
								-7.7333035
							],
							[
								113.7791352,
								-7.7332266
							],
							[
								113.7785531,
								-7.7331497
							],
							[
								113.7779822,
								-7.7330947
							],
							[
								113.7774583,
								-7.7330123
							],
							[
								113.7769844,
								-7.7328887
							],
							[
								113.7763746,
								-7.7326745
							],
							[
								113.7755764,
								-7.7323779
							],
							[
								113.7747893,
								-7.7320374
							],
							[
								113.7742017,
								-7.7317847
							],
							[
								113.773991,
								-7.7317517
							],
							[
								113.7738723,
								-7.731787
							],
							[
								113.7736672,
								-7.7320366
							],
							[
								113.7733092,
								-7.732691
							],
							[
								113.7730432,
								-7.7330343
							],
							[
								113.7728782,
								-7.7332801
							],
							[
								113.7727882,
								-7.7334023
							],
							[
								113.7727161,
								-7.7334298
							],
							[
								113.7726343,
								-7.7334174
							],
							[
								113.7722117,
								-7.7331373
							],
							[
								113.7721188,
								-7.7332032
							],
							[
								113.7719816,
								-7.7331812
							],
							[
								113.7717419,
								-7.7331469
							],
							[
								113.7715493,
								-7.7331524
							],
							[
								113.7714148,
								-7.7331799
							],
							[
								113.7712887,
								-7.7332266
							],
							[
								113.7712513,
								-7.7331675
							],
							[
								113.7711349,
								-7.7332568
							],
							[
								113.7711723,
								-7.7333172
							],
							[
								113.7709922,
								-7.7334449
							],
							[
								113.7702325,
								-7.7339264
							],
							[
								113.7690659,
								-7.734641
							],
							[
								113.7689107,
								-7.7347014
							],
							[
								113.7687416,
								-7.7347179
							],
							[
								113.7685227,
								-7.7347096
							],
							[
								113.7681928,
								-7.7346767
							],
							[
								113.7680404,
								-7.7346684
							],
							[
								113.7677826,
								-7.7346464
							],
							[
								113.7675803,
								-7.7346739
							],
							[
								113.7674639,
								-7.7347343
							],
							[
								113.7673586,
								-7.7348771
							],
							[
								113.7672865,
								-7.7350474
							],
							[
								113.7672477,
								-7.7352012
							],
							[
								113.7672297,
								-7.7353715
							],
							[
								113.7671964,
								-7.7356049
							],
							[
								113.7671479,
								-7.7357436
							],
							[
								113.7670426,
								-7.7359167
							],
							[
								113.7668846,
								-7.7360801
							],
							[
								113.7666615,
								-7.7362325
							],
							[
								113.7661377,
								-7.7365483
							],
							[
								113.7656859,
								-7.7367955
							],
							[
								113.7652272,
								-7.7369946
							],
							[
								113.7647283,
								-7.7372095
							],
							[
								113.7646777,
								-7.7372507
							],
							[
								113.7646673,
								-7.7372747
							],
							[
								113.7646847,
								-7.7373922
							],
							[
								113.7645842,
								-7.7374093
							],
							[
								113.7644643,
								-7.7374231
							],
							[
								113.7642689,
								-7.7374478
							],
							[
								113.7640368,
								-7.7374759
							],
							[
								113.763928,
								-7.7374732
							],
							[
								113.7637873,
								-7.7374533
							],
							[
								113.7636661,
								-7.7374347
							],
							[
								113.7635303,
								-7.7374121
							],
							[
								113.7634991,
								-7.7374128
							],
							[
								113.7634839,
								-7.7374189
							],
							[
								113.7634783,
								-7.7374375
							],
							[
								113.7635088,
								-7.7375528
							],
							[
								113.7635081,
								-7.737605
							],
							[
								113.7634984,
								-7.7376434
							],
							[
								113.7634769,
								-7.7376764
							],
							[
								113.7634437,
								-7.7376895
							],
							[
								113.7633896,
								-7.7376977
							],
							[
								113.7633155,
								-7.7377059
							],
							[
								113.7632289,
								-7.7377114
							],
							[
								113.7631208,
								-7.7377114
							],
							[
								113.7629115,
								-7.7377114
							],
							[
								113.7627729,
								-7.737721
							],
							[
								113.7626607,
								-7.7377416
							],
							[
								113.7625429,
								-7.7377883
							],
							[
								113.7623918,
								-7.7378501
							],
							[
								113.7621912,
								-7.7379225
							],
							[
								113.7619351,
								-7.737985
							],
							[
								113.7616722,
								-7.7380501
							],
							[
								113.7614442,
								-7.738086
							],
							[
								113.7613155,
								-7.7381006
							],
							[
								113.7610379,
								-7.7381033
							],
							[
								113.7606329,
								-7.7380753
							],
							[
								113.7603794,
								-7.7380182
							],
							[
								113.7601796,
								-7.7379159
							],
							[
								113.759878,
								-7.7378103
							],
							[
								113.7594733,
								-7.7377224
							],
							[
								113.7589911,
								-7.7376675
							],
							[
								113.7579378,
								-7.7375521
							],
							[
								113.7578888,
								-7.7375449
							],
							[
								113.7565188,
								-7.7373434
							],
							[
								113.7549112,
								-7.7369699
							],
							[
								113.7526939,
								-7.736113
							],
							[
								113.7506319,
								-7.7352122
							],
							[
								113.7486585,
								-7.7342455
							],
							[
								113.7472394,
								-7.7334655
							],
							[
								113.7453991,
								-7.7324328
							],
							[
								113.7442128,
								-7.7318286
							],
							[
								113.7409312,
								-7.730005
							],
							[
								113.7379711,
								-7.728478
							],
							[
								113.735776,
								-7.7274783
							],
							[
								113.7339218,
								-7.7265555
							],
							[
								113.7332483,
								-7.7261957
							],
							[
								113.7326302,
								-7.7257645
							],
							[
								113.7320995,
								-7.7253603
							],
							[
								113.7315953,
								-7.7248978
							],
							[
								113.7309998,
								-7.7242653
							],
							[
								113.7304795,
								-7.7238932
							],
							[
								113.7294924,
								-7.7234998
							],
							[
								113.7287682,
								-7.7232393
							],
							[
								113.7276632,
								-7.7228672
							],
							[
								113.7268048,
								-7.7225536
							],
							[
								113.7256676,
								-7.7221443
							],
							[
								113.7246054,
								-7.7215223
							],
							[
								113.7240368,
								-7.7209535
							],
							[
								113.723833,
								-7.7205336
							],
							[
								113.7237954,
								-7.7203077
							],
							[
								113.7238491,
								-7.7201083
							],
							[
								113.7240288,
								-7.7198133
							],
							[
								113.7244418,
								-7.7194545
							],
							[
								113.7247878,
								-7.7192179
							],
							[
								113.7248629,
								-7.7190983
							],
							[
								113.7248656,
								-7.7189681
							],
							[
								113.7247664,
								-7.7187794
							],
							[
								113.7246028,
								-7.7186518
							],
							[
								113.7243587,
								-7.7184339
							],
							[
								113.7234145,
								-7.7176365
							],
							[
								113.7228781,
								-7.7171687
							],
							[
								113.7222075,
								-7.716568
							],
							[
								113.7216496,
								-7.7158557
							],
							[
								113.7208664,
								-7.715053
							],
							[
								113.7196729,
								-7.713837
							],
							[
								113.7192839,
								-7.713437
							],
							[
								113.7190855,
								-7.7132642
							],
							[
								113.7188736,
								-7.7131127
							],
							[
								113.7184632,
								-7.7128708
							],
							[
								113.7178919,
								-7.712419
							],
							[
								113.717511,
								-7.7121904
							],
							[
								113.7172937,
								-7.7121266
							],
							[
								113.7170738,
								-7.7121718
							],
							[
								113.716532,
								-7.7126927
							],
							[
								113.7164301,
								-7.712722
							],
							[
								113.7163308,
								-7.7127087
							],
							[
								113.7162101,
								-7.7126529
							],
							[
								113.7156576,
								-7.7121957
							],
							[
								113.7150441,
								-7.7116444
							],
							[
								113.7146571,
								-7.7112309
							],
							[
								113.7143406,
								-7.7108774
							],
							[
								113.7141716,
								-7.7105557
							],
							[
								113.714118,
								-7.7104175
							],
							[
								113.7141073,
								-7.7102474
							],
							[
								113.714118,
								-7.7100002
							],
							[
								113.7140831,
								-7.7097477
							],
							[
								113.7139812,
								-7.7093543
							],
							[
								113.7138176,
								-7.7089557
							],
							[
								113.7135091,
								-7.7084161
							],
							[
								113.7134595,
								-7.708327
							],
							[
								113.7134166,
								-7.7082566
							],
							[
								113.7133911,
								-7.7082446
							],
							[
								113.7133509,
								-7.70825
							],
							[
								113.7132999,
								-7.7083177
							],
							[
								113.7130907,
								-7.7086234
							],
							[
								113.7129191,
								-7.7088095
							],
							[
								113.7127259,
								-7.7090221
							],
							[
								113.7124926,
								-7.7091603
							],
							[
								113.7121814,
								-7.7092268
							],
							[
								113.7117147,
								-7.7091364
							],
							[
								113.7114438,
								-7.7091072
							],
							[
								113.7113231,
								-7.7091072
							],
							[
								113.7110576,
								-7.7091098
							],
							[
								113.7107974,
								-7.7090992
							],
							[
								113.7105373,
								-7.7090846
							],
							[
								113.7103844,
								-7.7091072
							],
							[
								113.7102865,
								-7.709147
							],
							[
								113.7102154,
								-7.7092201
							],
							[
								113.7101403,
								-7.7093158
							],
							[
								113.7100705,
								-7.7093796
							],
							[
								113.7099203,
								-7.709466
							],
							[
								113.7097406,
								-7.7095537
							],
							[
								113.7096065,
								-7.7096095
							],
							[
								113.7093544,
								-7.7097211
							],
							[
								113.7088904,
								-7.7099604
							],
							[
								113.7083754,
								-7.7101889
							],
							[
								113.7079275,
								-7.7104308
							],
							[
								113.7075734,
								-7.7106209
							],
							[
								113.7073266,
								-7.7107737
							],
							[
								113.7070973,
								-7.7109425
							],
							[
								113.7067218,
								-7.7112309
							],
							[
								113.7063101,
								-7.7115206
							],
							[
								113.7059292,
								-7.7117465
							],
							[
								113.7055309,
								-7.7119605
							],
							[
								113.7052251,
								-7.7121279
							],
							[
								113.7049663,
								-7.7122901
							],
							[
								113.7047102,
								-7.7124642
							],
							[
								113.7043923,
								-7.7126608
							],
							[
								113.7041844,
								-7.7127765
							],
							[
								113.7040114,
								-7.7128708
							],
							[
								113.7038304,
								-7.7129705
							],
							[
								113.7036748,
								-7.7130954
							],
							[
								113.7035032,
								-7.713219
							],
							[
								113.7033154,
								-7.7133732
							],
							[
								113.7031558,
								-7.7135047
							],
							[
								113.702956,
								-7.7136549
							],
							[
								113.7028232,
								-7.7137692
							],
							[
								113.7027106,
								-7.7138888
							],
							[
								113.7024531,
								-7.7141387
							],
							[
								113.7022868,
								-7.7143247
							],
							[
								113.7020615,
								-7.7145985
							],
							[
								113.7018844,
								-7.7147845
							],
							[
								113.7016699,
								-7.7150397
							],
							[
								113.7014392,
								-7.7153055
							],
							[
								113.7012608,
								-7.7154862
							],
							[
								113.7010986,
								-7.7156364
							],
							[
								113.7008974,
								-7.7158291
							],
							[
								113.7007633,
								-7.715966
							],
							[
								113.7006439,
								-7.7160976
							],
							[
								113.7004521,
								-7.7162916
							],
							[
								113.7001853,
								-7.7166132
							],
							[
								113.6999747,
								-7.7168404
							],
							[
								113.6998165,
								-7.7170119
							],
							[
								113.6995751,
								-7.7172139
							],
							[
								113.6994597,
								-7.7173136
							],
							[
								113.6993913,
								-7.7174079
							],
							[
								113.6993377,
								-7.7175116
							],
							[
								113.6992519,
								-7.7176365
							],
							[
								113.6989515,
								-7.7179421
							],
							[
								113.69858,
								-7.7182863
							],
							[
								113.6982997,
								-7.7185375
							],
							[
								113.6980583,
								-7.7187276
							],
							[
								113.6977498,
								-7.7189801
							],
							[
								113.6974695,
								-7.7192326
							],
							[
								113.697385,
								-7.719295
							],
							[
								113.6973287,
								-7.7193641
							],
							[
								113.6972268,
								-7.7194851
							],
							[
								113.6971249,
								-7.7195675
							],
							[
								113.6970042,
								-7.7196299
							],
							[
								113.696807,
								-7.7196937
							],
							[
								113.6965522,
								-7.7197921
							],
							[
								113.6963296,
								-7.7199063
							],
							[
								113.6961096,
								-7.7200578
							],
							[
								113.6957717,
								-7.7203263
							],
							[
								113.6951816,
								-7.7208738
							],
							[
								113.694452,
								-7.7214851
							],
							[
								113.6935897,
								-7.7221044
							],
							[
								113.6929286,
								-7.7225483
							],
							[
								113.6923639,
								-7.7229363
							],
							[
								113.692022,
								-7.7231583
							],
							[
								113.6918382,
								-7.7232619
							],
							[
								113.6915982,
								-7.7233922
							],
							[
								113.6914359,
								-7.7234785
							],
							[
								113.6910094,
								-7.723751
							],
							[
								113.6905481,
								-7.7240354
							],
							[
								113.6900532,
								-7.7243065
							],
							[
								113.6896938,
								-7.7244845
							],
							[
								113.6893558,
								-7.7246533
							],
							[
								113.6889508,
								-7.7248447
							],
							[
								113.6883634,
								-7.7251317
							],
							[
								113.6877653,
								-7.7254241
							],
							[
								113.6874273,
								-7.7255317
							],
							[
								113.6872034,
								-7.7255982
							],
							[
								113.6871055,
								-7.7256128
							],
							[
								113.6870491,
								-7.7256022
							],
							[
								113.6869848,
								-7.7255543
							],
							[
								113.6867139,
								-7.7250972
							],
							[
								113.6866723,
								-7.7250573
							],
							[
								113.6866153,
								-7.7250467
							],
							[
								113.6865694,
								-7.7250742
							],
							[
								113.6865284,
								-7.7250977
							],
							[
								113.6864805,
								-7.7251251
							],
							[
								113.6859575,
								-7.725464
							],
							[
								113.6863759,
								-7.7260912
							],
							[
								113.6861828,
								-7.7262441
							],
							[
								113.6859146,
								-7.7264819
							],
							[
								113.685645,
								-7.7267012
							],
							[
								113.6854988,
								-7.7268142
							],
							[
								113.6853017,
								-7.7269603
							],
							[
								113.6851314,
								-7.7270693
							],
							[
								113.6849155,
								-7.7272208
							],
							[
								113.6846995,
								-7.727367
							],
							[
								113.6845815,
								-7.7274241
							],
							[
								113.6844876,
								-7.727452
							],
							[
								113.6843348,
								-7.7274972
							],
							[
								113.6842261,
								-7.7275205
							],
							[
								113.6841436,
								-7.7275444
							],
							[
								113.6841242,
								-7.7275517
							],
							[
								113.6840974,
								-7.727563
							],
							[
								113.6836816,
								-7.7277457
							],
							[
								113.6837956,
								-7.7280501
							],
							[
								113.6837125,
								-7.7281404
							],
							[
								113.6833504,
								-7.7283956
							],
							[
								113.6830446,
								-7.7286109
							],
							[
								113.6824009,
								-7.7289351
							],
							[
								113.6816713,
								-7.7292169
							],
							[
								113.6809471,
								-7.7294135
							],
							[
								113.6803785,
								-7.7295172
							],
							[
								113.679716,
								-7.7295783
							],
							[
								113.678965,
								-7.7296022
							],
							[
								113.6779833,
								-7.7296554
							],
							[
								113.6771391,
								-7.7297048
							],
							[
								113.6759698,
								-7.72978
							],
							[
								113.6752927,
								-7.7296237
							],
							[
								113.6749464,
								-7.7296008
							],
							[
								113.6747194,
								-7.7296503
							],
							[
								113.6744617,
								-7.7298333
							],
							[
								113.6743232,
								-7.7300011
							],
							[
								113.6742539,
								-7.7302451
							],
							[
								113.6742847,
								-7.730733
							],
							[
								113.6742847,
								-7.7308226
							],
							[
								113.6742616,
								-7.7309007
							],
							[
								113.6741847,
								-7.7310075
							],
							[
								113.6739077,
								-7.7312782
							],
							[
								113.6735422,
								-7.7315717
							],
							[
								113.6732267,
								-7.7318767
							],
							[
								113.672567,
								-7.7325838
							],
							[
								113.6720457,
								-7.7330584
							],
							[
								113.6720976,
								-7.7332834
							],
							[
								113.6719995,
								-7.7333749
							],
							[
								113.6717148,
								-7.7335998
							],
							[
								113.671359,
								-7.7338514
							],
							[
								113.6709454,
								-7.7341011
							],
							[
								113.6705049,
								-7.7343012
							],
							[
								113.6702279,
								-7.7344003
							],
							[
								113.6700567,
								-7.7344346
							],
							[
								113.6697739,
								-7.7344708
							],
							[
								113.6695585,
								-7.7345013
							],
							[
								113.6694084,
								-7.7345604
							],
							[
								113.6692392,
								-7.7346958
							],
							[
								113.669143,
								-7.7349588
							],
							[
								113.6691007,
								-7.7352218
							],
							[
								113.6691084,
								-7.7354753
							],
							[
								113.6691084,
								-7.7356945
							],
							[
								113.669066,
								-7.7357994
							],
							[
								113.668966,
								-7.7358966
							],
							[
								113.6686929,
								-7.7360758
							],
							[
								113.668137,
								-7.7364055
							],
							[
								113.6677407,
								-7.7366152
							],
							[
								113.6670777,
								-7.7368598
							],
							[
								113.6666673,
								-7.736924
							],
							[
								113.666475,
								-7.7369049
							],
							[
								113.6663365,
								-7.7368401
							],
							[
								113.6661749,
								-7.736638
							],
							[
								113.6660518,
								-7.7364894
							],
							[
								113.6659479,
								-7.7363864
							],
							[
								113.6657787,
								-7.7362797
							],
							[
								113.6655978,
								-7.7362073
							],
							[
								113.6640224,
								-7.7355649
							],
							[
								113.6632261,
								-7.7352123
							],
							[
								113.6630472,
								-7.7351685
							],
							[
								113.6629625,
								-7.7351818
							],
							[
								113.662851,
								-7.7352257
							],
							[
								113.6627606,
								-7.735321
							],
							[
								113.662649,
								-7.73538
							],
							[
								113.6623508,
								-7.7354239
							],
							[
								113.6621181,
								-7.7354258
							],
							[
								113.6617757,
								-7.7353858
							],
							[
								113.6614622,
								-7.7352981
							],
							[
								113.6610101,
								-7.7351189
							],
							[
								113.6604388,
								-7.7348616
							],
							[
								113.6597617,
								-7.7345871
							],
							[
								113.6589846,
								-7.7342974
							],
							[
								113.6584383,
								-7.7340801
							],
							[
								113.6579689,
								-7.7338666
							],
							[
								113.6575265,
								-7.7336207
							],
							[
								113.6571341,
								-7.7334149
							],
							[
								113.6566724,
								-7.7331823
							],
							[
								113.6563647,
								-7.733108
							],
							[
								113.6560184,
								-7.7330489
							],
							[
								113.655828,
								-7.7330051
							],
							[
								113.6556433,
								-7.7329307
							],
							[
								113.655399,
								-7.7327611
							],
							[
								113.6555472,
								-7.732357
							],
							[
								113.6553029,
								-7.732256
							],
							[
								113.6552067,
								-7.7324275
							],
							[
								113.6550676,
								-7.7323519
							],
							[
								113.6548196,
								-7.732217
							],
							[
								113.6544392,
								-7.7320101
							],
							[
								113.654468,
								-7.7319034
							],
							[
								113.6541256,
								-7.7316251
							],
							[
								113.6537294,
								-7.731282
							],
							[
								113.65306,
								-7.730733
							],
							[
								113.6524229,
								-7.7301259
							],
							[
								113.6519769,
								-7.7297557
							],
							[
								113.6518385,
								-7.7296046
							],
							[
								113.6518116,
								-7.7294807
							],
							[
								113.6518347,
								-7.7292806
							],
							[
								113.6518827,
								-7.7288993
							],
							[
								113.6518789,
								-7.7287545
							],
							[
								113.6518,
								-7.7286058
							],
							[
								113.6513287,
								-7.7281102
							],
							[
								113.6510941,
								-7.7277862
							],
							[
								113.6509094,
								-7.7273058
							],
							[
								113.6506132,
								-7.7263261
							],
							[
								113.6505593,
								-7.7260021
							],
							[
								113.6506055,
								-7.7257314
							],
							[
								113.6507632,
								-7.7253578
							],
							[
								113.6508132,
								-7.7250833
							],
							[
								113.650744,
								-7.7248736
							],
							[
								113.6506093,
								-7.7247402
							],
							[
								113.6501823,
								-7.7244962
							],
							[
								113.6498091,
								-7.7244124
							],
							[
								113.6494975,
								-7.7243819
							],
							[
								113.6492051,
								-7.7243857
							],
							[
								113.6489743,
								-7.7243361
							],
							[
								113.6481587,
								-7.7239854
							],
							[
								113.6476663,
								-7.7237872
							],
							[
								113.6473739,
								-7.7237376
							],
							[
								113.6471777,
								-7.7237833
							],
							[
								113.6469045,
								-7.7239473
							],
							[
								113.6464467,
								-7.7243514
							],
							[
								113.6454234,
								-7.7251596
							],
							[
								113.6443846,
								-7.7256018
							],
							[
								113.6437614,
								-7.7257161
							],
							[
								113.6426073,
								-7.7255255
							],
							[
								113.6415685,
								-7.7251367
							],
							[
								113.6406375,
								-7.7245572
							],
							[
								113.6392679,
								-7.7237414
							],
							[
								113.6381753,
								-7.7232839
							],
							[
								113.636144,
								-7.7225215
							],
							[
								113.6354439,
								-7.7223842
							],
							[
								113.6348052,
								-7.7223995
							],
							[
								113.6339204,
								-7.7225672
							],
							[
								113.6330201,
								-7.7226663
							],
							[
								113.6322892,
								-7.7226511
							],
							[
								113.6310812,
								-7.7226587
							],
							[
								113.6297962,
								-7.7225444
							],
							[
								113.6269443,
								-7.7224561
							],
							[
								113.625846,
								-7.7223676
							],
							[
								113.6250977,
								-7.7222717
							],
							[
								113.6244666,
								-7.7220927
							],
							[
								113.6238281,
								-7.7218493
							],
							[
								113.6233013,
								-7.7216371
							],
							[
								113.6227689,
								-7.7213807
							],
							[
								113.6224115,
								-7.7212221
							],
							[
								113.6222216,
								-7.7211262
							],
							[
								113.6220618,
								-7.7208685
							],
							[
								113.621748,
								-7.7207977
							],
							[
								113.6216669,
								-7.7208144
							],
							[
								113.6215254,
								-7.7208181
							],
							[
								113.6213951,
								-7.7208568
							],
							[
								113.6212611,
								-7.7208937
							],
							[
								113.6210433,
								-7.7209103
							],
							[
								113.6207212,
								-7.7208716
							],
							[
								113.6204923,
								-7.7207664
							],
							[
								113.6203117,
								-7.720641
							],
							[
								113.6201498,
								-7.7205119
							],
							[
								113.6199953,
								-7.7203588
							],
							[
								113.6198556,
								-7.7201817
							],
							[
								113.619716,
								-7.7200729
							],
							[
								113.6195038,
								-7.7199493
							],
							[
								113.6193065,
								-7.7198976
							],
							[
								113.6191315,
								-7.7199032
							],
							[
								113.6190012,
								-7.719953
							],
							[
								113.6187927,
								-7.7200544
							],
							[
								113.6184372,
								-7.7202075
							],
							[
								113.6181877,
								-7.7203293
							],
							[
								113.6179439,
								-7.7204934
							],
							[
								113.6178266,
								-7.720617
							],
							[
								113.6177633,
								-7.7207462
							],
							[
								113.6176944,
								-7.7208882
							],
							[
								113.6176125,
								-7.7210099
							],
							[
								113.6174394,
								-7.7211483
							],
							[
								113.6172495,
								-7.7212258
							],
							[
								113.6171043,
								-7.7212461
							],
							[
								113.6168865,
								-7.7212497
							],
							[
								113.6166985,
								-7.7212479
							],
							[
								113.6165364,
								-7.7212616
							],
							[
								113.616369,
								-7.721342
							],
							[
								113.6161829,
								-7.7214527
							],
							[
								113.6158962,
								-7.7215984
							],
							[
								113.6155388,
								-7.7217275
							],
							[
								113.61528,
								-7.7217828
							],
							[
								113.6149785,
								-7.7218142
							],
							[
								113.6147495,
								-7.7218437
							],
							[
								113.6146061,
								-7.7219046
							],
							[
								113.6144386,
								-7.7220171
							],
							[
								113.6140142,
								-7.7223307
							],
							[
								113.6135562,
								-7.7226959
							],
							[
								113.613009,
								-7.723039
							],
							[
								113.6126739,
								-7.7231977
							],
							[
								113.6123518,
								-7.7232512
							],
							[
								113.6117469,
								-7.7231663
							],
							[
								113.6113206,
								-7.7231257
							],
							[
								113.6111344,
								-7.7231442
							],
							[
								113.6109594,
								-7.723146
							],
							[
								113.6102316,
								-7.7229155
							],
							[
								113.6097401,
								-7.7227642
							],
							[
								113.6094181,
								-7.7221794
							],
							[
								113.6093238,
								-7.7219971
							],
							[
								113.6092034,
								-7.7217974
							],
							[
								113.6092268,
								-7.721668
							],
							[
								113.6092446,
								-7.721432
							],
							[
								113.609217,
								-7.7213291
							],
							[
								113.6091035,
								-7.7211723
							],
							[
								113.6088429,
								-7.7209214
							],
							[
								113.6086046,
								-7.720807
							],
							[
								113.6083403,
								-7.7207664
							],
							[
								113.6081429,
								-7.7208181
							],
							[
								113.6078377,
								-7.7209362
							],
							[
								113.6074989,
								-7.7211169
							],
							[
								113.6070149,
								-7.7212387
							],
							[
								113.60665,
								-7.7212165
							],
							[
								113.6058198,
								-7.7210026
							],
							[
								113.6050454,
								-7.7207664
							],
							[
								113.6044944,
								-7.7205008
							],
							[
								113.6037125,
								-7.7199031
							],
							[
								113.6033849,
								-7.7196597
							],
							[
								113.6030014,
								-7.7193977
							],
							[
								113.6025286,
								-7.719121
							],
							[
								113.6021377,
								-7.7188849
							],
							[
								113.6018249,
								-7.718789
							],
							[
								113.6013856,
								-7.7186967
							],
							[
								113.6009463,
								-7.718623
							],
							[
								113.600507,
								-7.718575
							],
							[
								113.6000267,
								-7.7184643
							],
							[
								113.599431,
								-7.7182282
							],
							[
								113.5988298,
								-7.7178464
							],
							[
								113.5984742,
								-7.7175826
							],
							[
								113.59802,
								-7.7172967
							],
							[
								113.5978432,
								-7.7171823
							],
							[
								113.5977799,
								-7.7170439
							],
							[
								113.597737,
								-7.7169148
							],
							[
								113.5977389,
								-7.7167488
							],
							[
								113.5978636,
								-7.7164518
							],
							[
								113.598303,
								-7.7157702
							],
							[
								113.5983523,
								-7.7156549
							],
							[
								113.5983644,
								-7.7155488
							],
							[
								113.5983216,
								-7.715476
							],
							[
								113.5982676,
								-7.7154501
							],
							[
								113.5982173,
								-7.7154566
							],
							[
								113.5981345,
								-7.7155101
							],
							[
								113.5971283,
								-7.7169831
							],
							[
								113.596917,
								-7.71702
							],
							[
								113.5968975,
								-7.7170402
							],
							[
								113.5967759,
								-7.7169582
							],
							[
								113.5966414,
								-7.7171078
							],
							[
								113.5965193,
								-7.7172042
							],
							[
								113.5963057,
								-7.717217
							],
							[
								113.59597,
								-7.7171717
							],
							[
								113.5955885,
								-7.7170668
							],
							[
								113.5952986,
								-7.7169376
							],
							[
								113.5949171,
								-7.7167612
							],
							[
								113.5943068,
								-7.7165743
							],
							[
								113.5939101,
								-7.716446
							],
							[
								113.5936125,
								-7.7164002
							],
							[
								113.5932921,
								-7.7163783
							],
							[
								113.5929183,
								-7.7164164
							],
							[
								113.592224,
								-7.7164617
							],
							[
								113.5915068,
								-7.7165442
							],
							[
								113.5909117,
								-7.7165943
							],
							[
								113.5907057,
								-7.7166034
							],
							[
								113.5906447,
								-7.7166663
							],
							[
								113.5906142,
								-7.7167989
							],
							[
								113.5906142,
								-7.7168952
							],
							[
								113.5906218,
								-7.7169557
							],
							[
								113.5906065,
								-7.7170535
							],
							[
								113.5905226,
								-7.717218
							],
							[
								113.5904921,
								-7.7173043
							],
							[
								113.5904921,
								-7.7175098
							],
							[
								113.5904921,
								-7.7176529
							],
							[
								113.5904921,
								-7.7178145
							],
							[
								113.5904311,
								-7.7180997
							],
							[
								113.5903166,
								-7.7186409
							],
							[
								113.5903014,
								-7.7187372
							],
							[
								113.5903319,
								-7.719287
							],
							[
								113.5903395,
								-7.7194553
							],
							[
								113.5904158,
								-7.7199469
							],
							[
								113.5904387,
								-7.7203551
							],
							[
								113.5904387,
								-7.7207862
							],
							[
								113.5904463,
								-7.7212873
							],
							[
								113.5904463,
								-7.7213465
							],
							[
								113.5904616,
								-7.7216922
							],
							[
								113.590515,
								-7.7220388
							],
							[
								113.5905836,
								-7.7222915
							],
							[
								113.5905913,
								-7.7223821
							],
							[
								113.5905074,
								-7.7228743
							],
							[
								113.5904921,
								-7.7229491
							],
							[
								113.5904921,
								-7.7229915
							],
							[
								113.5904692,
								-7.7231494
							],
							[
								113.5904692,
								-7.7233401
							],
							[
								113.5904768,
								-7.7235499
							],
							[
								113.5905455,
								-7.7237263
							],
							[
								113.5903471,
								-7.7241889
							],
							[
								113.5900419,
								-7.7248235
							],
							[
								113.5896529,
								-7.7253547
							],
							[
								113.5892943,
								-7.7257901
							],
							[
								113.5888442,
								-7.726173
							],
							[
								113.5882796,
								-7.7265297
							],
							[
								113.5876845,
								-7.7268315
							],
							[
								113.5869978,
								-7.7270866
							],
							[
								113.5862502,
								-7.7272073
							],
							[
								113.5854109,
								-7.7270871
							],
							[
								113.5845183,
								-7.7268749
							],
							[
								113.5835875,
								-7.7266145
							],
							[
								113.5829085,
								-7.7265249
							],
							[
								113.5818861,
								-7.7263308
							],
							[
								113.5809172,
								-7.7260347
							],
							[
								113.5804976,
								-7.7259527
							],
							[
								113.5800856,
								-7.7258268
							],
							[
								113.579666,
								-7.7258073
							],
							[
								113.5793074,
								-7.7259231
							],
							[
								113.5790099,
								-7.7261864
							],
							[
								113.5786742,
								-7.7265459
							],
							[
								113.5784453,
								-7.7269693
							],
							[
								113.5783003,
								-7.7274524
							],
							[
								113.5783003,
								-7.7280975
							],
							[
								113.5783232,
								-7.7289806
							],
							[
								113.5783843,
								-7.7300812
							],
							[
								113.5784224,
								-7.7307626
							],
							[
								113.5785063,
								-7.7316805
							],
							[
								113.5784529,
								-7.7324162
							],
							[
								113.5784515,
								-7.7324201
							],
							[
								113.5782317,
								-7.7330213
							],
							[
								113.5778502,
								-7.7337337
							],
							[
								113.5775221,
								-7.7341929
							],
							[
								113.5770338,
								-7.7346717
							],
							[
								113.5763777,
								-7.7352768
							],
							[
								113.5756835,
								-7.735827
							],
							[
								113.5750807,
								-7.736436
							],
							[
								113.5746153,
								-7.7369953
							],
							[
								113.5741194,
								-7.7375937
							],
							[
								113.5737074,
								-7.7382384
							],
							[
								113.5732497,
								-7.7388788
							],
							[
								113.5728453,
								-7.7399121
							],
							[
								113.5725325,
								-7.7414046
							]
						]
					],
					[
						[
							[
								114.4351445,
								-7.6797108
							],
							[
								114.4351531,
								-7.6798065
							],
							[
								114.4352948,
								-7.6799203
							],
							[
								114.4355326,
								-7.6799023
							],
							[
								114.4357588,
								-7.6796435
							],
							[
								114.4358413,
								-7.6794823
							],
							[
								114.4357589,
								-7.6794153
							],
							[
								114.4353912,
								-7.6795056
							],
							[
								114.4353352,
								-7.6796121
							],
							[
								114.4353774,
								-7.6796868
							],
							[
								114.4354291,
								-7.6798031
							],
							[
								114.4353498,
								-7.679786
							],
							[
								114.435229,
								-7.6796561
							],
							[
								114.4351445,
								-7.6797108
							]
						]
					]
				]
			}
		}
	]
}
